id,conversation_id,created_at,date,time,timezone,user_id,username,name,place,tweet,language,mentions,urls,photos,replies_count,retweets_count,likes_count,hashtags,cashtags,link,retweet,quote_url,video,thumbnail,near,geo,source,user_rt_id,user_rt,retweet_id,reply_to,retweet_date,translate,trans_src,trans_dest
958578955761614850,958578955761614850,2018-01-31 00:53:27 Eastern Standard Time,2018-01-31,00:53:27,-0500,60964420,adamscountyihcs,Adams County IHCS,,Did you know Adams County Health Department provides WIC services!  Just call 488-2031 or 659-3319 see if you qualify!  https://t.co/JDEyd2nRB9,en,[],[],['https://pbs.twimg.com/media/DU2OeVNX0AAZ_PR.jpg'],0,0,0,[],[],https://twitter.com/AdamsCountyIHCS/status/958578955761614850,False,,1,https://pbs.twimg.com/media/DU2OeVNX0AAZ_PR.jpg,,,,,,,[],,,,
917975517147680769,917975517147680769,2017-10-11 00:49:53 Eastern Daylight Time,2017-10-11,00:49:53,-0500,60964420,adamscountyihcs,Adams County IHCS,,"You can still purchase pumpkins, they are so nutritious and not just for pies!",en,[],[],[],0,0,0,[],[],https://twitter.com/AdamsCountyIHCS/status/917975517147680769,False,,0,,,,,,,,[],,,,
897307156185178112,897307156185178112,2017-08-15 00:01:11 Eastern Daylight Time,2017-08-15,00:01:11,-0500,60964420,adamscountyihcs,Adams County IHCS,,Updated information about the location of smoke on the WA Smoke Blog:  https://t.co/0ApeNqHG7u  https://t.co/4VpR1nSo2n,en,[],['http://wasmoke.blogspot.com/'],"['https://pbs.twimg.com/media/DHPgGhkVoAAVd1b.jpg', 'https://pbs.twimg.com/media/DHPgGZCVoAAPl3S.jpg']",0,0,0,[],[],https://twitter.com/AdamsCountyIHCS/status/897307156185178112,False,,1,https://pbs.twimg.com/media/DHPgGhkVoAAVd1b.jpg,,,,,,,[],,,,
889894627863654404,889894627863654404,2017-07-25 13:06:27 Eastern Daylight Time,2017-07-25,13:06:27,-0500,60964420,adamscountyihcs,Adams County IHCS,,Fruits and vegetable..such a variety this time of year!  https://t.co/3IayZHZ85o,en,[],[],['https://pbs.twimg.com/media/DFmKb_jUIAAKbXY.jpg'],0,0,0,[],[],https://twitter.com/AdamsCountyIHCS/status/889894627863654404,False,,1,https://pbs.twimg.com/media/DFmKb_jUIAAKbXY.jpg,,,,,,,[],,,,
814556555727077376,814556555727077376,2016-12-29 14:39:51 Eastern Standard Time,2016-12-29,14:39:51,-0500,60964420,adamscountyihcs,Adams County IHCS,,"“Cold weather leads to an increase in home fires.  Prepare your home for fire safety, go to  https://t.co/WIANke3020 for information”.",en,[],['http://www.redcross.org/prepare/disaster/home-fire'],[],0,0,0,[],[],https://twitter.com/AdamsCountyIHCS/status/814556555727077376,False,,0,,,,,,,,[],,,,
767817378591670272,767817378591670272,2016-08-22 16:15:03 Eastern Daylight Time,2016-08-22,16:15:03,-0500,60964420,adamscountyihcs,Adams County IHCS,,Two shots during pregnancy protect both mom and baby from flu and whooping cough! #VaxFor2 #NIAM16  https://t.co/tjgZSBJUxA,en,[],['http://parenthelp123.org/pregnancy/during-pregnancy/immunizations-during-pregnancy/'],[],0,0,1,"['vaxfor2', 'niam16']",[],https://twitter.com/AdamsCountyIHCS/status/767817378591670272,False,,0,,,,,,,,[],,,,
767817160995573761,767817160995573761,2016-08-22 16:14:11 Eastern Daylight Time,2016-08-22,16:14:11,-0500,60964420,adamscountyihcs,Adams County IHCS,,Stop by the health department today to check on you and your family members’ immunization status!,en,[],[],[],0,0,0,[],[],https://twitter.com/AdamsCountyIHCS/status/767817160995573761,False,,0,,,,,,,,[],,,,
767817092775092224,767817092775092224,2016-08-22 16:13:54 Eastern Daylight Time,2016-08-22,16:13:54,-0500,60964420,adamscountyihcs,Adams County IHCS,,I’m making sure my family is up todate on our vaccines.Make sure yours is too.#VaxWithMe #NIAM16 http://www.cdc.gov/vaccines/vac-gen/vaxwith,en,[],[],[],0,0,1,['vaxwithme'],[],https://twitter.com/AdamsCountyIHCS/status/767817092775092224,False,,0,,,,,,,,[],,,,
767816772384763904,767816772384763904,2016-08-22 16:12:38 Eastern Daylight Time,2016-08-22,16:12:38,-0500,60964420,adamscountyihcs,Adams County IHCS,,August is National Immunization Awareness Month (#NIAM16),en,[],[],[],0,0,0,['niam16'],[],https://twitter.com/AdamsCountyIHCS/status/767816772384763904,False,,0,,,,,,,,[],,,,
760988699471470593,760988699471470593,2016-08-03 20:00:19 Eastern Daylight Time,2016-08-03,20:00:19,-0500,60964420,adamscountyihcs,Adams County IHCS,,"Hiring Care &amp; Housing Coordinator.Qualifications: Bachelor’s in social science, 2 years experience. salary range $34,639.92– $39,567.60",en,[],[],[],0,0,0,[],[],https://twitter.com/AdamsCountyIHCS/status/760988699471470593,False,,0,,,,,,,,[],,,,
758738768538906624,758738768538906624,2016-07-28 14:59:53 Eastern Daylight Time,2016-07-28,14:59:53,-0500,60964420,adamscountyihcs,Adams County IHCS,,"IHCS is recruiting a Clinical Dir for their Mental Health Program.Send resume to 425 E. Main Street,Suite 600,Othello,WA.99344. 509-488-4074",en,[],[],[],0,0,0,[],[],https://twitter.com/AdamsCountyIHCS/status/758738768538906624,False,,0,,,,,,,,[],,,,
757609942425542657,757609942425542657,2016-07-25 12:14:20 Eastern Daylight Time,2016-07-25,12:14:20,-0500,60964420,adamscountyihcs,Adams County IHCS,,The 2016-2017 school your is coming!Check your kids’ immunization records and schedule a visit with your healthcare provider soon.,en,[],[],[],0,0,0,[],[],https://twitter.com/AdamsCountyIHCS/status/757609942425542657,False,,0,,,,,,,,[],,,,
735229994218094595,735229994218094595,2016-05-24 18:04:25 Eastern Daylight Time,2016-05-24,18:04:25,-0500,60964420,adamscountyihcs,Adams County IHCS,,"May, the perfect time to start a garden; your kids will have so much fun while learning and great exercise too!",en,[],[],[],0,0,0,[],[],https://twitter.com/AdamsCountyIHCS/status/735229994218094595,False,,0,,,,,,,,[],,,,
726141690155683840,726141690155683840,2016-04-29 16:10:44 Eastern Daylight Time,2016-04-29,16:10:44,-0500,60964420,adamscountyihcs,Adams County IHCS,, https://t.co/Hc8iz7W8ZD to find Washington State take back sites near your community.  https://t.co/Wd76yAtCbT,en,[],['http://www.TakeBackYourMeds.org'],['https://pbs.twimg.com/media/ChPGBOUUoAA48Lp.jpg'],0,1,22,[],[],https://twitter.com/AdamsCountyIHCS/status/726141690155683840,False,,1,https://pbs.twimg.com/media/ChPGBOUUoAA48Lp.jpg,,,,,,,[],,,,
718496517716180993,718496517716180993,2016-04-08 13:51:33 Eastern Daylight Time,2016-04-08,13:51:33,-0500,60964420,adamscountyihcs,Adams County IHCS,,Want a whole grain version of your kids’ favorite foods? Check out these recipes  https://t.co/F45nZB84BY. Kids can help! #NutrMSGs,en,[],['http://1.usa.gov/1fvvpjz'],[],0,0,0,['nutrmsgs'],[],https://twitter.com/AdamsCountyIHCS/status/718496517716180993,False,,0,,,,,,,,[],,,,
718496311020900352,718496311020900352,2016-04-08 13:50:44 Eastern Daylight Time,2016-04-08,13:50:44,-0500,60964420,adamscountyihcs,Adams County IHCS,,Hey parents; eat your fruits and vegetables and your kids will too!  https://t.co/n9Tg732oXN,en,[],[],['https://pbs.twimg.com/media/CficlQEVIAA_KL4.jpg'],0,0,0,[],[],https://twitter.com/AdamsCountyIHCS/status/718496311020900352,False,,1,https://pbs.twimg.com/media/CficlQEVIAA_KL4.jpg,,,,,,,[],,,,
709107252599230464,709107252599230464,2016-03-13 16:01:58 Eastern Daylight Time,2016-03-13,16:01:58,-0500,60964420,adamscountyihcs,Adams County IHCS,,Your health is your wealth  https://t.co/Hwme7dOb92,en,[],[],['https://pbs.twimg.com/media/CddBSRsUAAAL5dw.jpg'],0,0,0,[],[],https://twitter.com/AdamsCountyIHCS/status/709107252599230464,False,,1,https://pbs.twimg.com/media/CddBSRsUAAAL5dw.jpg,,,,,,,[],,,,
708117674199416832,708117343172321280,2016-03-10 21:29:44 Eastern Standard Time,2016-03-10,21:29:44,-0500,60964420,adamscountyihcs,Adams County IHCS,,@AdamsCountyIHCS more information @  https://t.co/Ipj3kAHpMi,en,[],['http://www.saferproducts.gov/'],[],0,0,0,[],[],https://twitter.com/AdamsCountyIHCS/status/708117674199416832,False,,0,,,,,,,,[],,,,
708117343172321280,708117343172321280,2016-03-10 21:28:25 Eastern Standard Time,2016-03-10,21:28:25,-0500,60964420,adamscountyihcs,Adams County IHCS,,"Hoverboards: Not safe, not ready for the future  https://t.co/ieMBvLrDHB",en,[],[],['https://pbs.twimg.com/media/CdO8-ArUAAIg5j4.jpg'],1,0,0,[],[],https://twitter.com/AdamsCountyIHCS/status/708117343172321280,False,,1,https://pbs.twimg.com/media/CdO8-ArUAAIg5j4.jpg,,,,,,,[],,,,
687321574844715008,687321574844715008,2016-01-13 12:13:27 Eastern Standard Time,2016-01-13,12:13:27,-0500,60964420,adamscountyihcs,Adams County IHCS,,"WA adults over 60 were among highest shingles vaccine rates in the country. Congrats, Washington",en,[],[],[],0,0,0,[],[],https://twitter.com/AdamsCountyIHCS/status/687321574844715008,False,,0,,,,,,,,[],,,,
