id,conversation_id,created_at,date,time,timezone,user_id,username,name,place,tweet,language,mentions,urls,photos,replies_count,retweets_count,likes_count,hashtags,cashtags,link,retweet,quote_url,video,thumbnail,near,geo,source,user_rt_id,user_rt,retweet_id,reply_to,retweet_date,translate,trans_src,trans_dest
1464229107290550277,1464229107290550277,2021-11-26 08:46:37 Eastern Standard Time,2021-11-26,08:46:37,-0500,1307941514,allencountyhd,Allen County Health,,"Hope you had a great, safe and healthy Thanksgiving. A reminder that our offices are closed today. We'll reopen Monday.  https://t.co/O9EkSgMTUU",en,[],[],['https://pbs.twimg.com/tweet_video_thumb/FFH8nA1XsAQj7mo.jpg'],0,0,0,[],[],https://twitter.com/AllenCountyHD/status/1464229107290550277,False,,1,https://pbs.twimg.com/tweet_video_thumb/FFH8nA1XsAQj7mo.jpg,,,,,,,[],,,,
1463554278119903234,1463554278119903234,2021-11-24 12:05:06 Eastern Standard Time,2021-11-24,12:05:06,-0500,1307941514,allencountyhd,Allen County Health,,"Our offices – including the COVID-19 vaccination site at the Coliseum and the testing site, 5750 Falls Drive – will be closed tomorrow (Thanksgiving) and Friday. Offices will reopen on Monday.   Enjoy a safe and healthy Turkey Day!",en,[],[],[],0,4,5,[],[],https://twitter.com/AllenCountyHD/status/1463554278119903234,False,,0,,,,,,,,[],,,,
1448705323246788609,1448705323246788609,2021-10-14 13:40:39 Eastern Daylight Time,2021-10-14,13:40:39,-0500,1307941514,allencountyhd,Allen County Health,,Looking for a comfortable and caring place to get your COVID-19 booster? Or finally ready to start the two-dose series? The Department is opening a site at the Memorial Coliseum Monday. Get the details and make an appointment here:  https://t.co/XwK3jfZkjF or call 211 to schedule.  https://t.co/asS83JI22K,en,[],['https://bit.ly/3DKZNrV'],['https://pbs.twimg.com/media/FBrVrl2XIAQSk-I.jpg'],0,3,3,[],[],https://twitter.com/AllenCountyHD/status/1448705323246788609,False,,1,https://pbs.twimg.com/media/FBrVrl2XIAQSk-I.jpg,,,,,,,[],,,,
1440702583815901204,1440702583815901204,2021-09-22 11:40:37 Eastern Daylight Time,2021-09-22,11:40:37,-0500,1307941514,allencountyhd,Allen County Health,,We are moving our COVID-19 test site! Our last day at the 1230 Ruston Pass location is Saturday 9/25. We'll re-open the following Tuesday 9/28 at 5750 Falls Dr. near Zesto in the Village at Coventry. Get the details here:  https://t.co/fa6xm7kHLy  https://t.co/GpdygIgXpy,en,[],['https://bit.ly/3EG1oAo'],['https://pbs.twimg.com/media/E_5nPrcUUAg3Wy3.jpg'],0,4,9,[],[],https://twitter.com/AllenCountyHD/status/1440702583815901204,False,,1,https://pbs.twimg.com/media/E_5nPrcUUAg3Wy3.jpg,,,,,,,[],,,,
1436414333165133826,1436414333165133826,2021-09-10 15:40:38 Eastern Daylight Time,2021-09-10,15:40:38,-0500,1307941514,allencountyhd,Allen County Health,,"Though summer is winding down, mosquitoes are still among us. State health officials just announced the first case of West Nile in Indiana this year. Be sure to keep protecting yourself and family from mosquito-borne diseases. Get more info here:  https://t.co/pFUOAuCW6T  https://t.co/jG8Z2KCg85",en,[],['https://bit.ly/3hmMRj4'],['https://pbs.twimg.com/media/E-8rGd2XIBAp6wD.jpg'],0,0,0,[],[],https://twitter.com/AllenCountyHD/status/1436414333165133826,False,,1,https://pbs.twimg.com/media/E-8rGd2XIBAp6wD.jpg,,,,,,,[],,,,
1432808075346563077,1432808075346563077,2021-08-31 16:50:40 Eastern Daylight Time,2021-08-31,16:50:40,-0500,1307941514,allencountyhd,Allen County Health,,Today is International Overdose Awareness Day. Our community like so many others is hurt too often by drug-related deaths. But there is help and hope for those seeking substance use treatment and resources. Get more information here:  https://t.co/3zsrFdRzQK #EndOverdose  https://t.co/duDQeykxRQ,en,[],['https://bit.ly/3t2sJHv'],['https://pbs.twimg.com/media/E-JbOdbXsAEC5Hx.jpg'],0,0,0,['endoverdose'],[],https://twitter.com/AllenCountyHD/status/1432808075346563077,False,,1,https://pbs.twimg.com/media/E-JbOdbXsAEC5Hx.jpg,,,,,,,[],,,,
1430931948285960192,1430931948285960192,2021-08-26 12:35:36 Eastern Daylight Time,2021-08-26,12:35:36,-0500,1307941514,allencountyhd,Allen County Health,,"Don't forget about this FREE opportunity to get your kids vaccinations up-to-date (and enjoy a free lunch, games and chance for prizes)! Thanks to MDwise and Super Shot for providing this resource for families in Allen County!  https://t.co/iitq63SINT  https://t.co/7dX49UArNY",en,[],['https://www.mdwise.org/backontrack'],['https://pbs.twimg.com/media/E9uw56kXMAE9x_d.jpg'],0,2,0,[],[],https://twitter.com/AllenCountyHD/status/1430931948285960192,False,,1,https://pbs.twimg.com/media/E9uw56kXMAE9x_d.jpg,,,,,,,[],,,,
1430163172724465664,1430163172724465664,2021-08-24 09:40:46 Eastern Daylight Time,2021-08-24,09:40:46,-0500,1307941514,allencountyhd,Allen County Health,,"Stay safe during a heat advisory. If you or your loved ones are vulnerable, be sure to access to an air conditioned environment, hydrate with plenty of water &amp; wear lightweight, loose-fitting clothes to stay safe during this hot weather. Learn more here:  https://t.co/61D8oKkbaA  https://t.co/qL925cT7rh",en,[],['https://bit.ly/3kkKuxV'],['https://pbs.twimg.com/media/E9j1sXVX0AQWsJ5.jpg'],0,2,1,[],[],https://twitter.com/AllenCountyHD/status/1430163172724465664,False,,1,https://pbs.twimg.com/media/E9j1sXVX0AQWsJ5.jpg,,,,,,,[],,,,
1429828627017895940,1429828627017895940,2021-08-23 11:31:24 Eastern Daylight Time,2021-08-23,11:31:24,-0500,1307941514,allencountyhd,Allen County Health,,Health Commissioner Dr. Sutter has issued a public health advisory as Allen County &amp; much of Indiana sees rapid spread of COVID-19. He's urging residents: Get vaccinated. Wear masks indoors. Universal masks in K-12 urged. Read the full advisory here:  https://t.co/9EZsG3Ftwa  https://t.co/1xmaY2eTRs,en,[],['https://bit.ly/3j8nym4'],['https://pbs.twimg.com/media/E9fFblaWQAEQ6Fl.jpg'],4,22,27,[],[],https://twitter.com/AllenCountyHD/status/1429828627017895940,False,,1,https://pbs.twimg.com/media/E9fFblaWQAEQ6Fl.jpg,,,,,,,[],,,,
1428790364647960579,1428790364647960579,2021-08-20 14:45:43 Eastern Daylight Time,2021-08-20,14:45:43,-0500,1307941514,allencountyhd,Allen County Health,,Mosquitoes are not just a nuisance. They cause more death &amp; disease than any other animal on earth.  But there are a few simple steps to protect yourself and family. Wear insect repellent outside and dump standing water around your home. Find out more:  https://t.co/sCa4iJB0jj  https://t.co/MNhqzgVgdX,en,[],['https://bit.ly/3j5tfS0'],['https://pbs.twimg.com/media/E9QVIcYX0AE-F1I.jpg'],0,1,2,[],[],https://twitter.com/AllenCountyHD/status/1428790364647960579,False,,1,https://pbs.twimg.com/media/E9QVIcYX0AE-F1I.jpg,,,,,,,[],,,,
1427710735237455878,1427710735237455878,2021-08-17 15:15:39 Eastern Daylight Time,2021-08-17,15:15:39,-0500,1307941514,allencountyhd,Allen County Health,,"Questions about COVID vaccines? Our experts put together FAQs you can check out here:  https://t.co/z3mGGmXqsP  And if you have questions about vaccines related to your own personal medical history, don't forget to talk to your family doctor for advice.  https://t.co/o52yS8YNQb",en,[],['https://bit.ly/3CZmid8'],['https://pbs.twimg.com/media/E9A_Oj-WQAo82q_.jpg'],0,1,3,[],[],https://twitter.com/AllenCountyHD/status/1427710735237455878,False,,1,https://pbs.twimg.com/media/E9A_Oj-WQAo82q_.jpg,,,,,,,[],,,,
1425569110046519301,1425569110046519301,2021-08-11 17:25:36 Eastern Daylight Time,2021-08-11,17:25:36,-0500,1307941514,allencountyhd,Allen County Health,,"Getting kids back to school can be hectic. So maybe trying to get them all caught up on shots landed last on your to-do list. Luckily, we have some great community organizations coming together Aug. 28 &amp; 29 to make it a fun, easy experience for the family.  https://t.co/igHtMr7g3n  https://t.co/29kL7rJSc2",en,[],['https://bit.ly/3jPEvke'],['https://pbs.twimg.com/media/E8ija6VWQAYwtml.jpg'],0,1,1,[],[],https://twitter.com/AllenCountyHD/status/1425569110046519301,False,,1,https://pbs.twimg.com/media/E8ija6VWQAYwtml.jpg,,,,,,,[],,,,
1423315268151939078,1423315268151939078,2021-08-05 12:09:38 Eastern Daylight Time,2021-08-05,12:09:38,-0500,1307941514,allencountyhd,Allen County Health,,"As a new school year approaches, don't forget your little scholars may need to catch up on important routine shots! Whether you visit us, your pediatrician, or Super Shot there are plenty of ways to #vax2protect. Visit our website for more information  https://t.co/ARIQ4nXKWi  https://t.co/kZXj1YwWkB",en,[],['https://bit.ly/3Ae8wB3'],['https://pbs.twimg.com/media/E8Chj4ZXsAIRadq.jpg'],0,1,0,['vax2protect'],[],https://twitter.com/AllenCountyHD/status/1423315268151939078,False,,1,https://pbs.twimg.com/media/E8Chj4ZXsAIRadq.jpg,,,,,,,[],,,,
1421172795166232578,1421172790795767810,2021-07-30 14:16:13 Eastern Daylight Time,2021-07-30,14:16:13,-0500,1307941514,allencountyhd,Allen County Health,,We need all our Allen County neighbors to get vaccinated if they are eligible and wear masks in public indoor settings for hopefully for just a little while during this high rate of spread so we can finally beat COVID-19 once and for all!,en,[],[],[],1,4,10,[],[],https://twitter.com/AllenCountyHD/status/1421172795166232578,False,,0,,,,,,,,[],,,,
1421172794256068610,1421172790795767810,2021-07-30 14:16:12 Eastern Daylight Time,2021-07-30,14:16:12,-0500,1307941514,allencountyhd,Allen County Health,,You've done the right things! This just adds a layer to keep this extra contagious variant from spreading to someone not yet able to get a shot (think kiddos under 12) or those vaccinated without the robust immunity most get (think our oldest friends or those battling cancer).,en,[],[],[],1,4,6,[],[],https://twitter.com/AllenCountyHD/status/1421172794256068610,False,,0,,,,,,,,[],,,,
1421172793303994371,1421172790795767810,2021-07-30 14:16:12 Eastern Daylight Time,2021-07-30,14:16:12,-0500,1307941514,allencountyhd,Allen County Health,,"Fully vaccinated are still very protected against severe symptoms, hospitalization &amp; death. Wearing a mask in crowded indoor settings is an extra precaution to prevent further spread while we work to get more folks vaccinated.",en,[],[],[],1,1,5,[],[],https://twitter.com/AllenCountyHD/status/1421172793303994371,False,,0,,,,,,,,[],,,,
1421172792377024512,1421172790795767810,2021-07-30 14:16:12 Eastern Daylight Time,2021-07-30,14:16:12,-0500,1307941514,allencountyhd,Allen County Health,,"All COVID vaccines are still very effective against the new delta variant. But some studies are showing even the fully vaccinated can still get and spread this highly contagious COVID variant to others, which is why the change was made to masking recommendations.",en,[],[],[],2,2,10,[],[],https://twitter.com/AllenCountyHD/status/1421172792377024512,False,,0,,,,,,,,[],,,,
1421172790795767810,1421172790795767810,2021-07-30 14:16:12 Eastern Daylight Time,2021-07-30,14:16:12,-0500,1307941514,allencountyhd,Allen County Health,,"🧵again...We know new masking recommendations have caused some confusion. We're blessed to have 3 safe, effective COVID vaccines &amp; are grateful to 50% of eligible Allen Co. residents who've taken the shot to protect themselves &amp; others.  https://t.co/iUmrIZWxqU",en,[],[],['https://pbs.twimg.com/media/E7kArRhUcAEwjjp.png'],4,11,22,[],[],https://twitter.com/AllenCountyHD/status/1421172790795767810,False,,1,https://pbs.twimg.com/media/E7kArRhUcAEwjjp.png,,,,,,,[],,,,
1420459329363202048,1420459324455854081,2021-07-28 15:01:09 Eastern Daylight Time,2021-07-28,15:01:09,-0500,1307941514,allencountyhd,Allen County Health,,And learn more about the @CDCgov update here: https://t.co/wVJiAkgPFH,en,"[{'screen_name': 'cdcgov', 'name': 'cdc', 'id': '146569971'}]",['https://www.cdc.gov/coronavirus/2019-ncov/vaccines/fully-vaccinated.html'],[],0,0,1,[],[],https://twitter.com/AllenCountyHD/status/1420459329363202048,False,,0,,,,,,,,[],,,,
1420459328193007617,1420459324455854081,2021-07-28 15:01:09 Eastern Daylight Time,2021-07-28,15:01:09,-0500,1307941514,allencountyhd,Allen County Health,,Encourage those you know who have not yet been vaccinated to get the shot to protect themselves and the community.💉 Visit  https://t.co/oVlAnHcksu for details on vaccinations.,en,[],['http://worthashot.org'],[],1,0,1,[],[],https://twitter.com/AllenCountyHD/status/1420459328193007617,False,,0,,,,,,,,[],,,,
