id,conversation_id,created_at,date,time,timezone,user_id,username,name,place,tweet,language,mentions,urls,photos,replies_count,retweets_count,likes_count,hashtags,cashtags,link,retweet,quote_url,video,thumbnail,near,geo,source,user_rt_id,user_rt,retweet_id,reply_to,retweet_date,translate,trans_src,trans_dest
1463630407824392194,1463630407824392194,2021-11-24 17:07:36 Eastern Standard Time,2021-11-24,17:07:36,-0500,4116084852,ancpublichealth,Anchorage Health Department,,#HappyThanksgiving #AnchorageAK  https://t.co/5xPkWVd7Tz,und,[],[],['https://pbs.twimg.com/media/FE_b7h9UcAIzHba.jpg'],0,0,2,"['happythanksgiving', 'anchorageak']",[],https://twitter.com/ancpublichealth/status/1463630407824392194,False,,1,https://pbs.twimg.com/media/FE_b7h9UcAIzHba.jpg,,,,,,,[],,,,
1463610198346461194,1463610198346461194,2021-11-24 15:47:18 Eastern Standard Time,2021-11-24,15:47:18,-0500,4116084852,ancpublichealth,Anchorage Health Department,,*Important message for the kids (and possibly some adults) #HappyThanksgiving2021  https://t.co/MeruYGWU4F,en,[],[],['https://pbs.twimg.com/media/FE_JUbqVUAEt5tk.jpg'],0,1,1,['happythanksgiving2021'],[],https://twitter.com/ancpublichealth/status/1463610198346461194,False,,1,https://pbs.twimg.com/media/FE_JUbqVUAEt5tk.jpg,,,,,,,[],,,,
1463605177949167616,1463605177949167616,2021-11-24 15:27:21 Eastern Standard Time,2021-11-24,15:27:21,-0500,4116084852,ancpublichealth,Anchorage Health Department,,The Anchorage Health Department wishes you and your family a very healthy and Happy Thanksgiving #HappyThanksgiving  https://t.co/ByItvbhmJk,en,[],[],['https://pbs.twimg.com/media/FE_EjjfVkAIVEDO.jpg'],0,1,4,['happythanksgiving'],[],https://twitter.com/ancpublichealth/status/1463605177949167616,False,,1,https://pbs.twimg.com/media/FE_EjjfVkAIVEDO.jpg,,,,,,,[],,,,
1463321874897596418,1463321874897596418,2021-11-23 20:41:36 Eastern Standard Time,2021-11-23,20:41:36,-0500,4116084852,ancpublichealth,Anchorage Health Department,,"As we prepare to give thanks for the many blessings we have as Americans, please remember proper food safety #HappyThanksgiving2021  https://t.co/tFKzGfWYHh",en,[],[],['https://pbs.twimg.com/media/FE7Cu1zVQAAWYXV.jpg'],0,0,2,['happythanksgiving2021'],[],https://twitter.com/ancpublichealth/status/1463321874897596418,False,,1,https://pbs.twimg.com/media/FE7Cu1zVQAAWYXV.jpg,,,,,,,[],,,,
