id,conversation_id,created_at,date,time,timezone,user_id,username,name,place,tweet,language,mentions,urls,photos,replies_count,retweets_count,likes_count,hashtags,cashtags,link,retweet,quote_url,video,thumbnail,near,geo,source,user_rt_id,user_rt,retweet_id,reply_to,retweet_date,translate,trans_src,trans_dest
1465493889293471744,1465493889293471744,2021-11-29 20:32:25 Eastern Standard Time,2021-11-29,20:32:25,-0500,918223942816534529,acchdus,ACCHDUS,, https://t.co/T9X14lylUY,und,[],[],['https://pbs.twimg.com/media/FFZ66EiX0AkN785.png'],0,0,0,[],[],https://twitter.com/acchdus/status/1465493889293471744,False,,1,https://pbs.twimg.com/media/FFZ66EiX0AkN785.png,,,,,,,[],,,,
1463315456870203398,1463315456870203398,2021-11-23 20:16:06 Eastern Standard Time,2021-11-23,20:16:06,-0500,918223942816534529,acchdus,ACCHDUS,, https://t.co/snjdBiYPfl,und,[],[],['https://pbs.twimg.com/media/FE69ggWXEAMc-Gj.png'],0,0,0,[],[],https://twitter.com/acchdus/status/1463315456870203398,False,,1,https://pbs.twimg.com/media/FE69ggWXEAMc-Gj.png,,,,,,,[],,,,
1462626625028296706,1462626625028296706,2021-11-21 22:38:56 Eastern Standard Time,2021-11-21,22:38:56,-0500,918223942816534529,acchdus,ACCHDUS,, https://t.co/7WDH4xFcai,und,[],[],['https://pbs.twimg.com/media/FExLJ-qXEAMYRZo.png'],0,0,0,[],[],https://twitter.com/acchdus/status/1462626625028296706,False,,1,https://pbs.twimg.com/media/FExLJ-qXEAMYRZo.png,,,,,,,[],,,,
1460940159181074433,1460940159181074433,2021-11-17 06:57:31 Eastern Standard Time,2021-11-17,06:57:31,-0500,918223942816534529,acchdus,ACCHDUS,, https://t.co/U25f1GVOKH,und,[],[],['https://pbs.twimg.com/media/FEZNVADXEAgU_Sx.png'],0,0,0,[],[],https://twitter.com/acchdus/status/1460940159181074433,False,,1,https://pbs.twimg.com/media/FEZNVADXEAgU_Sx.png,,,,,,,[],,,,
1459296539969572865,1459296539969572865,2021-11-12 18:06:22 Eastern Standard Time,2021-11-12,18:06:22,-0500,918223942816534529,acchdus,ACCHDUS,, https://t.co/S58KdSMsV8,und,[],[],['https://pbs.twimg.com/media/FEB2cUaWYAQulOc.png'],0,0,0,[],[],https://twitter.com/acchdus/status/1459296539969572865,False,,1,https://pbs.twimg.com/media/FEB2cUaWYAQulOc.png,,,,,,,[],,,,
1458889678648709121,1458889678648709121,2021-11-11 15:09:38 Eastern Standard Time,2021-11-11,15:09:38,-0500,918223942816534529,acchdus,ACCHDUS,, https://t.co/JMuGkauQBd,und,[],[],['https://pbs.twimg.com/media/FD8EbWbXoAAqzCl.png'],0,0,0,[],[],https://twitter.com/acchdus/status/1458889678648709121,False,,1,https://pbs.twimg.com/media/FD8EbWbXoAAqzCl.png,,,,,,,[],,,,
1458180336140132355,1458180336140132355,2021-11-09 16:10:58 Eastern Standard Time,2021-11-09,16:10:58,-0500,918223942816534529,acchdus,ACCHDUS,, https://t.co/XiLgeiyloj,und,[],[],['https://pbs.twimg.com/media/FDx_SPSWEAMs_E1.png'],0,0,0,[],[],https://twitter.com/acchdus/status/1458180336140132355,False,,1,https://pbs.twimg.com/media/FDx_SPSWEAMs_E1.png,,,,,,,[],,,,
1457856995755757569,1457856995755757569,2021-11-08 18:46:08 Eastern Standard Time,2021-11-08,18:46:08,-0500,918223942816534529,acchdus,ACCHDUS,, https://t.co/YEtdVEOJHk,und,[],[],['https://pbs.twimg.com/media/FDtZMedWYAAi3tR.png'],0,0,0,[],[],https://twitter.com/acchdus/status/1457856995755757569,False,,1,https://pbs.twimg.com/media/FDtZMedWYAAi3tR.png,,,,,,,[],,,,
1456285015990538246,1456285015990538246,2021-11-04 11:39:38 Eastern Daylight Time,2021-11-04,11:39:38,-0500,918223942816534529,acchdus,ACCHDUS,, https://t.co/Udzd7Rf0pF,und,[],[],['https://pbs.twimg.com/media/FDXDe_nXsAQWgPf.png'],0,0,0,[],[],https://twitter.com/acchdus/status/1456285015990538246,False,,1,https://pbs.twimg.com/media/FDXDe_nXsAQWgPf.png,,,,,,,[],,,,
1453549807130263558,1453549807130263558,2021-10-27 22:30:54 Eastern Daylight Time,2021-10-27,22:30:54,-0500,918223942816534529,acchdus,ACCHDUS,, https://t.co/0XiiCeOj1v,und,[],[],['https://pbs.twimg.com/media/FCwL1HJXsAEVgaf.png'],0,0,0,[],[],https://twitter.com/acchdus/status/1453549807130263558,False,,1,https://pbs.twimg.com/media/FCwL1HJXsAEVgaf.png,,,,,,,[],,,,
1452797682741825538,1452797682741825538,2021-10-25 20:42:13 Eastern Daylight Time,2021-10-25,20:42:13,-0500,918223942816534529,acchdus,ACCHDUS,, https://t.co/oza80xC3on,und,[],[],['https://pbs.twimg.com/media/FClfx0VXsAA3FJX.png'],0,0,0,[],[],https://twitter.com/acchdus/status/1452797682741825538,False,,1,https://pbs.twimg.com/media/FClfx0VXsAA3FJX.png,,,,,,,[],,,,
1450234651776258056,1450234651776258056,2021-10-18 18:57:39 Eastern Daylight Time,2021-10-18,18:57:39,-0500,918223942816534529,acchdus,ACCHDUS,, https://t.co/TAExnCXtuK,und,[],[],['https://pbs.twimg.com/media/FCBEsbdXIAEu4u8.png'],0,0,0,[],[],https://twitter.com/acchdus/status/1450234651776258056,False,,1,https://pbs.twimg.com/media/FCBEsbdXIAEu4u8.png,,,,,,,[],,,,
1448452754033332224,1448452754033332224,2021-10-13 20:57:02 Eastern Daylight Time,2021-10-13,20:57:02,-0500,918223942816534529,acchdus,ACCHDUS,, https://t.co/BLVCahdSLk,und,[],[],['https://pbs.twimg.com/media/FBnwFhaXIAMMjwB.png'],0,0,0,[],[],https://twitter.com/acchdus/status/1448452754033332224,False,,1,https://pbs.twimg.com/media/FBnwFhaXIAMMjwB.png,,,,,,,[],,,,
1447710811435282434,1447710811435282434,2021-10-11 19:48:49 Eastern Daylight Time,2021-10-11,19:48:49,-0500,918223942816534529,acchdus,ACCHDUS,, https://t.co/7k3FyQqGKa,und,[],[],['https://pbs.twimg.com/media/FBdNR_3XMAA686K.png'],0,0,0,[],[],https://twitter.com/acchdus/status/1447710811435282434,False,,1,https://pbs.twimg.com/media/FBdNR_3XMAA686K.png,,,,,,,[],,,,
1446201275629154313,1446201275629154313,2021-10-07 15:50:27 Eastern Daylight Time,2021-10-07,15:50:27,-0500,918223942816534529,acchdus,ACCHDUS,, https://t.co/O9tb2C88FC,und,[],[],['https://pbs.twimg.com/media/FBHwZFbXEAYssWV.png'],0,0,0,[],[],https://twitter.com/acchdus/status/1446201275629154313,False,,1,https://pbs.twimg.com/media/FBHwZFbXEAYssWV.png,,,,,,,[],,,,
1445586789075337227,1445586789075337227,2021-10-05 23:08:42 Eastern Daylight Time,2021-10-05,23:08:42,-0500,918223942816534529,acchdus,ACCHDUS,, https://t.co/SBqcdFjqoM,und,[],[],['https://pbs.twimg.com/media/FA_BgfWVcAwfz3r.png'],0,0,0,[],[],https://twitter.com/acchdus/status/1445586789075337227,False,,1,https://pbs.twimg.com/media/FA_BgfWVcAwfz3r.png,,,,,,,[],,,,
1445100472583528454,1445100472583528454,2021-10-04 14:56:15 Eastern Daylight Time,2021-10-04,14:56:15,-0500,918223942816534529,acchdus,ACCHDUS,, https://t.co/4NhUhCHho3,und,[],[],['https://pbs.twimg.com/media/FA4HJ1LXoAMY_Vi.png'],0,0,0,[],[],https://twitter.com/acchdus/status/1445100472583528454,False,,1,https://pbs.twimg.com/media/FA4HJ1LXoAMY_Vi.png,,,,,,,[],,,,
1442902315401240576,1442902315401240576,2021-09-28 13:21:34 Eastern Daylight Time,2021-09-28,13:21:34,-0500,918223942816534529,acchdus,ACCHDUS,, https://t.co/e7TQkbPa2M,und,[],[],['https://pbs.twimg.com/media/FAY3_EAVUAIV01R.png'],0,0,0,[],[],https://twitter.com/acchdus/status/1442902315401240576,False,,1,https://pbs.twimg.com/media/FAY3_EAVUAIV01R.png,,,,,,,[],,,,
1441578347511881728,1441578347511881728,2021-09-24 21:40:35 Eastern Daylight Time,2021-09-24,21:40:35,-0500,918223942816534529,acchdus,ACCHDUS,, https://t.co/MZ4qRl0bDe,und,[],[],['https://pbs.twimg.com/media/FAGD2siVEAMDDlq.png'],0,0,0,[],[],https://twitter.com/acchdus/status/1441578347511881728,False,,1,https://pbs.twimg.com/media/FAGD2siVEAMDDlq.png,,,,,,,[],,,,
1440815635638849536,1440815635638849536,2021-09-22 19:09:51 Eastern Daylight Time,2021-09-22,19:09:51,-0500,918223942816534529,acchdus,ACCHDUS,, https://t.co/xF763oTkxq,und,[],[],['https://pbs.twimg.com/media/E_7OLA_VQAUB5HV.png'],0,0,0,[],[],https://twitter.com/acchdus/status/1440815635638849536,False,,1,https://pbs.twimg.com/media/E_7OLA_VQAUB5HV.png,,,,,,,[],,,,
