id,conversation_id,created_at,date,time,timezone,user_id,username,name,place,tweet,language,mentions,urls,photos,replies_count,retweets_count,likes_count,hashtags,cashtags,link,retweet,quote_url,video,thumbnail,near,geo,source,user_rt_id,user_rt,retweet_id,reply_to,retweet_date,translate,trans_src,trans_dest
1464293337939259399,1464293337939259399,2021-11-26 13:01:51 Eastern Standard Time,2021-11-26,13:01:51,-0500,946029018,augustahealthva,Augusta Health,,In partnership with the Central Shenandoah Health District (CSHD) we continue to offer community vaccinations for #COVID19. Go to  https://t.co/JzXfTq4ICB to schedule an appointment. #wecandothis #ShenValley #vaxthevalley  https://t.co/tJ5RFwAVgc,en,[],['http://vaccinate.augustahealth.com'],['https://pbs.twimg.com/media/FFI3Bh7X0AgUIN7.jpg'],0,0,0,"['covid19', 'wecandothis', 'shenvalley', 'vaxthevalley']",[],https://twitter.com/AugustaHealthVA/status/1464293337939259399,False,,1,https://pbs.twimg.com/media/FFI3Bh7X0AgUIN7.jpg,,,,,,,[],,,,
1463508010593095680,1463508010593095680,2021-11-24 09:01:15 Eastern Standard Time,2021-11-24,09:01:15,-0500,946029018,augustahealthva,Augusta Health,,"Thank you to Amy Ghaemmaghami, Outpatient Behavioral Health Coordinator, for talking with @WHSV_StephanieP about mental health awareness during the holidays.  https://t.co/9iKfuF10Ws",en,"[{'screen_name': 'whsv_stephaniep', 'name': 'stephanie penn whsv', 'id': '1270085410463588354'}]",['https://www.whsv.com/2021/11/24/mental-health-awareness-during-holidays/'],[],0,1,1,[],[],https://twitter.com/AugustaHealthVA/status/1463508010593095680,False,,0,,,,,,,,[],,,,
1461713957354446853,1461713957354446853,2021-11-19 10:12:19 Eastern Standard Time,2021-11-19,10:12:19,-0500,946029018,augustahealthva,Augusta Health,,We are committed to ensuring our heart patients receive the best possible care. We’re proud to have recently earned a Chest Pain PCI Accreditation from @ACCinTouch.  https://t.co/ndLJIuhPR2,en,"[{'screen_name': 'accintouch', 'name': 'american college of cardiology', 'id': '32463503'}]",[],['https://pbs.twimg.com/media/FEkMti9X0AAfOXX.jpg'],0,0,2,[],[],https://twitter.com/AugustaHealthVA/status/1461713957354446853,False,,1,https://pbs.twimg.com/media/FEkMti9X0AAfOXX.jpg,,,,,,,[],,,,
1461375425968582668,1461375425968582668,2021-11-18 11:47:07 Eastern Standard Time,2021-11-18,11:47:07,-0500,946029018,augustahealthva,Augusta Health,,"Strong initial turnout as children get COVID vaccine in Staunton, Augusta County, Waynesboro.  https://t.co/LPBU6Ip5Qq via @YahooNews",en,"[{'screen_name': 'yahoonews', 'name': 'yahoo news', 'id': '7309052'}]",['https://news.yahoo.com/strong-initial-turnout-children-covid-125051776.html?soc_src=social-sh&soc_trk=tw&tsrc=twtr'],[],0,0,0,[],[],https://twitter.com/AugustaHealthVA/status/1461375425968582668,False,,0,,,,,,,,[],,,,
1460980860325400579,1460980860325400579,2021-11-17 09:39:15 Eastern Standard Time,2021-11-17,09:39:15,-0500,946029018,augustahealthva,Augusta Health,,Vaccine Clinic Update:  https://t.co/rMfs61JbgY,en,[],['https://www.augustahealth.com/health-focused/augusta-health-vaccine-clinic-update-november-15-2021'],[],0,0,0,[],[],https://twitter.com/AugustaHealthVA/status/1460980860325400579,False,,0,,,,,,,,[],,,,
1458795833202286596,1458795833202286596,2021-11-11 08:56:44 Eastern Standard Time,2021-11-11,08:56:44,-0500,946029018,augustahealthva,Augusta Health,,‘A’ in patient safety!  https://t.co/6JfqAiBygu,en,[],['https://www.whsv.com/2021/11/10/augusta-health-receives-patient-safety/'],[],0,0,1,[],[],https://twitter.com/AugustaHealthVA/status/1458795833202286596,False,,0,,,,,,,,[],,,,
1458454436020375572,1458454436020375572,2021-11-10 10:20:08 Eastern Standard Time,2021-11-10,10:20:08,-0500,946029018,augustahealthva,Augusta Health,,"Big news! Augusta Health has been nationally recognized by #Leapfrog for its continued commitment to patient safety. This is our third ""A"" safety grade in a row! We thank all of our wonderful team members for their dedication to patient and community wellness.  https://t.co/LEBPmwZjCw",en,[],[],['https://pbs.twimg.com/media/FD14kubWEAEyYuw.jpg'],0,1,2,['leapfrog'],[],https://twitter.com/AugustaHealthVA/status/1458454436020375572,False,,1,https://pbs.twimg.com/media/FD14kubWEAEyYuw.jpg,,,,,,,[],,,,
1458130405014614022,1457800922852036608,2021-11-09 12:52:33 Eastern Standard Time,2021-11-09,12:52:33,-0500,946029018,augustahealthva,Augusta Health,,@fmbankva @sentarahealth Thank you so much for your support!,en,[],[],[],0,0,0,[],[],https://twitter.com/AugustaHealthVA/status/1458130405014614022,False,,0,,,,,,,,"[{'screen_name': 'fmbankva', 'name': 'F&M Bank', 'id': '409482848'}, {'screen_name': 'sentarahealth', 'name': 'Sentara Healthcare', 'id': '19364907'}]",,,,
1458099940425613336,1458099940425613336,2021-11-09 10:51:30 Eastern Standard Time,2021-11-09,10:51:30,-0500,946029018,augustahealthva,Augusta Health,,Vaccine Clinic Update:   https://t.co/XIO3Svbs4g,en,[],['https://www.augustahealth.com/health-focused/augusta-health-vaccine-clinic-update-november-8-2021'],[],0,0,0,[],[],https://twitter.com/AugustaHealthVA/status/1458099940425613336,False,,0,,,,,,,,[],,,,
1458099703707541508,1458099703707541508,2021-11-09 10:50:34 Eastern Standard Time,2021-11-09,10:50:34,-0500,946029018,augustahealthva,Augusta Health,,Celebrating heart attack treatment surgery milestone!  https://t.co/8HX30Nbkv2,en,[],['https://www.whsv.com/2021/11/08/augusta-health-celebrates-heart-attack-treatment-surgery-milestone/'],[],0,0,0,[],[],https://twitter.com/AugustaHealthVA/status/1458099703707541508,False,,0,,,,,,,,[],,,,
1458099402376110090,1458099402376110090,2021-11-09 10:49:22 Eastern Standard Time,2021-11-09,10:49:22,-0500,946029018,augustahealthva,Augusta Health,, https://t.co/A2dZttDebo,und,[],['https://wsvaonline.com/podcasts/isaac-izzilo-ah-covid-vacines/'],[],0,0,0,[],[],https://twitter.com/AugustaHealthVA/status/1458099402376110090,False,,0,,,,,,,,[],,,,
1458078659340800006,1458078659340800006,2021-11-09 09:26:56 Eastern Standard Time,2021-11-09,09:26:56,-0500,946029018,augustahealthva,Augusta Health,,Thank you @VirginiaHHA!!!,en,"[{'screen_name': 'virginiahha', 'name': 'vhha', 'id': '2800124971'}]",[],[],0,1,1,[],[],https://twitter.com/AugustaHealthVA/status/1458078659340800006,False,https://twitter.com/VirginiaHHA/status/1458078374442815493,0,,,,,,,,[],,,,
1458078561965953024,1458078374442815493,2021-11-09 09:26:33 Eastern Standard Time,2021-11-09,09:26:33,-0500,946029018,augustahealthva,Augusta Health,,@VirginiaHHA Thank you so much!!!,en,[],[],[],0,1,1,[],[],https://twitter.com/AugustaHealthVA/status/1458078561965953024,False,,0,,,,,,,,"[{'screen_name': 'VirginiaHHA', 'name': 'VHHA', 'id': '2800124971'}]",,,,
1456620422150201347,1456620422150201347,2021-11-05 09:52:25 Eastern Daylight Time,2021-11-05,09:52:25,-0500,946029018,augustahealthva,Augusta Health,,Local hospital begins administering COVID-19 vaccines for kids 5-11  https://t.co/g69URS92la,en,[],['https://www.whsv.com/2021/11/04/local-hospital-begins-administering-covid-19-vaccines-kids-5-11/'],[],0,1,2,[],[],https://twitter.com/AugustaHealthVA/status/1456620422150201347,False,,0,,,,,,,,[],,,,
1456238519031042053,1456238519031042053,2021-11-04 08:34:53 Eastern Daylight Time,2021-11-04,08:34:53,-0500,946029018,augustahealthva,Augusta Health,,"""I am very proud of our team's commitment to the community, the safety of our patients, and each other."" - Mary N. Mannix, President and CEO of Augusta Health.  https://t.co/CAjoGq7aGH",en,[],['https://www.augustahealth.com/news/an-update-to-our-community-on-required-covid-19-vaccinations-for-our-team-0'],[],0,0,1,[],[],https://twitter.com/AugustaHealthVA/status/1456238519031042053,False,,0,,,,,,,,[],,,,
1455985790543142914,1455985790543142914,2021-11-03 15:50:38 Eastern Daylight Time,2021-11-03,15:50:38,-0500,946029018,augustahealthva,Augusta Health,,"Now that 5-11 year olds are approved to receive #Pfizer vaccines, we will be hosting first dose clinics on Thursday, November 4th and Friday, November 5th from 3-7 p.m. Schedule your child's vaccination by visiting  https://t.co/JzXfTq4ICB.  https://t.co/jnTefsuI7d",en,[],['http://vaccinate.augustahealth.com'],['https://pbs.twimg.com/media/FDSzWi0XEAM8vbC.jpg'],1,1,3,['pfizer'],[],https://twitter.com/AugustaHealthVA/status/1455985790543142914,False,,1,https://pbs.twimg.com/media/FDSzWi0XEAM8vbC.jpg,,,,,,,[],,,,
1455893696029806604,1455893696029806604,2021-11-03 09:44:40 Eastern Daylight Time,2021-11-03,09:44:40,-0500,946029018,augustahealthva,Augusta Health,,"Augusta Health will spend $10.6 million on employee compensation improvements, which go into effect Dec. 5.  https://t.co/52JJklVSrv",en,[],['https://www.beckershospitalreview.com/compensation-issues/augusta-health-to-invest-10-6m-in-employee-compensation.html?utm_source=twitter&utm_medium=social'],[],0,1,0,[],[],https://twitter.com/AugustaHealthVA/status/1455893696029806604,False,,0,,,,,,,,[],,,,
1455534965500825602,1455534965500825602,2021-11-02 09:59:12 Eastern Daylight Time,2021-11-02,09:59:12,-0500,946029018,augustahealthva,Augusta Health,,Vaccine Clinic Update:  https://t.co/0swtXC7Gxv,en,[],['https://www.augustahealth.com/health-focused/augusta-health-vaccine-clinic-update-november-1-2021'],[],0,0,0,[],[],https://twitter.com/AugustaHealthVA/status/1455534965500825602,False,,0,,,,,,,,[],,,,
1453010027204206601,1453010027204206601,2021-10-26 10:46:00 Eastern Daylight Time,2021-10-26,10:46:00,-0500,946029018,augustahealthva,Augusta Health,,Vaccine Clinic Update:  https://t.co/5AIAlBXNlB,en,[],['https://www.augustahealth.com/health-focused/augusta-health-vaccine-clinic-update-october-25-2021'],[],0,0,0,[],[],https://twitter.com/AugustaHealthVA/status/1453010027204206601,False,,0,,,,,,,,[],,,,
1452708537038147586,1452708537038147586,2021-10-25 14:47:59 Eastern Daylight Time,2021-10-25,14:47:59,-0500,946029018,augustahealthva,Augusta Health,,Metal Detecting enthusiasts raise money for Augusta Health Breast Imaging Center  https://t.co/QJLRXoT3eL,en,[],['https://www.whsv.com/2021/10/24/metal-detecting-enthusiasts-raise-money-augusta-health-breast-imaging-center/'],[],0,0,0,[],[],https://twitter.com/AugustaHealthVA/status/1452708537038147586,False,,0,,,,,,,,[],,,,
