id,conversation_id,created_at,date,time,timezone,user_id,username,name,place,tweet,language,mentions,urls,photos,replies_count,retweets_count,likes_count,hashtags,cashtags,link,retweet,quote_url,video,thumbnail,near,geo,source,user_rt_id,user_rt,retweet_id,reply_to,retweet_date,translate,trans_src,trans_dest
1465395418829889545,1465395418829889545,2021-11-29 14:01:08 Eastern Standard Time,2021-11-29,14:01:08,-0500,354067553,nchd52,North Central DPH,,Every voice and every action can help end the HIV epidemic. Take control of your health this World AIDS Day with an HIV self-test!    https://t.co/Z1cuDxijy4   #WAD2021 #StopHIVTogether  https://t.co/sucGec23Dj,en,[],['http://ow.ly/9sHY50GO7ke'],['https://pbs.twimg.com/media/FFYhXiGXMAIEd5o.jpg'],0,0,0,"['wad2021', 'stophivtogether']",[],https://twitter.com/NCHD52/status/1465395418829889545,False,,1,https://pbs.twimg.com/media/FFYhXiGXMAIEd5o.jpg,,,,,,,[],,,,
1465300771600322560,1465300771600322560,2021-11-29 07:45:02 Eastern Standard Time,2021-11-29,07:45:02,-0500,354067553,nchd52,North Central DPH,,Why say yes to COVID-19 vaccines? This is what your fellow Georgians are saying:  https://t.co/llV4w6mfyy,en,[],[],[],0,0,0,[],[],https://twitter.com/NCHD52/status/1465300771600322560,False,,1,https://pbs.twimg.com/ext_tw_video_thumb/1465299522758840321/pu/img/7QEFjuscQIR-PS3U.jpg,,,,,,,[],,,,
1465032937984991249,1465032937984991249,2021-11-28 14:00:46 Eastern Standard Time,2021-11-28,14:00:46,-0500,354067553,nchd52,North Central DPH,,"On Wednesday, Dec 1st is World AIDS Day and you are invited to our Annual World AIDS Day Candlelight Vigil at Tattnall Square Park, 115 College Street, Macon Georgia. Let's stop HIV together by uniting, supporting and remembering those who have transitioned from HIV/AIDS.  https://t.co/bJWoNq30QJ",en,[],[],['https://pbs.twimg.com/media/FFTXsYuXwA057zd.jpg'],0,0,0,[],[],https://twitter.com/NCHD52/status/1465032937984991249,False,,1,https://pbs.twimg.com/media/FFTXsYuXwA057zd.jpg,,,,,,,[],,,,
1464942305161400324,1464942305161400324,2021-11-28 08:00:37 Eastern Standard Time,2021-11-28,08:00:37,-0500,354067553,nchd52,North Central DPH,,Still holding on to those #Thanksgiving leftovers? Know when to toss: you can’t tell by looking or smelling whether harmful bacteria have started growing in your leftovers or refrigerated foods.  https://t.co/oskfxZiIHU,en,[],[],['https://pbs.twimg.com/media/FFSFQ0NX0AI2GDv.jpg'],0,0,1,['thanksgiving'],[],https://twitter.com/NCHD52/status/1464942305161400324,False,,1,https://pbs.twimg.com/media/FFSFQ0NX0AI2GDv.jpg,,,,,,,[],,,,
1464670540401160194,1464670540401160194,2021-11-27 14:00:43 Eastern Standard Time,2021-11-27,14:00:43,-0500,354067553,nchd52,North Central DPH,,"December 1 is World AIDS Day, a day to come together to end the HIV epidemic across the globe. We all have a role to play, so let’s stop HIV together.  #WorldAIDSDay #WAD2021 #StopHIVTogether   https://t.co/K9XZFjl2Jd  https://t.co/kxIrcDCicQ",en,[],['http://ow.ly/QVrh50GO7cy'],['https://pbs.twimg.com/media/FFOOGDXWYAM8x_T.jpg'],0,0,0,"['worldaidsday', 'wad2021', 'stophivtogether']",[],https://twitter.com/NCHD52/status/1464670540401160194,False,,1,https://pbs.twimg.com/media/FFOOGDXWYAM8x_T.jpg,,,,,,,[],,,,
1464202507970912257,1464202507970912257,2021-11-26 07:00:56 Eastern Standard Time,2021-11-26,07:00:56,-0500,354067553,nchd52,North Central DPH,,"All North Central Health District locations and offices will be closed today, Nov. 26 for the #Thanksgiving holiday. All services will resume Monday, Nov. 29.  https://t.co/vqT9YmjZXP",en,[],['http://ow.ly/sstX30s1sCJ'],[],0,0,0,['thanksgiving'],[],https://twitter.com/NCHD52/status/1464202507970912257,False,,0,,,,,,,,[],,,,
1463975925922603009,1463975925922603009,2021-11-25 16:00:34 Eastern Standard Time,2021-11-25,16:00:34,-0500,354067553,nchd52,North Central DPH,,Thank you for following us through #TheStoryOfYourDinner this #Thanksgiving! Food safety is important on the holidays and every day of the year. Take these tips and keep your family safe from foodborne illness! Happy Thanksgiving!  https://t.co/15FGE4MyLl,en,[],[],['https://pbs.twimg.com/media/FFEWWMsX0AUP5D8.jpg'],0,0,0,"['thestoryofyourdinner', 'thanksgiving']",[],https://twitter.com/NCHD52/status/1463975925922603009,False,,1,https://pbs.twimg.com/media/FFEWWMsX0AUP5D8.jpg,,,,,,,[],,,,
1463960878982778903,1463960878982778903,2021-11-25 15:00:47 Eastern Standard Time,2021-11-25,15:00:47,-0500,354067553,nchd52,North Central DPH,,"Refrigerate or freeze perishables, prepared foods and leftovers within two hours of purchase or use. If the temperature is 90˚F or above, cut this time down to one hour. Separate large amounts of leftovers into shallow containers for quicker cooling. #TheStoryOfYourDinner  https://t.co/qAT9m5KbH4",en,[],[],['https://pbs.twimg.com/media/FFEIqXXWUAArDOc.jpg'],0,0,0,['thestoryofyourdinner'],[],https://twitter.com/NCHD52/status/1463960878982778903,False,,1,https://pbs.twimg.com/media/FFEIqXXWUAArDOc.jpg,,,,,,,[],,,,
1463945808106115076,1463945808106115076,2021-11-25 14:00:54 Eastern Standard Time,2021-11-25,14:00:54,-0500,354067553,nchd52,North Central DPH,,Food is cooked safely when it reaches a high enough internal temperature to kill the harmful bacteria that cause illness. Use a food thermometer to measure the internal temperature of cooked foods. #TheStoryOfYourDinner  https://t.co/sz9BRgsFkU,en,[],[],['https://pbs.twimg.com/media/FFD69AaXIAoT6dN.jpg'],0,0,0,['thestoryofyourdinner'],[],https://twitter.com/NCHD52/status/1463945808106115076,False,,1,https://pbs.twimg.com/media/FFD69AaXIAoT6dN.jpg,,,,,,,[],,,,
1463930774902693890,1463930774902693890,2021-11-25 13:01:09 Eastern Standard Time,2021-11-25,13:01:09,-0500,354067553,nchd52,North Central DPH,,Always follow the cooking instructions when preparing packaged foods. Instructions include information like cook temperature and cook time to ensure that the food reaches the proper internal temperature. #TheStoryOfYourDinner  https://t.co/8kr0T82fQ1,en,[],[],['https://pbs.twimg.com/media/FFDtSC_XoAIQFDJ.jpg'],0,0,0,['thestoryofyourdinner'],[],https://twitter.com/NCHD52/status/1463930774902693890,False,,1,https://pbs.twimg.com/media/FFDtSC_XoAIQFDJ.jpg,,,,,,,[],,,,
1463915765011206145,1463915765011206145,2021-11-25 12:01:31 Eastern Standard Time,2021-11-25,12:01:31,-0500,354067553,nchd52,North Central DPH,,"Use one cutting board for fresh produce and a separate one for raw meat, poultry and seafood. Never place cooked food back on a plate that previously held raw meat, poultry, seafood or eggs. Wash plates with hot water and soap before using with other foods. #TheStoryOfYourDinner  https://t.co/fM9J9SPkju",en,[],[],['https://pbs.twimg.com/media/FFDfoWyXEAAxHBO.jpg'],0,0,0,['thestoryofyourdinner'],[],https://twitter.com/NCHD52/status/1463915765011206145,False,,1,https://pbs.twimg.com/media/FFDfoWyXEAAxHBO.jpg,,,,,,,[],,,,
1463900746705952772,1463900746705952772,2021-11-25 11:01:50 Eastern Standard Time,2021-11-25,11:01:50,-0500,354067553,nchd52,North Central DPH,,"Rinse fresh fruits and veggies under running water just before eating, even if you plan to cut or peel them, because bacteria can spread from the outside to the inside during cutting or peeling. #TheStoryOfYourDinner  https://t.co/LusOCvUw7N",en,[],[],['https://pbs.twimg.com/media/FFDR-LlWUAg_Muz.jpg'],0,1,2,['thestoryofyourdinner'],[],https://twitter.com/NCHD52/status/1463900746705952772,False,,1,https://pbs.twimg.com/media/FFDR-LlWUAg_Muz.jpg,,,,,,,[],,,,
1463885694003298307,1463885694003298307,2021-11-25 10:02:01 Eastern Standard Time,2021-11-25,10:02:01,-0500,354067553,nchd52,North Central DPH,,"Don't rinse meat or poultry in the sink. Doing so can lead to contamination of surfaces, kitchen tools and other foods nearby. #TheStoryOfYourDinner  https://t.co/7vTjLGdQY6",en,[],[],['https://pbs.twimg.com/media/FFDESBkWYAIsdbw.jpg'],0,0,0,['thestoryofyourdinner'],[],https://twitter.com/NCHD52/status/1463885694003298307,False,,1,https://pbs.twimg.com/media/FFDESBkWYAIsdbw.jpg,,,,,,,[],,,,
1463870596685701120,1463870596685701120,2021-11-25 09:02:02 Eastern Standard Time,2021-11-25,09:02:02,-0500,354067553,nchd52,North Central DPH,,"Bacteria can survive in many places around your kitchen. Keep countertops and other kitchen surfaces clean to prevent cross-contamination. Keep your fridge clean, too: Wipe spills immediately and clean the inside with hot water and liquid soap. #TheStoryOfYourDinner  https://t.co/6FtUByocPR",en,[],[],['https://pbs.twimg.com/media/FFC2jOOXIAU1C-p.jpg'],0,0,0,['thestoryofyourdinner'],[],https://twitter.com/NCHD52/status/1463870596685701120,False,,1,https://pbs.twimg.com/media/FFC2jOOXIAU1C-p.jpg,,,,,,,[],,,,
1463855349656657928,1463855349656657928,2021-11-25 08:01:27 Eastern Standard Time,2021-11-25,08:01:27,-0500,354067553,nchd52,North Central DPH,,"Anyone in charge of preparing part of the #Thanksgiving meal needs to wash hands with soap and water for at least 20 seconds before touching foods. Foodborne bacteria can’t be seen, tasted or smelled, so make sure to clean those hands! #TheStoryOfYourDinner  https://t.co/IgeUJ7OS1m",en,[],[],['https://pbs.twimg.com/media/FFCorvyXEAYHMPs.jpg'],0,0,0,"['thanksgiving', 'thestoryofyourdinner']",[],https://twitter.com/NCHD52/status/1463855349656657928,False,,1,https://pbs.twimg.com/media/FFCorvyXEAYHMPs.jpg,,,,,,,[],,,,
1463840162929119237,1463840162929119237,2021-11-25 07:01:06 Eastern Standard Time,2021-11-25,07:01:06,-0500,354067553,nchd52,North Central DPH,,"All North Central Health District locations and offices will be closed today, Nov. 25, and tomorrow, Nov. 26 for the #Thanksgiving holiday. All services will resume Monday, Nov. 29.  https://t.co/vqT9YmjZXP",en,[],['http://ow.ly/sstX30s1sCJ'],[],0,0,0,['thanksgiving'],[],https://twitter.com/NCHD52/status/1463840162929119237,False,,0,,,,,,,,[],,,,
1463643720616665102,1463643720616665102,2021-11-24 18:00:30 Eastern Standard Time,2021-11-24,18:00:30,-0500,354067553,nchd52,North Central DPH,,"Never thaw food at room temperature – harmful bacteria can multiply rapidly at room temperature. The safest way to thaw meat, poultry and seafood is in a refrigerator. Place the frozen food on a plate or pan to catch any juices that may leak. #TheStoryOfYourDinner  https://t.co/gdpQBnkyoN",en,[],[],['https://pbs.twimg.com/media/FE_oNOkXMAcQXEM.jpg'],0,0,0,['thestoryofyourdinner'],[],https://twitter.com/NCHD52/status/1463643720616665102,False,,1,https://pbs.twimg.com/media/FE_oNOkXMAcQXEM.jpg,,,,,,,[],,,,
1463613565940678661,1463613565940678661,2021-11-24 16:00:41 Eastern Standard Time,2021-11-24,16:00:41,-0500,354067553,nchd52,North Central DPH,,"When you bring your #Thanksgiving groceries home, separate raw meat, poultry, seafood and eggs from other foods in the refrigerator. Place them in containers or sealed plastic bags on the bottom shelf of the refrigerator. #TheStoryOfYourDinner  https://t.co/dtY2qvX19N",en,[],[],['https://pbs.twimg.com/media/FE_MyEZWYAkGjXi.jpg'],0,0,0,"['thanksgiving', 'thestoryofyourdinner']",[],https://twitter.com/NCHD52/status/1463613565940678661,False,,1,https://pbs.twimg.com/media/FE_MyEZWYAkGjXi.jpg,,,,,,,[],,,,
1463583483587092491,1463583483587092491,2021-11-24 14:01:09 Eastern Standard Time,2021-11-24,14:01:09,-0500,354067553,nchd52,North Central DPH,,"In honor of #Thanksiving, we'll be taking your through the Partnership for Food Safety Education #TheStoryOfYourDinner which teaches valuable food safety tips to keep you and your family safe.  https://t.co/WOjzfIKoeJ",en,[],[],['https://pbs.twimg.com/media/FE-xbEKWUAwy3Ng.jpg'],0,0,0,"['thanksiving', 'thestoryofyourdinner']",[],https://twitter.com/NCHD52/status/1463583483587092491,False,,1,https://pbs.twimg.com/media/FE-xbEKWUAwy3Ng.jpg,,,,,,,[],,,,
1463539173349068818,1463539173349068818,2021-11-24 11:05:04 Eastern Standard Time,2021-11-24,11:05:04,-0500,354067553,nchd52,North Central DPH,,"All North Central Health District locations and offices will be closed tomorrow, Nov. 25, and Friday, Nov. 26 for the #Thanksgiving holiday. All services will resume Monday, Nov. 29.  https://t.co/vqT9YmjZXP",en,[],['http://ow.ly/sstX30s1sCJ'],[],0,0,1,['thanksgiving'],[],https://twitter.com/NCHD52/status/1463539173349068818,False,,0,,,,,,,,[],,,,
