id,conversation_id,created_at,date,time,timezone,user_id,username,name,place,tweet,language,mentions,urls,photos,replies_count,retweets_count,likes_count,hashtags,cashtags,link,retweet,quote_url,video,thumbnail,near,geo,source,user_rt_id,user_rt,retweet_id,reply_to,retweet_date,translate,trans_src,trans_dest
1465367657440493571,1465367657440493571,2021-11-29 12:10:49 Eastern Standard Time,2021-11-29,12:10:49,-0500,3064533147,bchdcapecod,Barnstable Co Health,,"#BarnstableCounty is closely monitoring new information from CDC related to the COVID-19 variant Omicron, which was recently identified in S. Africa. The variant has not been identified in the U.S. to date. Here's what we know so far.  https://t.co/02ODpVP8wr  https://t.co/Ue39GxAR7Q",en,[],['https://loom.ly/0DdYA44'],['https://pbs.twimg.com/media/FFYIHnWXEAEGtPj.jpg'],0,1,2,['barnstablecounty'],[],https://twitter.com/BCHDCapeCod/status/1465367657440493571,False,,1,https://pbs.twimg.com/media/FFYIHnWXEAEGtPj.jpg,,,,,,,[],,,,
1463576518035230728,1463576518035230728,2021-11-24 13:33:28 Eastern Standard Time,2021-11-24,13:33:28,-0500,3064533147,bchdcapecod,Barnstable Co Health,,"🍁#BarnstableCounty wishes all residents and visitors a wonderful 🦃 Thanksgiving Day!    🍂 All County offices will be closed in observance of the holiday, Thursday, November 25, 2021. #Grateful #Thankful #WorkingForYou #CapeCod  https://t.co/wFNccFaHoM",en,[],[],['https://pbs.twimg.com/media/FE-rFe9WYAgCSXA.jpg'],0,1,1,"['barnstablecounty', 'grateful', 'thankful', 'workingforyou', 'capecod']",[],https://twitter.com/BCHDCapeCod/status/1463576518035230728,False,,1,https://pbs.twimg.com/media/FE-rFe9WYAgCSXA.jpg,,,,,,,[],,,,
1463516076629704706,1463516076629704706,2021-11-24 09:33:18 Eastern Standard Time,2021-11-24,09:33:18,-0500,3064533147,bchdcapecod,Barnstable Co Health,,"COVID-19 is still spreading in our community! Please remember to keep yourself and your loved ones safe this holiday season by masking in indoor public spaces, physical distancing, and continuation of hygienic precautions.  #BarnstableCounty  https://t.co/raGlfWLzh2",en,[],['https://loom.ly/Y_NNL-I'],[],1,1,3,['barnstablecounty'],[],https://twitter.com/BCHDCapeCod/status/1463516076629704706,False,,0,,,,,,,,[],,,,
1461172560473858049,1461172560473858049,2021-11-17 22:21:00 Eastern Standard Time,2021-11-17,22:21:00,-0500,3064533147,bchdcapecod,Barnstable Co Health,,Do you understand the dangers of vaping? Do your kids? Get the facts about the real dangers of vaping and get help to quit.  https://t.co/LBdrf5uv8z,en,[],['https://loom.ly/7_UfDeI'],[],0,2,1,[],[],https://twitter.com/BCHDCapeCod/status/1461172560473858049,False,,0,,,,,,,,[],,,,
1460275778134978568,1460275778134978568,2021-11-15 10:57:30 Eastern Standard Time,2021-11-15,10:57:30,-0500,3064533147,bchdcapecod,Barnstable Co Health,,🦃 It's almost turkey time #BarnstableCounty! Know your stuff (and your stuffing) and be sure you to keep your family safe by reviewing these food safety tips from CDC ( https://t.co/xkgXXO651t) and USDA ( https://t.co/LPbbouZ0yN).  https://t.co/lZXN8AQF2X,en,[],"['https://loom.ly/XNo-qA4', 'https://bit.ly/3wPGQ59']",['https://pbs.twimg.com/media/FEPxFPeX0AAGjy9.jpg'],0,0,0,['barnstablecounty'],[],https://twitter.com/BCHDCapeCod/status/1460275778134978568,False,,1,https://pbs.twimg.com/media/FEPxFPeX0AAGjy9.jpg,,,,,,,[],,,,
1459668128250609667,1459668128250609667,2021-11-13 18:42:55 Eastern Standard Time,2021-11-13,18:42:55,-0500,3064533147,bchdcapecod,Barnstable Co Health,,"ALERT Tornado Warning including South Yarmouth MA, West Yarmouth MA, Yarmouth Port MA until 7:00 PM EST",en,[],[],[],0,1,2,[],[],https://twitter.com/BCHDCapeCod/status/1459668128250609667,False,,0,,,,,,,,[],,,,
1459661125679783949,1459661125679783949,2021-11-13 18:15:06 Eastern Standard Time,2021-11-13,18:15:06,-0500,3064533147,bchdcapecod,Barnstable Co Health,,ALERT Tornado warning for Barnstable and Dukes County until 6:30 PM. Take shelter.,en,[],[],[],0,5,8,[],[],https://twitter.com/BCHDCapeCod/status/1459661125679783949,False,,0,,,,,,,,[],,,,
1459639269698457600,1459639269698457600,2021-11-13 16:48:15 Eastern Standard Time,2021-11-13,16:48:15,-0500,3064533147,bchdcapecod,Barnstable Co Health,,🌀Cluster of brief showers with embedded thunderstorms expected in eastern MA/RI after 5/6PM this evening. A few of these storms may be strong/severe. 🌀Gusts of 40-50 mph &amp; a few gusts up to 60 mph possible 🌀Very low chance of brief tornado,en,[],[],[],0,0,1,[],[],https://twitter.com/BCHDCapeCod/status/1459639269698457600,False,,0,,,,,,,,[],,,,
1458822791311073288,1458822791311073288,2021-11-11 10:43:51 Eastern Standard Time,2021-11-11,10:43:51,-0500,3064533147,bchdcapecod,Barnstable Co Health,,"In observance of Veteran's Day, we will not be holding our weekly COVID-19 clinic in the Harborview Conference Room today, November 11th. Our next clinic will take place Thursday, November 18th. Register for an appointment at  https://t.co/vj8NM7oROI today! #BarnstableCounty  https://t.co/ZcP9UYnxJm",en,[],['http://www.barnstablecountyhealth.org'],['https://pbs.twimg.com/media/FD7HmQWXIAc71EQ.jpg'],0,1,1,['barnstablecounty'],[],https://twitter.com/BCHDCapeCod/status/1458822791311073288,False,,1,https://pbs.twimg.com/media/FD7HmQWXIAc71EQ.jpg,,,,,,,[],,,,
1458562985060876293,1458562985060876293,2021-11-10 17:31:29 Eastern Standard Time,2021-11-10,17:31:29,-0500,3064533147,bchdcapecod,Barnstable Co Health,,"#BarnstableCounty offices will be closed in observance of  #VeteransDay on Thursday, November 11. We #remember and #honor those who served our country in uniform.  https://t.co/ENZ2MGuRdO",en,[],[],['https://pbs.twimg.com/media/FD3bTirXIAE5Blh.jpg'],0,2,3,"['barnstablecounty', 'veteransday', 'remember', 'honor']",[],https://twitter.com/BCHDCapeCod/status/1458562985060876293,False,,1,https://pbs.twimg.com/media/FD3bTirXIAE5Blh.jpg,,,,,,,[],,,,
1455513503595483143,1455513503595483143,2021-11-02 08:33:56 Eastern Daylight Time,2021-11-02,08:33:56,-0500,3064533147,bchdcapecod,Barnstable Co Health,,"Now that the storm has passed, let’s seriously talk about how we can improve storm preparedness. Watch Chip Reilly, the County’s Emergency Preparedness Specialist, discuss critical ways to prepare for a storm, with a concentration on senior preparedness.  https://t.co/vlV4BgJ7jI",en,[],['https://loom.ly/8Z_w194'],[],0,2,2,[],[],https://twitter.com/BCHDCapeCod/status/1455513503595483143,False,,0,,,,,,,,[],,,,
1454636953782075392,1454636953782075392,2021-10-30 22:30:50 Eastern Daylight Time,2021-10-30,22:30:50,-0500,3064533147,bchdcapecod,Barnstable Co Health,,"Eversource has restored power to 99% of customers impacted by the storm on the south shore + Cape Cod and will continue to focus on safely restoring power for all. Thanks to efforts of the hardworking crews who have traveled to help our region, and the support of all involved.",en,[],[],[],0,0,5,[],[],https://twitter.com/BCHDCapeCod/status/1454636953782075392,False,,0,,,,,,,,[],,,,
1454515650441973765,1454515650441973765,2021-10-30 14:28:49 Eastern Daylight Time,2021-10-30,14:28:49,-0500,3064533147,bchdcapecod,Barnstable Co Health,,#BarnstableCounty residents are urged to be aware of their surroundings while outdoors over the coming days; limbs and branches that were destabilized during the nor'easter could fall in yards and on roadways. Pay attention and stay safe!  https://t.co/68mOjx1GRa,en,[],[],['https://pbs.twimg.com/media/FC96RkbWUAYOY1O.jpg'],0,1,4,['barnstablecounty'],[],https://twitter.com/BCHDCapeCod/status/1454515650441973765,False,,1,https://pbs.twimg.com/media/FC96RkbWUAYOY1O.jpg,,,,,,,[],,,,
1454155522610012163,1454155522610012163,2021-10-29 14:37:48 Eastern Daylight Time,2021-10-29,14:37:48,-0500,3064533147,bchdcapecod,Barnstable Co Health,,Need a COVID-19 Test? #BarnstableCounty is still offering FREE COVID-19 PCR drive-through testing at the Barnstable County Fairgrounds and Orleans DPW. Visit  https://t.co/vj8NM7oROI for more details and to register for an appt. today! *Note updated site and scheduling changes.*  https://t.co/s1sBlEXgth,en,[],['http://www.barnstablecountyhealth.org'],['https://pbs.twimg.com/media/FC4yvd8X0AwG9uh.jpg'],0,1,1,['barnstablecounty'],[],https://twitter.com/BCHDCapeCod/status/1454155522610012163,False,,1,https://pbs.twimg.com/media/FC4yvd8X0AwG9uh.jpg,,,,,,,[],,,,
1453725579493056518,1453725579493056518,2021-10-28 10:09:21 Eastern Daylight Time,2021-10-28,10:09:21,-0500,3064533147,bchdcapecod,Barnstable Co Health,,"THE FOLLOW CLINICS ARE CANCELED TODAY, Thursday, October 28, 2021.  COVID-19 Vaccine Clinic at the Barnstable County Complex scheduled for 10:00 am - 2:00 pm.  COVID-19 Testing Clinic at the Barnstable County Fairgrounds scheduled for 4:00 PM – 6:00 PM.  https://t.co/4cDnhFhiqF",en,[],[],['https://pbs.twimg.com/media/FCyrtdLVQA03HxI.jpg'],0,1,1,[],[],https://twitter.com/BCHDCapeCod/status/1453725579493056518,False,,1,https://pbs.twimg.com/media/FCyrtdLVQA03HxI.jpg,,,,,,,[],,,,
