id,conversation_id,created_at,date,time,timezone,user_id,username,name,place,tweet,language,mentions,urls,photos,replies_count,retweets_count,likes_count,hashtags,cashtags,link,retweet,quote_url,video,thumbnail,near,geo,source,user_rt_id,user_rt,retweet_id,reply_to,retweet_date,translate,trans_src,trans_dest
1464333387439636480,1464333387439636480,2021-11-26 15:41:00 Eastern Standard Time,2021-11-26,15:41:00,-0500,753315448620449792,flhealthemerald,FL Health Emerald,,PrEP gives you the freedom to take control of your sexual health and prevent #HIV:  https://t.co/h3fAZuGK1T #StopHIVTogether  https://t.co/rwzd5LjdGL,en,[],['http://cdc.gov/StopHIVTogether/Prevention'],['https://pbs.twimg.com/media/FCFc3xVVcAMc1Dg.jpg'],0,0,0,"['hiv', 'stophivtogether']",[],https://twitter.com/FLHealthEmerald/status/1464333387439636480,False,,1,https://pbs.twimg.com/media/FCFc3xVVcAMc1Dg.jpg,,,,,,,[],,,,
1463509961997049883,1463509961997049883,2021-11-24 09:09:00 Eastern Standard Time,2021-11-24,09:09:00,-0500,753315448620449792,flhealthemerald,FL Health Emerald,,"Florida Department of Health Offices are closed Thursday, November 25 and  Friday, November 26 in observance of Thanksgiving. We will reopen on Monday, November 29  https://t.co/tONbbAx8Ew",en,[],[],['https://pbs.twimg.com/media/FCEDNnJWYAQji1a.jpg'],0,0,0,[],[],https://twitter.com/FLHealthEmerald/status/1463509961997049883,False,,1,https://pbs.twimg.com/media/FCEDNnJWYAQji1a.jpg,,,,,,,[],,,,
1463148832347275266,1463148832347275266,2021-11-23 09:14:00 Eastern Standard Time,2021-11-23,09:14:00,-0500,753315448620449792,flhealthemerald,FL Health Emerald,,"Smoking can cause cancer almost everywhere in your body. Make the decision to quit today and visit  https://t.co/9pa8vynjnV for tools and resources to help you quit,  https://t.co/5dD86Ilkv7",en,[],['https://tobaccofreeflorida.com/'],['https://pbs.twimg.com/media/FDNc2AIXMAYLsnV.png'],0,1,0,[],[],https://twitter.com/FLHealthEmerald/status/1463148832347275266,False,,1,https://pbs.twimg.com/media/FDNc2AIXMAYLsnV.png,,,,,,,[],,,,
1462833001373454338,1462833001373454338,2021-11-22 12:19:00 Eastern Standard Time,2021-11-22,12:19:00,-0500,753315448620449792,flhealthemerald,FL Health Emerald,,"Shaking a baby can cause bruising, swelling and bleeding to the baby’s brain. This could lead to permanent damage, disability or even death. #NeverShakeABaby  https://t.co/M2EGl0ie4L",en,[],[],['https://pbs.twimg.com/media/FCEuqevXIAcnrEr.jpg'],0,0,0,['nevershakeababy'],[],https://twitter.com/FLHealthEmerald/status/1462833001373454338,False,,1,https://pbs.twimg.com/media/FCEuqevXIAcnrEr.jpg,,,,,,,[],,,,
1462814630082981897,1462814630082981897,2021-11-22 11:06:00 Eastern Standard Time,2021-11-22,11:06:00,-0500,753315448620449792,flhealthemerald,FL Health Emerald,,Protect your pets from rabies by keeping them up-to-date on their rabies vaccine!  https://t.co/kdFRLj6fOk,en,[],[],['https://pbs.twimg.com/media/FCEdJbPXsAAukPv.jpg'],0,0,0,[],[],https://twitter.com/FLHealthEmerald/status/1462814630082981897,False,,1,https://pbs.twimg.com/media/FCEdJbPXsAAukPv.jpg,,,,,,,[],,,,
