id,conversation_id,created_at,date,time,timezone,user_id,username,name,place,tweet,language,mentions,urls,photos,replies_count,retweets_count,likes_count,hashtags,cashtags,link,retweet,quote_url,video,thumbnail,near,geo,source,user_rt_id,user_rt,retweet_id,reply_to,retweet_date,translate,trans_src,trans_dest
1465772727919419398,1465772727919419398,2021-11-30 15:00:25 Eastern Standard Time,2021-11-30,15:00:25,-0500,803602001682632704,bellcountypubh,Bell County PHD,,"With a new variant on the rise now is the time to get vaccinated against Covid-19. Here is your chance this Thursday and Friday, Dec. 2 &amp; 3 at the former Nolan Middle School in Killeen. Vaccines are available for both children and adults.  https://t.co/jYG33fZqSA",en,[],[],['https://pbs.twimg.com/media/FFd4h2YXMAgudoZ.jpg'],0,0,0,[],[],https://twitter.com/BellCountyPUBH/status/1465772727919419398,False,,1,https://pbs.twimg.com/media/FFd4h2YXMAgudoZ.jpg,,,,,,,[],,,,
1465727610604957710,1465727610604957710,2021-11-30 12:01:08 Eastern Standard Time,2021-11-30,12:01:08,-0500,803602001682632704,bellcountypubh,Bell County PHD,,"With a new Covid variant on the loose, it is time to ensure you are protected. Everyone 18 years and older is eligible for a COVID-19 booster shot. Get the same booster as your initial vaccine, but you can mix and match vaccine brands if needed.  https://t.co/rRxefbDlbj",en,[],['http://www.vaccines.gov'],[],0,0,0,[],[],https://twitter.com/BellCountyPUBH/status/1465727610604957710,False,,0,,,,,,,,[],,,,
1465365080275623941,1465365080275623941,2021-11-29 12:00:34 Eastern Standard Time,2021-11-29,12:00:34,-0500,803602001682632704,bellcountypubh,Bell County PHD,,"Its time to burn some calories, elevate the heart rate and recover from all those Thanksgiving cheat days. Try this quick and simple post-Thanksgiving work out to get your body moving.  https://t.co/kWvtr51ECL",en,[],[],['https://pbs.twimg.com/media/FFYFxnTWUAoZwP8.jpg'],0,1,4,[],[],https://twitter.com/BellCountyPUBH/status/1465365080275623941,False,,1,https://pbs.twimg.com/media/FFYFxnTWUAoZwP8.jpg,,,,,,,[],,,,
1463885706443603969,1463885706443603969,2021-11-25 10:02:04 Eastern Standard Time,2021-11-25,10:02:04,-0500,803602001682632704,bellcountypubh,Bell County PHD,,Happy Thanksgiving! We have so much to be grateful for this year. Comment and share what you're especially thankful for on this Thanksgiving day.  https://t.co/5lIUqwJPxl,en,[],[],['https://pbs.twimg.com/media/FFDESt_WUAgDHRM.jpg'],0,0,2,[],[],https://twitter.com/BellCountyPUBH/status/1463885706443603969,False,,1,https://pbs.twimg.com/media/FFDESt_WUAgDHRM.jpg,,,,,,,[],,,,
1463508018079936517,1463508018079936517,2021-11-24 09:01:16 Eastern Standard Time,2021-11-24,09:01:16,-0500,803602001682632704,bellcountypubh,Bell County PHD,,Testing is an important step in slowing the spread of Covid-19. @Curative has been a great partner for this service. #BCPHDthanksyou @Curative and all the healthcare workers who make this happen. Need a test before Thanksgiving visit:  https://t.co/p0tilbPde0  https://t.co/NpGL5avJSV,en,"[{'screen_name': 'curative', 'name': 'curative', 'id': '1232267019862585347'}, {'screen_name': 'curative', 'name': 'curative', 'id': '1232267019862585347'}]",['https://curative.com/'],['https://pbs.twimg.com/media/FE9syYCX0AM-X20.jpg'],1,2,3,['bcphdthanksyou'],[],https://twitter.com/BellCountyPUBH/status/1463508018079936517,False,,1,https://pbs.twimg.com/media/FE9syYCX0AM-X20.jpg,,,,,,,[],,,,
1463190979335307265,1463190979335307265,2021-11-23 12:01:28 Eastern Standard Time,2021-11-23,12:01:28,-0500,803602001682632704,bellcountypubh,Bell County PHD,,"Dr. Janice Smith has provided invaluable expertise to BCPHD and our community through the COVID-19 pandemic and patient care in our clinical settings.  Thank you, Dr. Smith! We appreciate you and all you have done for Bell County Public Health District as our Health Authority.  https://t.co/JIqhqnSA1V",en,[],[],['https://pbs.twimg.com/media/FE5McUOXEBEcAc7.jpg'],0,0,7,[],[],https://twitter.com/BellCountyPUBH/status/1463190979335307265,False,,1,https://pbs.twimg.com/media/FE5McUOXEBEcAc7.jpg,,,,,,,[],,,,
1463160836999069702,1463160836999069702,2021-11-23 10:01:42 Eastern Standard Time,2021-11-23,10:01:42,-0500,803602001682632704,bellcountypubh,Bell County PHD,,@NCAI1944 celebrates Native American Heritage Month by sharing the starting of our nation's tribal stories. Through hearing these stories we learn about cultures and other ways of life. Check out their page for more details and stories:  https://t.co/vPTz0bsX1V  https://t.co/hmAm3kXvyN,en,[],['https://www.ncai.org/'],['https://pbs.twimg.com/media/FE4xBw6XoB4mpKD.jpg'],0,0,0,[],[],https://twitter.com/BellCountyPUBH/status/1463160836999069702,False,,1,https://pbs.twimg.com/media/FE4xBw6XoB4mpKD.jpg,,,,,,,[],,,,
1462783184001810434,1462783184001810434,2021-11-22 09:01:02 Eastern Standard Time,2021-11-22,09:01:02,-0500,803602001682632704,bellcountypubh,Bell County PHD,,"Today is Public Health Thank-You Day! We greatly appreciate the public health workforce who work around the clock to ensure our safety and well-being, and sustain healthy communities.  Please take today to tell them thanks! #PHTYD #PublicHealthHeroes #BCPHDthanksyou  https://t.co/ZLs3M0zVUP",en,[],[],['https://pbs.twimg.com/media/FEzZjaLXoAA14zY.jpg'],0,1,4,"['phtyd', 'publichealthheroes', 'bcphdthanksyou']",[],https://twitter.com/BellCountyPUBH/status/1462783184001810434,False,,1,https://pbs.twimg.com/media/FEzZjaLXoAA14zY.jpg,,,,,,,[],,,,
