id,conversation_id,created_at,date,time,timezone,user_id,username,name,place,tweet,language,mentions,urls,photos,replies_count,retweets_count,likes_count,hashtags,cashtags,link,retweet,quote_url,video,thumbnail,near,geo,source,user_rt_id,user_rt,retweet_id,reply_to,retweet_date,translate,trans_src,trans_dest
1464700727549472771,1464700727549472771,2021-11-27 16:00:40 Eastern Standard Time,2021-11-27,16:00:40,-0500,1267151060,arhs_nc,ARHS_NC,, https://t.co/smtbHKupak,und,[],[],['https://pbs.twimg.com/media/FFOpjHCXMAM-qwy.jpg'],0,2,1,[],[],https://twitter.com/ARHS_NC/status/1464700727549472771,False,,1,https://pbs.twimg.com/media/FFOpjHCXMAM-qwy.jpg,,,,,,,[],,,,
1463871186002227201,1463871186002227201,2021-11-25 09:04:22 Eastern Standard Time,2021-11-25,09:04:22,-0500,1267151060,arhs_nc,ARHS_NC,, https://t.co/a2LKyEDIpg,und,[],[],['https://pbs.twimg.com/media/FFC3FPeXEAgOAKs.jpg'],0,0,3,[],[],https://twitter.com/ARHS_NC/status/1463871186002227201,False,,1,https://pbs.twimg.com/media/FFC3FPeXEAgOAKs.jpg,,,,,,,[],,,,
1463508355465555976,1463508355465555976,2021-11-24 09:02:37 Eastern Standard Time,2021-11-24,09:02:37,-0500,1267151060,arhs_nc,ARHS_NC,, https://t.co/HwFKhggk0k,und,[],[],['https://pbs.twimg.com/media/FE9tF_fWUAEqioz.jpg'],0,2,3,[],[],https://twitter.com/ARHS_NC/status/1463508355465555976,False,,1,https://pbs.twimg.com/media/FE9tF_fWUAEqioz.jpg,,,,,,,[],,,,
1463239719299469323,1463239719299469323,2021-11-23 15:15:09 Eastern Standard Time,2021-11-23,15:15:09,-0500,1267151060,arhs_nc,ARHS_NC,,ARHS Weekly Surveillance Report.  https://t.co/hPn9sYXKn4,en,[],[],['https://pbs.twimg.com/media/FE54w92WUA0LM3Q.jpg'],0,0,0,[],[],https://twitter.com/ARHS_NC/status/1463239719299469323,False,,1,https://pbs.twimg.com/media/FE54w92WUA0LM3Q.jpg,,,,,,,[],,,,
1463236282209947655,1463236282209947655,2021-11-23 15:01:29 Eastern Standard Time,2021-11-23,15:01:29,-0500,1267151060,arhs_nc,ARHS_NC,,Please see ARHS Press Release #210 and the Weekly Surveillance Report. Due to the Thanksgiving holiday no release will be issued on Friday.  https://t.co/IDMoQvVVS8,en,[],[],"['https://pbs.twimg.com/media/FE51pNYXwAYCSkE.png', 'https://pbs.twimg.com/media/FE51pLkXwAIaJ7-.png', 'https://pbs.twimg.com/media/FE51pNrXoAQQUds.png']",0,0,0,[],[],https://twitter.com/ARHS_NC/status/1463236282209947655,False,,1,https://pbs.twimg.com/media/FE51pNYXwAYCSkE.png,,,,,,,[],,,,
1463176163426246658,1463176163426246658,2021-11-23 11:02:36 Eastern Standard Time,2021-11-23,11:02:36,-0500,1267151060,arhs_nc,ARHS_NC,, https://t.co/5AR3ZiLB3D,und,[],[],['https://pbs.twimg.com/media/FE4-94PXwAoTPx4.jpg'],0,0,0,[],[],https://twitter.com/ARHS_NC/status/1463176163426246658,False,,1,https://pbs.twimg.com/media/FE4-94PXwAoTPx4.jpg,,,,,,,[],,,,
1462420808001798155,1462420808001798155,2021-11-21 09:01:05 Eastern Standard Time,2021-11-21,09:01:05,-0500,1267151060,arhs_nc,ARHS_NC,, https://t.co/2TOUdP7Yqm,und,[],[],['https://pbs.twimg.com/media/FEuP-VzWUAsd0KP.jpg'],0,5,5,[],[],https://twitter.com/ARHS_NC/status/1462420808001798155,False,,1,https://pbs.twimg.com/media/FEuP-VzWUAsd0KP.jpg,,,,,,,[],,,,
1462133888730415107,1462133888730415107,2021-11-20 14:00:58 Eastern Standard Time,2021-11-20,14:00:58,-0500,1267151060,arhs_nc,ARHS_NC,,"Like millions of adults and teens, children ages 5-11 can now receive a safe and effective COVID-19 vaccine to help them stay healthy and let them get back to things they love. Call your local ARHS health department for an appointment #KidsHaveASpot  https://t.co/lLYknoEJJG",en,[],[],['https://pbs.twimg.com/media/FEqLBg2WQA4aQSn.jpg'],0,0,0,['kidshaveaspot'],[],https://twitter.com/ARHS_NC/status/1462133888730415107,False,,1,https://pbs.twimg.com/media/FEqLBg2WQA4aQSn.jpg,,,,,,,[],,,,
1461816792142254083,1461816792142254083,2021-11-19 17:00:57 Eastern Standard Time,2021-11-19,17:00:57,-0500,1267151060,arhs_nc,ARHS_NC,,ARHS Weekly Surveillance Report  https://t.co/qsp3HxK4lm,en,[],[],['https://pbs.twimg.com/media/FElqnvmXoAgdX7k.jpg'],0,1,2,[],[],https://twitter.com/ARHS_NC/status/1461816792142254083,False,,1,https://pbs.twimg.com/media/FElqnvmXoAgdX7k.jpg,,,,,,,[],,,,
1461796432470499330,1461796432470499330,2021-11-19 15:40:03 Eastern Standard Time,2021-11-19,15:40:03,-0500,1267151060,arhs_nc,ARHS_NC,,Please see ARHS Press Release #209.  https://t.co/fNAEYzc0ha,en,[],[],"['https://pbs.twimg.com/media/FElYG8ZXMAsXuYv.png', 'https://pbs.twimg.com/media/FElYG8LXEAI6Hcw.png', 'https://pbs.twimg.com/media/FElYG9KWQAYCYIJ.png']",0,1,1,[],[],https://twitter.com/ARHS_NC/status/1461796432470499330,False,,1,https://pbs.twimg.com/media/FElYG8ZXMAsXuYv.png,,,,,,,[],,,,
1461047025403846659,1461047025403846659,2021-11-17 14:02:10 Eastern Standard Time,2021-11-17,14:02:10,-0500,1267151060,arhs_nc,ARHS_NC,,Looking for a healthy dessert to take to Thanksgiving dinner? Try this healthier version of an apple pie this year!  https://t.co/QjlLktGLVf,en,[],[],['https://pbs.twimg.com/media/FEauhvqXoAYTvjz.jpg'],0,0,0,[],[],https://twitter.com/ARHS_NC/status/1461047025403846659,False,,1,https://pbs.twimg.com/media/FEauhvqXoAYTvjz.jpg,,,,,,,[],,,,
1459551990543962118,1459551990543962118,2021-11-13 11:01:26 Eastern Standard Time,2021-11-13,11:01:26,-0500,1267151060,arhs_nc,ARHS_NC,, https://t.co/pfMVXFCARD,und,[],[],['https://pbs.twimg.com/media/FEFezPKXsAEXy3Z.jpg'],0,0,0,[],[],https://twitter.com/ARHS_NC/status/1459551990543962118,False,,1,https://pbs.twimg.com/media/FEFezPKXsAEXy3Z.jpg,,,,,,,[],,,,
1459280051028041733,1459280051028041733,2021-11-12 17:00:50 Eastern Standard Time,2021-11-12,17:00:50,-0500,1267151060,arhs_nc,ARHS_NC,,ARHS COVID Weekly Surveillance Report.  https://t.co/1QcohBujy5,en,[],[],['https://pbs.twimg.com/media/FEBnd98XoAYRSVP.jpg'],0,0,0,[],[],https://twitter.com/ARHS_NC/status/1459280051028041733,False,,1,https://pbs.twimg.com/media/FEBnd98XoAYRSVP.jpg,,,,,,,[],,,,
1459269786093985796,1459269786093985796,2021-11-12 16:20:03 Eastern Standard Time,2021-11-12,16:20:03,-0500,1267151060,arhs_nc,ARHS_NC,,ARHS Press Release #208.  https://t.co/XkDJkVYI0A,en,[],[],"['https://pbs.twimg.com/media/FEBeIz-WUAIzDiQ.png', 'https://pbs.twimg.com/media/FEBeIy9XwAkU-kn.png', 'https://pbs.twimg.com/media/FEBeIzdX0AU7nn_.png']",0,0,0,[],[],https://twitter.com/ARHS_NC/status/1459269786093985796,False,,1,https://pbs.twimg.com/media/FEBeIz-WUAIzDiQ.png,,,,,,,[],,,,
1458797458075664387,1458797458075664387,2021-11-11 09:03:11 Eastern Standard Time,2021-11-11,09:03:11,-0500,1267151060,arhs_nc,ARHS_NC,, https://t.co/lDVdrZRRJj,und,[],[],['https://pbs.twimg.com/media/FD6wjuAX0Ao6CQl.jpg'],0,0,0,[],[],https://twitter.com/ARHS_NC/status/1458797458075664387,False,,1,https://pbs.twimg.com/media/FD6wjuAX0Ao6CQl.jpg,,,,,,,[],,,,
1458525260677066757,1458525260677066757,2021-11-10 15:01:34 Eastern Standard Time,2021-11-10,15:01:34,-0500,1267151060,arhs_nc,ARHS_NC,, https://t.co/Z2o6cUursu,und,[],[],['https://pbs.twimg.com/media/FD24_scWYAcStG0.png'],0,0,1,[],[],https://twitter.com/ARHS_NC/status/1458525260677066757,False,,1,https://pbs.twimg.com/media/FD24_scWYAcStG0.png,,,,,,,[],,,,
1458102640328548357,1458102640328548357,2021-11-09 11:02:14 Eastern Standard Time,2021-11-09,11:02:14,-0500,1267151060,arhs_nc,ARHS_NC,,"ARHS offices will be closed on Thursday, November 11, 2021 in observance of Veterans Day.  https://t.co/yFIFYJOvbA",en,[],[],['https://pbs.twimg.com/media/FDw4n3EXEA8nz0A.jpg'],0,1,4,[],[],https://twitter.com/ARHS_NC/status/1458102640328548357,False,,1,https://pbs.twimg.com/media/FDw4n3EXEA8nz0A.jpg,,,,,,,[],,,,
1457800439097745410,1457800439097745410,2021-11-08 15:01:23 Eastern Standard Time,2021-11-08,15:01:23,-0500,1267151060,arhs_nc,ARHS_NC,,November is American Diabetes Month. The ARHS Diabetes Care Program is available to provide comprehensive diabetes care for individuals living with diabetes &amp; their families. For more information click here -  https://t.co/l1gIisyWfg,en,[],['http://ow.ly/XK1J50GCJwQ'],[],0,0,0,[],[],https://twitter.com/ARHS_NC/status/1457800439097745410,False,,0,,,,,,,,[],,,,
1457422835161370625,1457422835161370625,2021-11-07 14:00:56 Eastern Standard Time,2021-11-07,14:00:56,-0500,1267151060,arhs_nc,ARHS_NC,,ARHS Moderna Booster Dose clinics for next week!  https://t.co/IfTzLogL6V,en,[],[],['https://pbs.twimg.com/media/FDnOWGMWEAEnVS2.jpg'],0,1,0,[],[],https://twitter.com/ARHS_NC/status/1457422835161370625,False,,1,https://pbs.twimg.com/media/FDnOWGMWEAEnVS2.jpg,,,,,,,[],,,,
1457045427090595841,1457045427090595841,2021-11-06 14:01:15 Eastern Daylight Time,2021-11-06,14:01:15,-0500,1267151060,arhs_nc,ARHS_NC,,"ECSU is expanding it's vaccine clinic hours starting tomorrow, Sunday, November 7th. COVID-19 vaccines are available for the whole family, including those ages 5-11.  https://t.co/5CfN1rFjuz",en,[],[],"['https://pbs.twimg.com/media/FDh3F9_XEBEr278.jpg', 'https://pbs.twimg.com/media/FDh3F-tX0AciN-R.jpg']",0,0,0,[],[],https://twitter.com/ARHS_NC/status/1457045427090595841,False,,1,https://pbs.twimg.com/media/FDh3F9_XEBEr278.jpg,,,,,,,[],,,,
