id,conversation_id,created_at,date,time,timezone,user_id,username,name,place,tweet,language,mentions,urls,photos,replies_count,retweets_count,likes_count,hashtags,cashtags,link,retweet,quote_url,video,thumbnail,near,geo,source,user_rt_id,user_rt,retweet_id,reply_to,retweet_date,translate,trans_src,trans_dest
1465728025237020672,1465728025237020672,2021-11-30 12:02:47 Eastern Standard Time,2021-11-30,12:02:47,-0500,85343799,sametrohealth,SA Metro Health,,Self-care is an important part of preventing and/or controlling the symptoms of diabetes. What is your favorite self-care activity? Please comment below. #selfcare  https://t.co/73OCjt50XR,en,[],[],['https://pbs.twimg.com/media/FFdP3tVXEAQmGob.jpg'],0,1,2,['selfcare'],[],https://twitter.com/SAMetroHealth/status/1465728025237020672,False,,1,https://pbs.twimg.com/media/FFdP3tVXEAQmGob.jpg,,,,,,,[],,,,
1465365651200032775,1465365651200032775,2021-11-29 12:02:51 Eastern Standard Time,2021-11-29,12:02:51,-0500,85343799,sametrohealth,SA Metro Health,,"To save energy and reduce emissions, put up LED holiday lights instead of others. Also make sure to have the lights on a timer so that they are on only when they need to be. #AirQualitySA For more energy-saving products, visit EnergyStar  https://t.co/TbTR5Jb18u",en,[],[],['https://pbs.twimg.com/media/FFYGSzTWYAkSzFi.jpg'],0,3,11,['airqualitysa'],[],https://twitter.com/SAMetroHealth/status/1465365651200032775,False,,1,https://pbs.twimg.com/media/FFYGSzTWYAkSzFi.jpg,,,,,,,[],,,,
1463931041429790720,1463931041429790720,2021-11-25 13:02:13 Eastern Standard Time,2021-11-25,13:02:13,-0500,85343799,sametrohealth,SA Metro Health,,"At SA Kids B.R.E.A.T.H.E, we understand Thanksgiving is a time to be with family. Don’t let asthma stop your child from enjoying quality family time to the fullest. For more information, call 210-207-7282 or visit  https://t.co/HyCdQyHB5k #SAKidsBREATHE #Asthma #AsthmaAwareness  https://t.co/TFBYmzvQkr",en,[],['http://www.sanantonio.gov/SAKidsBREATHE'],['https://pbs.twimg.com/media/FFDthf1WUAA8x_r.jpg'],0,0,2,"['sakidsbreathe', 'asthma', 'asthmaawareness']",[],https://twitter.com/SAMetroHealth/status/1463931041429790720,False,,1,https://pbs.twimg.com/media/FFDthf1WUAA8x_r.jpg,,,,,,,[],,,,
1463916151436632067,1463916151436632067,2021-11-25 12:03:03 Eastern Standard Time,2021-11-25,12:03:03,-0500,85343799,sametrohealth,SA Metro Health,,Las tradiciones de las fiestas son importantes para las familias. Hay varias formas de disfrutar  las tradiciones de las fiestas y proteger la salud. Para obtener más consejos sobre cómo protegerse a sí mismo y a sus seres queridos en estas fiestas visite:  https://t.co/xUNJJ7kEKW  https://t.co/EnwHY2YaI2,es,[],['https://covid19.sanantonio.gov/What-YOU-Can-Do/Stay-Safe-and-Celebrate#section-4'],['https://pbs.twimg.com/media/FFDf-25XMAYMmC7.jpg'],0,1,4,[],[],https://twitter.com/SAMetroHealth/status/1463916151436632067,False,,1,https://pbs.twimg.com/media/FFDf-25XMAYMmC7.jpg,,,,,,,[],,,,
1463916151176581124,1463916151176581124,2021-11-25 12:03:03 Eastern Standard Time,2021-11-25,12:03:03,-0500,85343799,sametrohealth,SA Metro Health,,Holiday traditions are important for families and children. There are several ways to enjoy holiday traditions and protect your health. For more tips on how to protect yourself and your loved ones this holiday season visit:  https://t.co/xUNJJ7kEKW  https://t.co/tmk5JIL3wK,en,[],['https://covid19.sanantonio.gov/What-YOU-Can-Do/Stay-Safe-and-Celebrate#section-4'],['https://pbs.twimg.com/media/FFDf-2ZXoAEAVoa.jpg'],0,1,7,[],[],https://twitter.com/SAMetroHealth/status/1463916151176581124,False,,1,https://pbs.twimg.com/media/FFDf-2ZXoAEAVoa.jpg,,,,,,,[],,,,
1463613694244442113,1463613694244442113,2021-11-24 16:01:11 Eastern Standard Time,2021-11-24,16:01:11,-0500,85343799,sametrohealth,SA Metro Health,,"In observance of the Thanksgiving Holiday, the Alamodome Drive-Thru Vaccine Clinic will be closed on Thursday, November 25, 2021 and Friday, November 26, 2021. We will reopen with regular hours on Wednesday, December 2 from 12pm to 8pm.  https://t.co/zJ9js8OXWs",en,[],[],['https://pbs.twimg.com/media/FE_M5g8WYAAdG84.jpg'],0,5,12,[],[],https://twitter.com/SAMetroHealth/status/1463613694244442113,False,,1,https://pbs.twimg.com/media/FE_M5g8WYAAdG84.jpg,,,,,,,[],,,,
1463583685840715784,1463583685840715784,2021-11-24 14:01:57 Eastern Standard Time,2021-11-24,14:01:57,-0500,85343799,sametrohealth,SA Metro Health,,UPDATE: Everyone ages 18 yrs + is eligible for a COVID-19 booster shot.  You may get your booster 6 months after you’re fully vaccinated w/ a 2-dose vaccine &amp; 2 months after you’re fully vaccinated w/ a 1-dose vaccine. To find the nearest vaccine clinic: https://t.co/gnrWBS5VI7  https://t.co/Wdj1HerQJM,en,[],['http://ow.ly/VeiA50GVHsP'],['https://pbs.twimg.com/media/FE-xm0oXMAkHfkV.jpg'],0,3,4,[],[],https://twitter.com/SAMetroHealth/status/1463583685840715784,False,,1,https://pbs.twimg.com/media/FE-xm0oXMAkHfkV.jpg,,,,,,,[],,,,
1463583685144465411,1463583685144465411,2021-11-24 14:01:57 Eastern Standard Time,2021-11-24,14:01:57,-0500,85343799,sametrohealth,SA Metro Health,,ACTUALIZACIÓN: Todas las personas de 18 años o más son elegibles para una vacuna de refuerzo.   Puede obtener su refuerzo 6 meses después de estar vacunado con una vacuna de 2 dosis y 2 meses después de que esté vacunado con una vacuna de 1 dosis.    https://t.co/ICu2P3I263  https://t.co/opuDG5YCNb,es,[],['http://ow.ly/S0HS50GVIut'],['https://pbs.twimg.com/media/FE-xmxmXEAkevwO.jpg'],0,0,1,[],[],https://twitter.com/SAMetroHealth/status/1463583685144465411,False,,1,https://pbs.twimg.com/media/FE-xmxmXEAkevwO.jpg,,,,,,,[],,,,
1463568639278288904,1463568639278288904,2021-11-24 13:02:10 Eastern Standard Time,2021-11-24,13:02:10,-0500,85343799,sametrohealth,SA Metro Health,,"Follow the guidelines below for min cooking temperatures for meat, poultry, seafood, and other cooked foods. Be sure to use a food thermometer to check whether meat has reached a safe internal temperature. For more tips visit:  https://t.co/INXdY7RCEi  https://t.co/l5jWjcUspg",en,[],['https://www.sanantonio.gov/Health/FoodLicensing/FoodSafety'],['https://pbs.twimg.com/media/FE-j69JX0AAWxlK.jpg'],0,2,5,[],[],https://twitter.com/SAMetroHealth/status/1463568639278288904,False,,1,https://pbs.twimg.com/media/FE-j69JX0AAWxlK.jpg,,,,,,,[],,,,
1463568638536044546,1463568638536044546,2021-11-24 13:02:09 Eastern Standard Time,2021-11-24,13:02:09,-0500,85343799,sametrohealth,SA Metro Health,,"Siga las siguientes recomendaciones sobre las temperaturas mínimas de preparación de las carnes de pollo, rez, y el pescado y otros alimentos cocinados. Para obtener más consejos  visite  https://t.co/INXdY7A1MK  https://t.co/l9vVpHRqGK",es,[],['https://www.sanantonio.gov/Health/FoodLicensing/FoodSafety'],['https://pbs.twimg.com/media/FE-j68dXIAI2f1w.jpg'],0,0,2,[],[],https://twitter.com/SAMetroHealth/status/1463568638536044546,False,,1,https://pbs.twimg.com/media/FE-j68dXIAI2f1w.jpg,,,,,,,[],,,,
1463553747381067780,1463553747381067780,2021-11-24 12:02:59 Eastern Standard Time,2021-11-24,12:02:59,-0500,85343799,sametrohealth,SA Metro Health,,"From our family to yours, Texas WIC wishes you a Happy Thanksgiving. #WICWednesdays - De nuestra familia la tuya, ¡en WIC de Texas les deseamos un muy feliz Día de Acción de Gracias!   #WICWednesdays  https://t.co/4rTgUXVc4u",es,[],[],"['https://pbs.twimg.com/media/FE-WYHWXoAsEvFx.jpg', 'https://pbs.twimg.com/media/FE-WYGzXIAcE000.jpg']",0,1,1,"['wicwednesdays', 'wicwednesdays']",[],https://twitter.com/SAMetroHealth/status/1463553747381067780,False,,1,https://pbs.twimg.com/media/FE-WYHWXoAsEvFx.jpg,,,,,,,[],,,,
1463538432337195016,1463538432337195016,2021-11-24 11:02:08 Eastern Standard Time,2021-11-24,11:02:08,-0500,85343799,sametrohealth,SA Metro Health,,"Getting your child vaccinated is the best way to protect them for COVID-19. The vaccine is safe, effective, and if your child gets their first shot this week, they can be fully vaccinated by the holidays. To find the nearest vaccine clinic:  https://t.co/YLcnpmdF0J  https://t.co/fWZ3kw7yss",en,[],['https://covid19.sanantonio.gov/News-Events/Events'],['https://pbs.twimg.com/media/FE-IcsoWUAg5h40.jpg'],0,3,11,[],[],https://twitter.com/SAMetroHealth/status/1463538432337195016,False,,1,https://pbs.twimg.com/media/FE-IcsoWUAg5h40.jpg,,,,,,,[],,,,
1463538431741599744,1463538431741599744,2021-11-24 11:02:08 Eastern Standard Time,2021-11-24,11:02:08,-0500,85343799,sametrohealth,SA Metro Health,,"Vacunar a su hijo es la mejor manera de protegerlo contra el COVID-19. La vacuna es segura, efectiva y, si su hijo recibe la primera inyección esta semana, puede estar completamente vacunado para Navidad. Para encontrar la clínica de vacunas más cercana:  https://t.co/YLcnpmdF0J  https://t.co/Ak49yWC5S4",es,[],['https://covid19.sanantonio.gov/News-Events/Events'],['https://pbs.twimg.com/media/FE-Icq1X0AMYoAN.jpg'],0,1,3,[],[],https://twitter.com/SAMetroHealth/status/1463538431741599744,False,,1,https://pbs.twimg.com/media/FE-Icq1X0AMYoAN.jpg,,,,,,,[],,,,
1463206241925271555,1463206241925271555,2021-11-23 13:02:07 Eastern Standard Time,2021-11-23,13:02:07,-0500,85343799,sametrohealth,SA Metro Health,,"Siga estos consejos para ayudar a prevenir las intoxicaciones alimentarias, o las enfermedades transmitidas por los alimentos, durante las fiestas. Para obtener más consejos sobre cómo protegerse a sí mismo y a sus seres queridos en estas fiestas, visite:  https://t.co/INXdY7A1MK  https://t.co/HSzj3zTze3",es,[],['https://www.sanantonio.gov/Health/FoodLicensing/FoodSafety'],['https://pbs.twimg.com/media/FE5aUpjXoAclLJs.jpg'],0,1,4,[],[],https://twitter.com/SAMetroHealth/status/1463206241925271555,False,,1,https://pbs.twimg.com/media/FE5aUpjXoAclLJs.jpg,,,,,,,[],,,,
1463206241459707912,1463206241459707912,2021-11-23 13:02:07 Eastern Standard Time,2021-11-23,13:02:07,-0500,85343799,sametrohealth,SA Metro Health,,"Feasting with family is part of many holiday celebrations. Follow these tips to help prevent food poisoning, or foodborne illness, during the holidays. For more tips on how to protect yourself and your loved ones this holiday season visit  https://t.co/INXdY7A1MK  https://t.co/QOPrGynC5G",en,[],['https://www.sanantonio.gov/Health/FoodLicensing/FoodSafety'],['https://pbs.twimg.com/media/FE5aUp_XoAo4qCB.jpg'],0,1,5,[],[],https://twitter.com/SAMetroHealth/status/1463206241459707912,False,,1,https://pbs.twimg.com/media/FE5aUp_XoAo4qCB.jpg,,,,,,,[],,,,
1463191335888998400,1463191335888998400,2021-11-23 12:02:53 Eastern Standard Time,2021-11-23,12:02:53,-0500,85343799,sametrohealth,SA Metro Health,,"Do you want to learn more about how to make healthy eating choices. In our NO-COST workshops, we discuss ways to eat better and how to increase your physical activity. Learn more by visiting our website at  https://t.co/61Bo4a38Re #preventdiabetes  https://t.co/8TIFiReP73",en,[],['http://diabeteshelpsa.com'],['https://pbs.twimg.com/media/FE5MxBqXEAIbaui.jpg'],0,1,2,['preventdiabetes'],[],https://twitter.com/SAMetroHealth/status/1463191335888998400,False,,1,https://pbs.twimg.com/media/FE5MxBqXEAIbaui.jpg,,,,,,,[],,,,
1462946971149381634,1462946971149381634,2021-11-22 19:51:52 Eastern Standard Time,2021-11-22,19:51:52,-0500,85343799,sametrohealth,SA Metro Health,,"Today is Public Health Thank You Day! Metro Health celebrates public health workers today, and every day. Thank you for your commitment to protecting the health of all people and all communities! #PHTYD  https://t.co/jHW76TDR66",en,[],[],['https://pbs.twimg.com/media/FE1uhFeXsAo7Zuw.jpg'],0,1,11,['phtyd'],[],https://twitter.com/SAMetroHealth/status/1462946971149381634,False,,1,https://pbs.twimg.com/media/FE1uhFeXsAo7Zuw.jpg,,,,,,,[],,,,
1462843832542937094,1462843832542937094,2021-11-22 13:02:02 Eastern Standard Time,2021-11-22,13:02:02,-0500,85343799,sametrohealth,SA Metro Health,,"Feasting with family is part of many holiday celebrations. Follow these tips to help prevent food poisoning, or foodborne illness, during the holidays. For more tips on how to protect yourself and your loved ones this holiday season visit:   https://t.co/INXdY7A1MK  https://t.co/bo1xKwe9TY",en,[],['https://www.sanantonio.gov/Health/FoodLicensing/FoodSafety'],['https://pbs.twimg.com/media/FE0QtrYXEAo7Jyt.jpg'],0,1,3,[],[],https://twitter.com/SAMetroHealth/status/1462843832542937094,False,,1,https://pbs.twimg.com/media/FE0QtrYXEAo7Jyt.jpg,,,,,,,[],,,,
1462843832253530114,1462843832253530114,2021-11-22 13:02:02 Eastern Standard Time,2021-11-22,13:02:02,-0500,85343799,sametrohealth,SA Metro Health,,"Siga estos consejos para ayudar a prevenir las intoxicaciones alimentarias, o las enfermedades transmitidas por los alimentos, durante las fiestas. Para obtener más consejos sobre cómo protegerse a sí mismo y a sus seres queridos en estas fiestas, visite:  https://t.co/INXdY7A1MK  https://t.co/gbu2ENtb46",es,[],['https://www.sanantonio.gov/Health/FoodLicensing/FoodSafety'],['https://pbs.twimg.com/media/FE0QtqzWQAMbtXw.jpg'],0,1,2,[],[],https://twitter.com/SAMetroHealth/status/1462843832253530114,False,,1,https://pbs.twimg.com/media/FE0QtqzWQAMbtXw.jpg,,,,,,,[],,,,
1462828928041730059,1462828928041730059,2021-11-22 12:02:49 Eastern Standard Time,2021-11-22,12:02:49,-0500,85343799,sametrohealth,SA Metro Health,,"If you are traveling away from your home this Thanksgiving, make sure to turn down your thermostat, unplug phantom loads, and turn off the lights so your home is not consuming unnecessary energy. #AirQualitySA For more energy-saving tips, visit CPS Energy  https://t.co/u5b4kJdgNr",en,[],[],['https://pbs.twimg.com/media/FE0DKIzXEAoNzsR.jpg'],0,8,17,['airqualitysa'],[],https://twitter.com/SAMetroHealth/status/1462828928041730059,False,,1,https://pbs.twimg.com/media/FE0DKIzXEAoNzsR.jpg,,,,,,,[],,,,
