id,conversation_id,created_at,date,time,timezone,user_id,username,name,place,tweet,language,mentions,urls,photos,replies_count,retweets_count,likes_count,hashtags,cashtags,link,retweet,quote_url,video,thumbnail,near,geo,source,user_rt_id,user_rt,retweet_id,reply_to,retweet_date,translate,trans_src,trans_dest
1418257048618389510,1418257048618389510,2021-07-22 13:10:04 Eastern Daylight Time,2021-07-22,13:10:04,-0500,66794828,boonecohealth,Boone County Health,,"As the summer heat continues to intensify, here are five ways to make sure you stay hydrated.  https://t.co/m3D7zPR3RQ",en,[],[],['https://pbs.twimg.com/media/E66pRTDWQAUvbu0.jpg'],0,0,0,[],[],https://twitter.com/boonecohealth/status/1418257048618389510,False,,1,https://pbs.twimg.com/media/E66pRTDWQAUvbu0.jpg,,,,,,,[],,,,
1417883329307856898,1417883329307856898,2021-07-21 12:25:03 Eastern Daylight Time,2021-07-21,12:25:03,-0500,66794828,boonecohealth,Boone County Health,,July is UV Safety Awareness Month. Remember to protect yourself from UV rays.  https://t.co/QFsDZSHU9h,en,[],[],['https://pbs.twimg.com/media/E61VX5mXsAEi7Gy.jpg'],0,0,0,[],[],https://twitter.com/boonecohealth/status/1417883329307856898,False,,1,https://pbs.twimg.com/media/E61VX5mXsAEi7Gy.jpg,,,,,,,[],,,,
1417500810720710662,1417500810720710662,2021-07-20 11:05:03 Eastern Daylight Time,2021-07-20,11:05:03,-0500,66794828,boonecohealth,Boone County Health,, https://t.co/AZlLXYXnzW,und,[],[],['https://pbs.twimg.com/media/E6v5ebYWEAwVlIV.jpg'],0,0,1,[],[],https://twitter.com/boonecohealth/status/1417500810720710662,False,,1,https://pbs.twimg.com/media/E6v5ebYWEAwVlIV.jpg,,,,,,,[],,,,
1416807487622238209,1416807487622238209,2021-07-18 13:10:02 Eastern Daylight Time,2021-07-18,13:10:02,-0500,66794828,boonecohealth,Boone County Health,,Tick season is upon us! Keep these things in mind while adventuring outdoors.  https://t.co/Tk284ktMpy,en,[],[],['https://pbs.twimg.com/media/E6mC5uHXoAEEdli.jpg'],0,0,0,[],[],https://twitter.com/boonecohealth/status/1416807487622238209,False,,1,https://pbs.twimg.com/media/E6mC5uHXoAEEdli.jpg,,,,,,,[],,,,
1416430000383873030,1416430000383873030,2021-07-17 12:10:02 Eastern Daylight Time,2021-07-17,12:10:02,-0500,66794828,boonecohealth,Boone County Health,,A mobile food pantry will be available on July 27.  https://t.co/GbSY1b3Fn1,en,[],[],"['https://pbs.twimg.com/media/E6grlEFXMAAj6xb.jpg', 'https://pbs.twimg.com/media/E6grlFTXoAUDaWE.jpg']",0,0,0,[],[],https://twitter.com/boonecohealth/status/1416430000383873030,False,,1,https://pbs.twimg.com/media/E6grlEFXMAAj6xb.jpg,,,,,,,[],,,,
1415705248757321729,1415705248757321729,2021-07-15 12:10:08 Eastern Daylight Time,2021-07-15,12:10:08,-0500,66794828,boonecohealth,Boone County Health,, https://t.co/h5vLL8ht4T,und,[],[],['https://pbs.twimg.com/media/E6WYa8TXoAEa4hc.jpg'],0,0,0,[],[],https://twitter.com/boonecohealth/status/1415705248757321729,False,,1,https://pbs.twimg.com/media/E6WYa8TXoAEa4hc.jpg,,,,,,,[],,,,
1414981718784741377,1414981718784741377,2021-07-13 12:15:05 Eastern Daylight Time,2021-07-13,12:15:05,-0500,66794828,boonecohealth,Boone County Health,,"The next time you go to grill, remember to do it like a PRO!  https://t.co/h2HpYQWfTs",en,[],[],['https://pbs.twimg.com/media/E6MGX_uXoAkPGuu.png'],0,0,0,[],[],https://twitter.com/boonecohealth/status/1414981718784741377,False,,1,https://pbs.twimg.com/media/E6MGX_uXoAkPGuu.png,,,,,,,[],,,,
1413153408824004614,1413153408824004614,2021-07-08 11:10:02 Eastern Daylight Time,2021-07-08,11:10:02,-0500,66794828,boonecohealth,Boone County Health,,In this toolkit you will find the materials you can use to promote safe food handling during the summer months.   https://t.co/C8p84hKRXi,en,[],['https://www.fsis.usda.gov/food-safety/safe-food-handling-and-preparation/food-safety-basics/2021-summer-grilling-toolkit'],[],0,0,0,[],[],https://twitter.com/boonecohealth/status/1413153408824004614,False,,0,,,,,,,,[],,,,
1412836111685144583,1412836111685144583,2021-07-07 14:09:12 Eastern Daylight Time,2021-07-07,14:09:12,-0500,66794828,boonecohealth,Boone County Health,,"Please remain cautious while shopping, as a Listeria outbreak has been confirmed in fully cooked chicken.  https://t.co/kd68hZ3JYl",en,[],['https://www.cdc.gov/listeria/outbreaks/precooked-chicken-07-21/index.html'],[],0,0,0,[],[],https://twitter.com/boonecohealth/status/1412836111685144583,False,,0,,,,,,,,[],,,,
1412539632869416960,1412539632869416960,2021-07-06 18:31:06 Eastern Daylight Time,2021-07-06,18:31:06,-0500,66794828,boonecohealth,Boone County Health,, https://t.co/6LKwdIhuzL,und,[],['https://www.fsis.usda.gov/recalls-alerts/tyson-foods-inc.-recalls-ready-eat-chicken-products-due-possible-listeria'],[],0,0,0,[],[],https://twitter.com/boonecohealth/status/1412539632869416960,False,,0,,,,,,,,[],,,,
1411720237779722245,1411720237779722245,2021-07-04 12:15:07 Eastern Daylight Time,2021-07-04,12:15:07,-0500,66794828,boonecohealth,Boone County Health,,"Today, we celebrate all the great freedoms and blessings that we have in this country.  https://t.co/mYxduKrY0y",en,[],[],['https://pbs.twimg.com/media/E5dwE2WXMAw44KU.jpg'],0,0,2,[],[],https://twitter.com/boonecohealth/status/1411720237779722245,False,,1,https://pbs.twimg.com/media/E5dwE2WXMAw44KU.jpg,,,,,,,[],,,,
1410260546272833538,1410260546272833538,2021-06-30 11:34:50 Eastern Daylight Time,2021-06-30,11:34:50,-0500,66794828,boonecohealth,Boone County Health,, https://t.co/kbuQ0tWz2K,und,[],[],['https://pbs.twimg.com/media/E5JAflbWQAcK2JY.jpg'],0,0,1,[],[],https://twitter.com/boonecohealth/status/1410260546272833538,False,,1,https://pbs.twimg.com/media/E5JAflbWQAcK2JY.jpg,,,,,,,[],,,,
1409908295880556547,1409908295880556547,2021-06-29 12:15:07 Eastern Daylight Time,2021-06-29,12:15:07,-0500,66794828,boonecohealth,Boone County Health,, https://t.co/qrLC4zMwjJ,und,[],[],['https://pbs.twimg.com/media/E5EAH43XIAgw0Ur.jpg'],0,0,0,[],[],https://twitter.com/boonecohealth/status/1409908295880556547,False,,1,https://pbs.twimg.com/media/E5EAH43XIAgw0Ur.jpg,,,,,,,[],,,,
1407745342670618627,1407745342670618627,2021-06-23 13:00:18 Eastern Daylight Time,2021-06-23,13:00:18,-0500,66794828,boonecohealth,Boone County Health,, https://t.co/Hy5qnbF1KQ,und,[],[],"['https://pbs.twimg.com/media/E4lQ7dNXIAIT2WP.jpg', 'https://pbs.twimg.com/media/E4lQ7exWEAE6WiA.jpg']",0,1,0,[],[],https://twitter.com/boonecohealth/status/1407745342670618627,False,,1,https://pbs.twimg.com/media/E4lQ7dNXIAIT2WP.jpg,,,,,,,[],,,,
1407369054399176704,1407369054399176704,2021-06-22 12:05:04 Eastern Daylight Time,2021-06-22,12:05:04,-0500,66794828,boonecohealth,Boone County Health,, https://t.co/choSQD6iAC,und,[],[],['https://pbs.twimg.com/media/E4f6sltWUAUItxv.jpg'],0,1,0,[],[],https://twitter.com/boonecohealth/status/1407369054399176704,False,,1,https://pbs.twimg.com/media/E4f6sltWUAUItxv.jpg,,,,,,,[],,,,
1406692084988452865,1406692084988452865,2021-06-20 15:15:02 Eastern Daylight Time,2021-06-20,15:15:02,-0500,66794828,boonecohealth,Boone County Health,, https://t.co/8L8Heuj5r3,und,[],[],['https://pbs.twimg.com/media/E4WS_xWXIAUojDu.jpg'],0,0,0,[],[],https://twitter.com/boonecohealth/status/1406692084988452865,False,,1,https://pbs.twimg.com/media/E4WS_xWXIAUojDu.jpg,,,,,,,[],,,,
1405938358333870082,1405938358333870082,2021-06-18 13:20:00 Eastern Daylight Time,2021-06-18,13:20:00,-0500,66794828,boonecohealth,Boone County Health,, https://t.co/U8VPYuIYS2,und,[],[],['https://pbs.twimg.com/media/E4LlfIqXEAoCGcA.jpg'],0,0,0,[],[],https://twitter.com/boonecohealth/status/1405938358333870082,False,,1,https://pbs.twimg.com/media/E4LlfIqXEAoCGcA.jpg,,,,,,,[],,,,
1405545786235146242,1405545786235146242,2021-06-17 11:20:03 Eastern Daylight Time,2021-06-17,11:20:03,-0500,66794828,boonecohealth,Boone County Health,, https://t.co/ShC8jc717S,und,[],[],['https://pbs.twimg.com/media/E4GAcb9XoAAUDdX.jpg'],0,0,1,[],[],https://twitter.com/boonecohealth/status/1405545786235146242,False,,1,https://pbs.twimg.com/media/E4GAcb9XoAAUDdX.jpg,,,,,,,[],,,,
1405179625836273667,1405179625836273667,2021-06-16 11:05:04 Eastern Daylight Time,2021-06-16,11:05:04,-0500,66794828,boonecohealth,Boone County Health,, https://t.co/FruP38pT2P,und,[],[],['https://pbs.twimg.com/media/E4AzbFTUYAcNFP8.jpg'],0,1,0,[],[],https://twitter.com/boonecohealth/status/1405179625836273667,False,,1,https://pbs.twimg.com/media/E4AzbFTUYAcNFP8.jpg,,,,,,,[],,,,
1403730067902144519,1403730067902144519,2021-06-12 11:05:02 Eastern Daylight Time,2021-06-12,11:05:02,-0500,66794828,boonecohealth,Boone County Health,, https://t.co/w2VekLbD6Z,und,[],[],['https://pbs.twimg.com/media/E3sNDtoWYAAzIvx.jpg'],0,0,0,[],[],https://twitter.com/boonecohealth/status/1403730067902144519,False,,1,https://pbs.twimg.com/media/E3sNDtoWYAAzIvx.jpg,,,,,,,[],,,,
