id,conversation_id,created_at,date,time,timezone,user_id,username,name,place,tweet,language,mentions,urls,photos,replies_count,retweets_count,likes_count,hashtags,cashtags,link,retweet,quote_url,video,thumbnail,near,geo,source,user_rt_id,user_rt,retweet_id,reply_to,retweet_date,translate,trans_src,trans_dest
1465738432957673476,1465738432957673476,2021-11-30 12:44:09 Eastern Standard Time,2021-11-30,12:44:09,-0500,24195976,bouldercohealth,Bo Co Public Health,,Circle Graphics is our newest Breastfeeding Friendly workplace. They’ve gone above &amp; beyond to create a welcoming lactation space &amp; breastfeeding policy for their employees. Learn how to make your workplace a breastfeeding friendly employer.  https://t.co/2durWKMQBQ #breastfeeding  https://t.co/BOa2ku6qYA,en,[],['http://www.BreastfeedBoulderCounty.org'],[],2,0,1,['breastfeeding'],[],https://twitter.com/bouldercohealth/status/1465738432957673476,False,,1,https://pbs.twimg.com/ext_tw_video_thumb/1465738254141911041/pu/img/eC0cSIlkU5TqScOw.jpg,,,,,,,[],,,,
1465438347942240256,1465438347942240256,2021-11-29 16:51:43 Eastern Standard Time,2021-11-29,16:51:43,-0500,24195976,bouldercohealth,Bo Co Public Health,,"El número de nuevos casos de COVID-19 entre residentes del Condado de Boulder de 0 a 11 años está bajando.  Casi 23,500 niños de 5 a 11 años viven en el  condado y son elegibles para vacunarse.  Proveedores de la vacuna contra COVID-19:  https://t.co/l6zXRJNgUM  https://t.co/2M5MIYfN59",es,[],['http://boco.org/CovidVacunas'],['https://pbs.twimg.com/media/FFZIV31UYAIBk9s.jpg'],0,0,0,[],[],https://twitter.com/bouldercohealth/status/1465438347942240256,False,,1,https://pbs.twimg.com/media/FFZIV31UYAIBk9s.jpg,,,,,,,[],,,,
1465438121705684992,1465438121705684992,2021-11-29 16:50:49 Eastern Standard Time,2021-11-29,16:50:49,-0500,24195976,bouldercohealth,Bo Co Public Health,,"New COVID-19 cases among Boulder County residents between the ages of 0-11 have been declining.  There are roughly 23,500 children between 5-11 in Boulder County who are eligible to be vaccinated.  A list of providers and clinics is available at  https://t.co/Ipcce2ue88.  https://t.co/NYMr0HHtDN",en,[],['http://boco.org/CovidVaccine'],['https://pbs.twimg.com/media/FFZIKnYVgAACKb5.jpg'],0,1,13,[],[],https://twitter.com/bouldercohealth/status/1465438121705684992,False,,1,https://pbs.twimg.com/media/FFZIKnYVgAACKb5.jpg,,,,,,,[],,,,
1462930096184905728,1462930096184905728,2021-11-22 18:44:49 Eastern Standard Time,2021-11-22,18:44:49,-0500,24195976,bouldercohealth,Bo Co Public Health,,El Condado de Boulder está experimentando un aumento en los casos de COVID-19 debido a la #VarianteDelta e influenza. Se predice que los casos continuarán aumentando a medida que las personas se reúnan adentro durante las vacaciones.  Lee más:  https://t.co/9obwsUyNhN  https://t.co/m9fBOQE3dy,es,[],['https://content.govdelivery.com/accounts/COBOULDER/bulletins/2fd7b76'],['https://pbs.twimg.com/media/FE1ehwZVcAMl1xg.jpg'],0,0,0,['variantedelta'],[],https://twitter.com/bouldercohealth/status/1462930096184905728,False,,1,https://pbs.twimg.com/media/FE1ehwZVcAMl1xg.jpg,,,,,,,[],,,,
1462929323443167236,1462929323443167236,2021-11-22 18:41:45 Eastern Standard Time,2021-11-22,18:41:45,-0500,24195976,bouldercohealth,Bo Co Public Health,,"Boulder County is experiencing a surge in cases of both the COVID-19 #DeltaVariant and influenza. Current modeling predicts cases will continue to grow, particularly as people come together for the holidays and gather indoors. Read the press release:  https://t.co/ETLZTSFzHb  https://t.co/XqReejUQb8",en,[],['http://content.govdelivery.com/accounts/COBOULDER/bulletins/2fd7b76'],['https://pbs.twimg.com/media/FE1ebIdVQAAoUjJ.jpg'],4,5,4,['deltavariant'],[],https://twitter.com/bouldercohealth/status/1462929323443167236,False,,1,https://pbs.twimg.com/media/FE1ebIdVQAAoUjJ.jpg,,,,,,,[],,,,
1462924308708089857,1462924308708089857,2021-11-22 18:21:49 Eastern Standard Time,2021-11-22,18:21:49,-0500,24195976,bouldercohealth,Bo Co Public Health,,"Las hospitalizaciones, las enfermedades graves y las muertes por COVID-19 están aumentando en todo Colorado, poniendo presión sobre los recursos de hospitales.  Ve la lista actualizada de proveedores de vacunas contra COVID-19 en el Condado de Boulder en  https://t.co/l6zXRJNgUM.  https://t.co/YzFjCIxolo",es,[],['http://boco.org/CovidVacunas'],['https://pbs.twimg.com/media/FE1ZuGqVkAIXmkZ.jpg'],0,0,0,[],[],https://twitter.com/bouldercohealth/status/1462924308708089857,False,,1,https://pbs.twimg.com/media/FE1ZuGqVkAIXmkZ.jpg,,,,,,,[],,,,
1462923328138715139,1462923328138715139,2021-11-22 18:17:55 Eastern Standard Time,2021-11-22,18:17:55,-0500,24195976,bouldercohealth,Bo Co Public Health,,"Hospitalizations, serious illness and deaths due to COVID-19 are rising across Colorado, which is putting intense strain on resources and hospitals.   An up-to-date list of COVID-19 vaccine providers in Boulder County is available at  https://t.co/Ipcce2LPwI.  https://t.co/gnJcSq9Pqs",en,[],['http://boco.org/CovidVaccine'],['https://pbs.twimg.com/media/FE1Y8_uXMAEhHi5.jpg'],2,2,1,[],[],https://twitter.com/bouldercohealth/status/1462923328138715139,False,,1,https://pbs.twimg.com/media/FE1Y8_uXMAEhHi5.jpg,,,,,,,[],,,,
