id,conversation_id,created_at,date,time,timezone,user_id,username,name,place,tweet,language,mentions,urls,photos,replies_count,retweets_count,likes_count,hashtags,cashtags,link,retweet,quote_url,video,thumbnail,near,geo,source,user_rt_id,user_rt,retweet_id,reply_to,retweet_date,translate,trans_src,trans_dest
1437777425618833423,1437777425618833423,2021-09-14 09:57:05 Eastern Daylight Time,2021-09-14,09:57:05,-0500,116565463,trpublichealth,Two Rivers Public Health Department,,"Congratulations, Lt. Kowalek!",pl,[],[],[],0,0,0,[],[],https://twitter.com/TRPublicHealth/status/1437777425618833423,False,https://twitter.com/KearneyPolice/status/1437517326476316673,0,,,,,,,,[],,,,
1372241475384250368,1372241475384250368,2021-03-17 13:40:37 Eastern Daylight Time,2021-03-17,13:40:37,-0500,116565463,trpublichealth,Two Rivers Public Health Department,,Here are some great reasons why people should get vaccinated with one of the COVID vaccines.,en,[],[],[],0,0,1,[],[],https://twitter.com/TRPublicHealth/status/1372241475384250368,False,https://twitter.com/CDCgov/status/1372219947091394565,0,,,,,,,,[],,,,
1372187621200367617,1372187621200367617,2021-03-17 10:06:37 Eastern Daylight Time,2021-03-17,10:06:37,-0500,116565463,trpublichealth,Two Rivers Public Health Department,,"Lexington Regional and TRPHD will be administering the Pfizer vaccine on Thursday, March 18, 2021 at the hospital. Please call 308-324-8334 if you are 55+, transportation, postal worker, food service, grocery, or any other of the 1B tiers to set an appointment.",en,[],[],[],0,0,1,[],[],https://twitter.com/TRPublicHealth/status/1372187621200367617,False,,0,,,,,,,,[],,,,
1357324407463641088,1357324407463641088,2021-02-04 08:45:31 Eastern Standard Time,2021-02-04,08:45:31,-0500,116565463,trpublichealth,Two Rivers Public Health Department,,We are thrilled to be able to help our LEOs stay safe! #BackTheBlue,en,[],[],[],0,0,3,['backtheblue'],[],https://twitter.com/TRPublicHealth/status/1357324407463641088,False,https://twitter.com/ChiefWaughKPD/status/1356267528390135819,0,,,,,,,,[],,,,
1324884014801555457,1324832721957539843,2020-11-06 20:18:58 Eastern Standard Time,2020-11-06,20:18:58,-0500,116565463,trpublichealth,Two Rivers Public Health Department,,@KearneyHub The clinic is actually at 9 am on our Saturday clinic day.,en,[],[],[],0,0,0,[],[],https://twitter.com/TRPublicHealth/status/1324884014801555457,False,,0,,,,,,,,"[{'screen_name': 'KearneyHub', 'name': 'Kearney Hub', 'id': '54951024'}]",,,,
1324883693240987648,1324883693240987648,2020-11-06 20:17:42 Eastern Standard Time,2020-11-06,20:17:42,-0500,116565463,trpublichealth,Two Rivers Public Health Department,,@KearneyHub The clinic is at 9 am.,en,[],[],[],0,0,0,[],[],https://twitter.com/TRPublicHealth/status/1324883693240987648,False,,0,,,,,,,,[],,,,
1305521014114267148,1305521014114267148,2020-09-14 10:57:19 Eastern Daylight Time,2020-09-14,10:57:19,-0500,116565463,trpublichealth,Two Rivers Public Health Department,,Our phones are now fully caffeinated and ready to face the work week!  Thank you for your patience as we worked to get back online.,en,[],[],[],0,0,0,[],[],https://twitter.com/TRPublicHealth/status/1305521014114267148,False,,0,,,,,,,,[],,,,
1305496834564030466,1305496834564030466,2020-09-14 09:21:14 Eastern Daylight Time,2020-09-14,09:21:14,-0500,116565463,trpublichealth,Two Rivers Public Health Department,,"Even phone systems don't like Mondays!  While we try to convince ours to have another cup of coffee and wake up, please email us at orders@trphd.org, or use our social media messaging to reach us.  We will update everyone when phones are sufficiently caffeinated.",en,[],[],[],0,0,1,[],[],https://twitter.com/TRPublicHealth/status/1305496834564030466,False,,0,,,,,,,,[],,,,
1291105617734709249,1291105617734709249,2020-08-05 16:15:41 Eastern Daylight Time,2020-08-05,16:15:41,-0500,116565463,trpublichealth,Two Rivers Public Health Department,,Two Rivers Board of Health endorses face mask usage.  https://t.co/4C2QAzcact,en,[],['https://www.trphd.org/file_download/inline/4e193eee-c904-4c10-a0b7-487563be7b13'],[],0,0,0,[],[],https://twitter.com/TRPublicHealth/status/1291105617734709249,False,,0,,,,,,,,[],,,,
1288953786195677192,1288953786195677192,2020-07-30 17:45:04 Eastern Daylight Time,2020-07-30,17:45:04,-0500,116565463,trpublichealth,Two Rivers Public Health Department,,"A new Test Nebraska site has been established in Gothenburg. The first day for testing will be Monday, August 3, from 11 am-2 pm. The location is 912 20th St. Please register at  https://t.co/8bGnaGGhh2 prior to the event.  https://t.co/BqOqe4EyTu",en,[],['http://www.testnebraska.com'],['https://pbs.twimg.com/media/EeNIoiNWoAAUOGy.jpg'],0,0,0,[],[],https://twitter.com/TRPublicHealth/status/1288953786195677192,False,,1,https://pbs.twimg.com/media/EeNIoiNWoAAUOGy.jpg,,,,,,,[],,,,
1286354210737590275,1286354210737590275,2020-07-23 13:35:17 Eastern Daylight Time,2020-07-23,13:35:17,-0500,116565463,trpublichealth,Two Rivers Public Health Department,,"More COVID testing will be available in Buffalo County through Test Nebraska. New days added will be Mondays and Fridays from 11 am to 1 pm beginning on Friday, July 31, at 3320 Avenue A in Kearney. Don't forget to register first at  https://t.co/8bGnaGGhh2.",en,[],['http://www.testnebraska.com'],[],0,0,0,[],[],https://twitter.com/TRPublicHealth/status/1286354210737590275,False,,0,,,,,,,,[],,,,
1285944109648220160,1285944109648220160,2020-07-22 10:25:42 Eastern Daylight Time,2020-07-22,10:25:42,-0500,116565463,trpublichealth,Two Rivers Public Health Department,,"You spoke and we listened.  We will now provide a daily case update on social media, be sure to check out our website for the full data set.  https://t.co/KFXZ2ZmNiM",en,[],[],['https://pbs.twimg.com/media/EdiXRG3XgAEjhgu.png'],0,2,2,[],[],https://twitter.com/TRPublicHealth/status/1285944109648220160,False,,1,https://pbs.twimg.com/media/EdiXRG3XgAEjhgu.png,,,,,,,[],,,,
1285935559702122498,1285935559702122498,2020-07-22 09:51:43 Eastern Daylight Time,2020-07-22,09:51:43,-0500,116565463,trpublichealth,Two Rivers Public Health Department,,"As a result of inclement weather, the Test Nebraska COVID testing in Lexington today (July 22) has been cancelled. Those who have registered to test can go to the Buffalo County Fairgrounds if they are able.",en,[],[],[],0,0,0,[],[],https://twitter.com/TRPublicHealth/status/1285935559702122498,False,,0,,,,,,,,[],,,,
1285683237361262598,1285683237361262598,2020-07-21 17:09:05 Eastern Daylight Time,2020-07-21,17:09:05,-0500,116565463,trpublichealth,Two Rivers Public Health Department,,Here are the upcoming dates for COVID testing in Lexington through Test Nebraska.  Make sure to register first at  https://t.co/8bGnaGGhh2  https://t.co/u6TBwDwdWa,en,[],['http://www.testnebraska.com'],['https://pbs.twimg.com/media/EdeqFZ7XsAIQW-y.png'],0,0,0,[],[],https://twitter.com/TRPublicHealth/status/1285683237361262598,False,,1,https://pbs.twimg.com/media/EdeqFZ7XsAIQW-y.png,,,,,,,[],,,,
1285570910053859329,1285570910053859329,2020-07-21 09:42:44 Eastern Daylight Time,2020-07-21,09:42:44,-0500,116565463,trpublichealth,Two Rivers Public Health Department,,What an interesting chart showing a progression of health issues and fatalities world-wide.  https://t.co/m6aHksRbnZ,en,[],['https://public.flourish.studio/visualisation/2944635/?fbclid=IwAR0vUuQjMWRJTPAb2pUIP4Fvz7g83jmF_ldU379CB-kqRH-oKnVGiSIz8jc'],[],0,1,2,[],[],https://twitter.com/TRPublicHealth/status/1285570910053859329,False,,0,,,,,,,,[],,,,
1285309955294351360,1285309955294351360,2020-07-20 16:25:47 Eastern Daylight Time,2020-07-20,16:25:47,-0500,116565463,trpublichealth,Two Rivers Public Health Department,,Please take our quick survey to let us know how you would like to receive updated COVID-19 info in our district.   https://t.co/WvrXv7FMjP,en,[],['https://consultinglhd.sjc1.qualtrics.com/jfe/form/SV_9XJ8xCtBKb1qaVv'],[],0,0,0,[],[],https://twitter.com/TRPublicHealth/status/1285309955294351360,False,,0,,,,,,,,[],,,,
1283820384324919297,1283820384324919297,2020-07-16 13:46:46 Eastern Daylight Time,2020-07-16,13:46:46,-0500,116565463,trpublichealth,Two Rivers Public Health Department,,Have you delayed signing up for TestNebraska because you aren't sure what it is or how to do it? You can call or go online for more info and to sign up for an appointment to be tested.  https://t.co/0UEYEVut1S,en,[],[],['https://pbs.twimg.com/media/EdEL1GIWAAA0OHo.png'],0,0,0,[],[],https://twitter.com/TRPublicHealth/status/1283820384324919297,False,,1,https://pbs.twimg.com/media/EdEL1GIWAAA0OHo.png,,,,,,,[],,,,
1280959786444619776,1280959786444619776,2020-07-08 16:19:46 Eastern Daylight Time,2020-07-08,16:19:46,-0500,116565463,trpublichealth,Two Rivers Public Health Department,,"TESTING UPDATE: Lexington Regional Health Care Rehab Services Building, 1600 W 13th Street. Traffic should enter on the west entrance off of 13th street.   July dates: July 15 8 am-12 noon July 22 7-11 am July 29 7-11 am  Register at  https://t.co/8bGnaGGhh2 for an appointment.",en,[],['http://www.testnebraska.com'],[],0,0,0,[],[],https://twitter.com/TRPublicHealth/status/1280959786444619776,False,,0,,,,,,,,[],,,,
1280955833287933952,1280955833287933952,2020-07-08 16:04:04 Eastern Daylight Time,2020-07-08,16:04:04,-0500,116565463,trpublichealth,Two Rivers Public Health Department,,"Two Rivers Public Health just released the new dashboard format on the website at  https://t.co/dJTTv9lIYi, which includes information specific to each county. The picture attached shows what each county looks like.  https://t.co/hQOj1kg3vS",en,[],['http://www.trphd.org'],['https://pbs.twimg.com/media/EcbedYLWkAEFkug.jpg'],1,1,1,[],[],https://twitter.com/TRPublicHealth/status/1280955833287933952,False,,1,https://pbs.twimg.com/media/EcbedYLWkAEFkug.jpg,,,,,,,[],,,,
