id,conversation_id,created_at,date,time,timezone,user_id,username,name,place,tweet,language,mentions,urls,photos,replies_count,retweets_count,likes_count,hashtags,cashtags,link,retweet,quote_url,video,thumbnail,near,geo,source,user_rt_id,user_rt,retweet_id,reply_to,retweet_date,translate,trans_src,trans_dest
1465382551334404111,1465382551334404111,2021-11-29 13:10:00 Eastern Standard Time,2021-11-29,13:10:00,-0500,2871716635,sarpycasshealth,SarpyCassHealth,, https://t.co/PkamHfgYOP,und,[],[],['https://pbs.twimg.com/media/FDcvqOSWYAgJUKE.jpg'],0,1,5,[],[],https://twitter.com/SarpyCassHealth/status/1465382551334404111,False,,1,https://pbs.twimg.com/media/FDcvqOSWYAgJUKE.jpg,,,,,,,[],,,,
1464992228774854656,1464992228774854656,2021-11-28 11:19:00 Eastern Standard Time,2021-11-28,11:19:00,-0500,2871716635,sarpycasshealth,SarpyCassHealth,,"The Nebraska Family Helpline at 888-866-8660 offers assistance 24/7 to identify the potential level of a behavioral health crisis, make recommendations or referrals to appropriate resources, and help callers connect to emergency resources.  https://t.co/Jbcljbz8VF",en,[],[],['https://pbs.twimg.com/media/FCooXrkWYAUfB16.jpg'],0,2,4,[],[],https://twitter.com/SarpyCassHealth/status/1464992228774854656,False,,1,https://pbs.twimg.com/media/FCooXrkWYAUfB16.jpg,,,,,,,[],,,,
1464620277871132679,1464620277871132679,2021-11-27 10:41:00 Eastern Standard Time,2021-11-27,10:41:00,-0500,2871716635,sarpycasshealth,SarpyCassHealth,,Don’t forget the 2 hour rule this Thanksgiving. Take your time around the dinner table but be sure to refrigerate leftovers within 2 hours of cooking to avoid bacterial growth. #foodsafety  https://t.co/jsQLYO2vIn,en,[],[],['https://pbs.twimg.com/media/FCof1XqWQAcyWh3.png'],0,1,2,['foodsafety'],[],https://twitter.com/SarpyCassHealth/status/1464620277871132679,False,,1,https://pbs.twimg.com/media/FCof1XqWQAcyWh3.png,,,,,,,[],,,,
1462845835872329728,1462845835872329728,2021-11-22 13:10:00 Eastern Standard Time,2021-11-22,13:10:00,-0500,2871716635,sarpycasshealth,SarpyCassHealth,, https://t.co/jZH1rKesmo,und,[],[],['https://pbs.twimg.com/media/FDcvlRnXMAM84Er.jpg'],0,1,0,[],[],https://twitter.com/SarpyCassHealth/status/1462845835872329728,False,,1,https://pbs.twimg.com/media/FDcvlRnXMAM84Er.jpg,,,,,,,[],,,,
1462796510714896385,1462796510714896385,2021-11-22 09:54:00 Eastern Standard Time,2021-11-22,09:54:00,-0500,2871716635,sarpycasshealth,SarpyCassHealth,,More than 8 in 10 American adults with prediabetes don't know they have it.  Learn more about prediabetes and take the Prediabetes Risk Test at  https://t.co/bKvUTqLB56 #prediabetes  #diabetes  https://t.co/2dUZWck1m1,en,[],['http://www.cdc.gov/diabetes/basics/prediabetes.html'],['https://pbs.twimg.com/media/FCoV-amXoBYuIEc.jpg'],0,0,1,"['prediabetes', 'diabetes']",[],https://twitter.com/SarpyCassHealth/status/1462796510714896385,False,,1,https://pbs.twimg.com/media/FCoV-amXoBYuIEc.jpg,,,,,,,[],,,,
