id,conversation_id,created_at,date,time,timezone,user_id,username,name,place,tweet,language,mentions,urls,photos,replies_count,retweets_count,likes_count,hashtags,cashtags,link,retweet,quote_url,video,thumbnail,near,geo,source,user_rt_id,user_rt,retweet_id,reply_to,retweet_date,translate,trans_src,trans_dest
1465708676254035984,1465708676254035984,2021-11-30 10:45:54 Eastern Standard Time,2021-11-30,10:45:54,-0500,271972834,cecilcohealth,Cecil County Health,,Today is World Aids Day and CCHD wants to let anyone at risk of exposure to know we are here to help.  We have testing services here:  https://t.co/C0Y83UNmtu and our Pre-exposure program PrEP here:  https://t.co/C0Y83UNmtu  https://t.co/c0KG1FGVN6,en,[],"['https://cecilcountyhealth.org/services/clinic-services/prep/', 'https://cecilcountyhealth.org/services/clinic-services/prep/']",['https://pbs.twimg.com/media/FFc-RB7VIAQLQO7.png'],0,0,0,[],[],https://twitter.com/CecilCoHealth/status/1465708676254035984,False,,1,https://pbs.twimg.com/media/FFc-RB7VIAQLQO7.png,,,,,,,[],,,,
1463944540650459136,1463944540650459136,2021-11-25 13:55:51 Eastern Standard Time,2021-11-25,13:55:51,-0500,271972834,cecilcohealth,Cecil County Health,,We at CCHD are wishing all of you a happy Thanksgiving!  https://t.co/jH9AXDbJ16,en,[],[],['https://pbs.twimg.com/media/FFD5o91XIAMBJKt.jpg'],0,0,2,[],[],https://twitter.com/CecilCoHealth/status/1463944540650459136,False,,1,https://pbs.twimg.com/media/FFD5o91XIAMBJKt.jpg,,,,,,,[],,,,
1463944311276462085,1463944311276462085,2021-11-25 13:54:57 Eastern Standard Time,2021-11-25,13:54:57,-0500,271972834,cecilcohealth,Cecil County Health,,Vaccinating children can help the country reach herd immunity and can protect children from the mental and physical effects of lockdowns and other restrictions. Find a clinic to vaccinate your children here:  https://t.co/3dQyzw4ZTr  https://t.co/1yh8VI1cnR,en,[],['https://cecilcountyhealth.org/coronavirus/vaccination/'],['https://pbs.twimg.com/media/FFD5lHOWQAcFauu.jpg'],0,1,0,[],[],https://twitter.com/CecilCoHealth/status/1463944311276462085,False,,1,https://pbs.twimg.com/media/FFD5lHOWQAcFauu.jpg,,,,,,,[],,,,
1463506024049037313,1463506024049037313,2021-11-24 08:53:21 Eastern Standard Time,2021-11-24,08:53:21,-0500,271972834,cecilcohealth,Cecil County Health,,"Daily COVID-19 Data Update for Nov. 20, 2021. Definitions: The 7-day positivity rate reflects the seven-day moving average of each day's positivity percentage. The 7-day case rate reflects the seven-day moving average of each day's case rate per 100,000 population.""  https://t.co/44meZ2o7Uk",en,[],[],['https://pbs.twimg.com/media/FE9q90FXwAUMDzt.jpg'],0,1,0,[],[],https://twitter.com/CecilCoHealth/status/1463506024049037313,False,,1,https://pbs.twimg.com/media/FE9q90FXwAUMDzt.jpg,,,,,,,[],,,,
1463163208508784645,1463163208508784645,2021-11-23 10:11:07 Eastern Standard Time,2021-11-23,10:11:07,-0500,271972834,cecilcohealth,Cecil County Health,,"Cecil County Health Department will be closed Thursday, Nov. 25 in observance of Thanksgiving and on Friday, Nov. 26 in observance of Native American Heritage Day. CCHD will resume services on Monday, Nov. 29. We at CCHD wish the residents of Cecil County a joyous holiday.  https://t.co/GucjrG1gzP",en,[],[],['https://pbs.twimg.com/media/FE4zLTjWYAggjWY.jpg'],0,0,1,[],[],https://twitter.com/CecilCoHealth/status/1463163208508784645,False,,1,https://pbs.twimg.com/media/FE4zLTjWYAggjWY.jpg,,,,,,,[],,,,
1463156080113037319,1463156080113037319,2021-11-23 09:42:48 Eastern Standard Time,2021-11-23,09:42:48,-0500,271972834,cecilcohealth,Cecil County Health,,CCHD will be Closed November 25th and 26th.   https://t.co/E6Tqg0KbA8  https://t.co/BVOCPrTl4e,en,[],['https://ocv.im/rr2qnSA'],"['https://pbs.twimg.com/media/FE4ssvgXwAoeQhc.jpg', 'https://pbs.twimg.com/media/FE4ss2HXEAc1NYL.png']",0,0,0,[],[],https://twitter.com/CecilCoHealth/status/1463156080113037319,False,,1,https://pbs.twimg.com/media/FE4ssvgXwAoeQhc.jpg,,,,,,,[],,,,
1462887843135574018,1462887843135574018,2021-11-22 15:56:55 Eastern Standard Time,2021-11-22,15:56:55,-0500,271972834,cecilcohealth,Cecil County Health,,Are you new parents or first time parents? Are you a single parent or a grandparent? Want to get out of the house for a while? Need someone to talk to? Bring the kids and come join us! Group meets on Mondays starting in December!  4:30 - 5:30p.m. Call 410-996-5168 or scan QR Code  https://t.co/5Lj42BmqFX,en,[],[],['https://pbs.twimg.com/media/FE04usIVIAQ4z0p.jpg'],0,0,0,[],[],https://twitter.com/CecilCoHealth/status/1462887843135574018,False,,1,https://pbs.twimg.com/media/FE04usIVIAQ4z0p.jpg,,,,,,,[],,,,
1462873776454967302,1462873776454967302,2021-11-22 15:01:01 Eastern Standard Time,2021-11-22,15:01:01,-0500,271972834,cecilcohealth,Cecil County Health,,"Daily COVID-19 Data Update for Nov. 22, 2021. Definitions: The 7-day positivity rate reflects the seven-day moving average of each day's positivity percentage. The 7-day case rate reflects the seven-day moving average of each day's case rate per 100,000 population.""  https://t.co/Ni8AVhV6bR",en,[],[],['https://pbs.twimg.com/media/FE0r8YeUYAYFgDZ.jpg'],0,0,3,[],[],https://twitter.com/CecilCoHealth/status/1462873776454967302,False,,1,https://pbs.twimg.com/media/FE0r8YeUYAYFgDZ.jpg,,,,,,,[],,,,
1462043052827152387,1462043052827152387,2021-11-20 08:00:01 Eastern Standard Time,2021-11-20,08:00:01,-0500,271972834,cecilcohealth,Cecil County Health,,"Daily COVID-19 Data Update for Nov. 20, 2021. Definitions: The 7-day positivity rate reflects the seven-day moving average of each day's positivity percentage. The 7-day case rate reflects the seven-day moving average of each day's case rate per 100,000 population.""  https://t.co/Sc39VQ2X5f",en,[],[],['https://pbs.twimg.com/media/FEk4oV_VEAMWyxS.jpg'],1,2,1,[],[],https://twitter.com/CecilCoHealth/status/1462043052827152387,False,,1,https://pbs.twimg.com/media/FEk4oV_VEAMWyxS.jpg,,,,,,,[],,,,
1461738880541986821,1461738880541986821,2021-11-19 11:51:21 Eastern Standard Time,2021-11-19,11:51:21,-0500,271972834,cecilcohealth,Cecil County Health,,You can schedule an appointment for child between the ages of 5 and 11 here:  https://t.co/Dg37C94iG2  https://t.co/ivcffkBvWU,en,[],['https://cecilcountyhealth.org/vaccination-clinics-for-5.../'],[],0,0,0,[],[],https://twitter.com/CecilCoHealth/status/1461738880541986821,False,,1,https://pbs.twimg.com/ext_tw_video_thumb/1461738654234071043/pu/img/wIhPu906rUaQtAiz.jpg,,,,,,,[],,,,
1461727615505424386,1461727615505424386,2021-11-19 11:06:35 Eastern Standard Time,2021-11-19,11:06:35,-0500,271972834,cecilcohealth,Cecil County Health,,See this Instagram video by @  https://t.co/7kSVdpYznz,en,[],['https://www.instagram.com/p/CWdcX6RsB5D/?utm_source=ig_web_button_share_sheet'],[],0,0,0,[],[],https://twitter.com/CecilCoHealth/status/1461727615505424386,False,,0,,,,,,,,[],,,,
1461410096496275460,1461410096496275460,2021-11-18 14:04:53 Eastern Standard Time,2021-11-18,14:04:53,-0500,271972834,cecilcohealth,Cecil County Health,,"Did you know CCHD had an App? Well, we do and when you download our app you'll be the first to know about news, notifications, and important updates. So follow the link and see all that CCHD has to offer our community.  https://t.co/F6X8nlKRHP  https://t.co/ItUSwbMo3s",en,[],['https://apps.myocv.com/share/a54021921'],['https://pbs.twimg.com/media/FEf4taUVkAEQcvs.jpg'],0,0,0,[],[],https://twitter.com/CecilCoHealth/status/1461410096496275460,False,,1,https://pbs.twimg.com/media/FEf4taUVkAEQcvs.jpg,,,,,,,[],,,,
1461355149184536594,1461355149184536594,2021-11-18 10:26:32 Eastern Standard Time,2021-11-18,10:26:32,-0500,271972834,cecilcohealth,Cecil County Health,,We're already vaccinated? What will you choose?  https://t.co/3dQyzvNouR  https://t.co/W036JJdBaX,en,[],['https://cecilcountyhealth.org/coronavirus/vaccination/'],[],0,2,2,[],[],https://twitter.com/CecilCoHealth/status/1461355149184536594,False,,1,https://pbs.twimg.com/ext_tw_video_thumb/1461354761265967107/pu/img/mlPgllsn6SoCgOjg.jpg,,,,,,,[],,,,
1461055807047434240,1461055807047434240,2021-11-17 14:37:04 Eastern Standard Time,2021-11-17,14:37:04,-0500,271972834,cecilcohealth,Cecil County Health,,"If you have or are at risk of Type 2 Diabetes, there is something you can do. Join Prevent T2 is a lifestyle change program proven to prevent or delay Type 2 Diabetes.  CALL OR VISIT US ON THE WEB! 410-996-5168  https://t.co/ye8ImSWn8h  https://t.co/Yesa1OHRWa",en,[],['http://www.cecilcountyhealth.org'],['https://pbs.twimg.com/media/FEa2gPtUYAIbuYV.jpg'],0,0,0,[],[],https://twitter.com/CecilCoHealth/status/1461055807047434240,False,,1,https://pbs.twimg.com/media/FEa2gPtUYAIbuYV.jpg,,,,,,,[],,,,
1461007769985683457,1461007769985683457,2021-11-17 11:26:11 Eastern Standard Time,2021-11-17,11:26:11,-0500,271972834,cecilcohealth,Cecil County Health,,CCHD extends our gratitude for Maryland Natural Resources Officer First Class Jacob Gerczak who jumped into the Bohemia River to save a woman's life. Read all about it here:  https://t.co/qHPyNKijsE  https://t.co/8Xpfwjm3LW,en,[],['https://bit.ly/3kN0auN'],['https://pbs.twimg.com/media/FEaKz-3VkAEQoUn.jpg'],0,0,2,[],[],https://twitter.com/CecilCoHealth/status/1461007769985683457,False,,1,https://pbs.twimg.com/media/FEaKz-3VkAEQoUn.jpg,,,,,,,[],,,,
1460666550726266887,1460666550726266887,2021-11-16 12:50:18 Eastern Standard Time,2021-11-16,12:50:18,-0500,271972834,cecilcohealth,Cecil County Health,,"Daily COVID-19 Data Update for Nov. 10, 2021. Definitions: The 7-day positivity rate reflects the seven-day moving average of each day's positivity percentage. The 7-day case rate reflects the seven-day moving average of each day's case rate per 100,000 population.""  https://t.co/THYGeP85JL",en,[],[],['https://pbs.twimg.com/media/FEVUdq7VcAEeC-2.jpg'],0,0,0,[],[],https://twitter.com/CecilCoHealth/status/1460666550726266887,False,,1,https://pbs.twimg.com/media/FEVUdq7VcAEeC-2.jpg,,,,,,,[],,,,
1460317154084012036,1460317154084012036,2021-11-15 13:41:55 Eastern Standard Time,2021-11-15,13:41:55,-0500,271972834,cecilcohealth,Cecil County Health,,Upcoming Pediatric COVID-19 Vaccine Clinics  https://t.co/hLrOEpPvnN  https://t.co/bak23fygx7,en,[],['https://ocv.im/u65mtC4'],['https://pbs.twimg.com/media/FEQWtfVX0AcyGfT.jpg'],0,4,6,[],[],https://twitter.com/CecilCoHealth/status/1460317154084012036,False,,1,https://pbs.twimg.com/media/FEQWtfVX0AcyGfT.jpg,,,,,,,[],,,,
1458499637229326340,1458499637229326340,2021-11-10 13:19:45 Eastern Standard Time,2021-11-10,13:19:45,-0500,271972834,cecilcohealth,Cecil County Health,,"Daily COVID-19 Data Update for Nov. 10, 2021. Definitions: The 7-day positivity rate reflects the seven-day moving average of each day's positivity percentage. The 7-day case rate reflects the seven-day moving average of each day's case rate per 100,000 population.""  https://t.co/pmsJ5bwVIz",en,[],[],['https://pbs.twimg.com/media/FD2hr1MX0AIW6IS.jpg'],0,1,0,[],[],https://twitter.com/CecilCoHealth/status/1458499637229326340,False,,1,https://pbs.twimg.com/media/FD2hr1MX0AIW6IS.jpg,,,,,,,[],,,,
1458128854447378436,1458128854447378436,2021-11-09 12:46:24 Eastern Standard Time,2021-11-09,12:46:24,-0500,271972834,cecilcohealth,Cecil County Health,,"Parents of children 5 to 11 can vaccinate their children against COVID-19.  Nov. 10 from 3 - 6 p.m. at the Elkton Community Center,   https://t.co/OkeRYO21D0 Nov. 13 from 1 - 3 p.m. at Union Hospital  https://t.co/V3PdVzQOtG  https://t.co/O5nk61BMHJ",en,[],"['https://marylandvax.org/appointment/en/reg/3931650372', 'https://marylandvax.org/appointment/en/reg/5317296041']",['https://pbs.twimg.com/media/FDxQcEiUYAEnUWV.jpg'],0,0,0,[],[],https://twitter.com/CecilCoHealth/status/1458128854447378436,False,,1,https://pbs.twimg.com/media/FDxQcEiUYAEnUWV.jpg,,,,,,,[],,,,
1458120812540563465,1458120812540563465,2021-11-09 12:14:26 Eastern Standard Time,2021-11-09,12:14:26,-0500,271972834,cecilcohealth,Cecil County Health,,"Don't Wait. Cancer Doesn't. If you are a Maryland resident ages 50 to 80 years old, with a smoking history, that currently smokes or quit smoking recently, You may be eligible for a no-cost low lung cancer screening.  Call the Cancer Screening Program at 410-996-5168.  https://t.co/sgLHmJ8RFW",en,[],[],['https://pbs.twimg.com/media/FDxIt-cVcAAeyXN.jpg'],0,0,0,[],[],https://twitter.com/CecilCoHealth/status/1458120812540563465,False,,1,https://pbs.twimg.com/media/FDxIt-cVcAAeyXN.jpg,,,,,,,[],,,,
