id,conversation_id,created_at,date,time,timezone,user_id,username,name,place,tweet,language,mentions,urls,photos,replies_count,retweets_count,likes_count,hashtags,cashtags,link,retweet,quote_url,video,thumbnail,near,geo,source,user_rt_id,user_rt,retweet_id,reply_to,retweet_date,translate,trans_src,trans_dest
1465745528872910858,1465745528872910858,2021-11-30 13:12:20 Eastern Standard Time,2021-11-30,13:12:20,-0500,132928701,claymohealth,Clay County Public Health Center,,"Many people, including young adults, are suffering from long-term health problems months after they got COVID-19. Getting vaccinated is the best way to prevent Long COVID.  https://t.co/TncRY6qBLT #VoicesofLongCovid  https://t.co/wWLKeBgKhd",en,[],['http://voicesoflongcovid.org'],[],0,0,0,['voicesoflongcovid'],[],https://twitter.com/claymohealth/status/1465745528872910858,False,,1,https://pbs.twimg.com/ext_tw_video_thumb/1465745452700254220/pu/img/hCUV28uU-AVwLrtc.jpg,,,,,,,[],,,,
1465721802093744129,1465721802093744129,2021-11-30 11:38:04 Eastern Standard Time,2021-11-30,11:38:04,-0500,132928701,claymohealth,Clay County Public Health Center,,"Research points to family meals as helping to increase children’s academic performance, literacy, and connection to family, while decreasing the risk of depression, substance use, and obesity.  https://t.co/obnYL0I7lG  https://t.co/HLNbynXSHQ",en,[],['http://ParentUpKC.com/Meaningful-Meals'],['https://pbs.twimg.com/media/FFdKNgnXoAkHVnK.png'],0,1,0,[],[],https://twitter.com/claymohealth/status/1465721802093744129,False,,1,https://pbs.twimg.com/media/FFdKNgnXoAkHVnK.png,,,,,,,[],,,,
1465395228995641347,1465395228995641347,2021-11-29 14:00:22 Eastern Standard Time,2021-11-29,14:00:22,-0500,132928701,claymohealth,Clay County Public Health Center,,"Remember, all #COVID19 vaccines are free for everyone, even those who don't have insurance.   If you are a resident of Clay County, you might even be eligible to get up to $100 for getting your first vaccination with Clay County Public Health Center.  https://t.co/xpIsLn44Xm  https://t.co/Zu5JPYQ6F8",en,[],['http://clayhealth.com/covidvax'],['https://pbs.twimg.com/media/FFYhMRnXoAEFejq.png'],0,6,6,['covid19'],[],https://twitter.com/claymohealth/status/1465395228995641347,False,,1,https://pbs.twimg.com/media/FFYhMRnXoAEFejq.png,,,,,,,[],,,,
1465350608014163978,1465350608014163978,2021-11-29 11:03:04 Eastern Standard Time,2021-11-29,11:03:04,-0500,132928701,claymohealth,Clay County Public Health Center,,"THIS WEEK - On Wednesday (12/1), stop by CCPHC to get free fruits &amp; veggies. Distribution starts at 3pm and goes while supplies last (or 4:30).   No paperwork or proof of need is required. No dental services or diapers will be offered this month.   https://t.co/K4KE7W1KyV  https://t.co/lyfebWEIBz",en,[],['https://fb.me/e/1dd8pA9xJ'],['https://pbs.twimg.com/media/FFX4mhTWUAcwKJh.jpg'],0,3,2,[],[],https://twitter.com/claymohealth/status/1465350608014163978,False,,1,https://pbs.twimg.com/media/FFX4mhTWUAcwKJh.jpg,,,,,,,[],,,,
1464654254912811012,1464654254912811012,2021-11-27 12:56:00 Eastern Standard Time,2021-11-27,12:56:00,-0500,132928701,claymohealth,Clay County Public Health Center,,"Have questions about COVID-19 vaccines? Medical professionals from University Health KC have answers. Register now to join the virtual event on Tuesday, Nov. 30 at 7pm.  https://t.co/nknuqwdG4M",en,[],['https://bit.ly/30yQEEP'],[],0,1,1,[],[],https://twitter.com/claymohealth/status/1464654254912811012,False,,0,,,,,,,,[],,,,
1464266464396029958,1464266464396029958,2021-11-26 11:15:04 Eastern Standard Time,2021-11-26,11:15:04,-0500,132928701,claymohealth,Clay County Public Health Center,,We currently have a variety of opportunities to join the Clay County Public Health Center team. Learn more about our current openings and benefits offered to employees at  https://t.co/pOlKLce6dx.  https://t.co/S8bsMVvleF,en,[],['http://clayhealth.com/jobs'],['https://pbs.twimg.com/media/FFIelmoWQBA2bFH.jpg'],0,0,0,[],[],https://twitter.com/claymohealth/status/1464266464396029958,False,,1,https://pbs.twimg.com/media/FFIelmoWQBA2bFH.jpg,,,,,,,[],,,,
1463578418440716293,1463578418440716293,2021-11-24 13:41:01 Eastern Standard Time,2021-11-24,13:41:01,-0500,132928701,claymohealth,Clay County Public Health Center,,Avoid a cold turkey. Always use a food thermometer to make sure your turkey is cooked to at least 165 degrees to kill germs that can cause food poisoning.  Learn more about safe meal prep:  https://t.co/OXxQ4B4Zza  https://t.co/HQPeFjuqYh,en,[],['https://bit.ly/2OSgp9o'],['https://pbs.twimg.com/media/FE-s0I2XEAYKsC6.jpg'],0,0,0,[],[],https://twitter.com/claymohealth/status/1463578418440716293,False,,1,https://pbs.twimg.com/media/FE-s0I2XEAYKsC6.jpg,,,,,,,[],,,,
1463530278262091789,1463530278262091789,2021-11-24 10:29:44 Eastern Standard Time,2021-11-24,10:29:44,-0500,132928701,claymohealth,Clay County Public Health Center,,"Our next mobile food pantry will be on Wednesday, Dec. 1. Distribution of the free fruits &amp; veggies starts at 3pm and goes while supplies last or 4:30.  https://t.co/K4KE7W1KyV  No paperwork or proof of need is required.  No dental services or diapers will be offered this month.  https://t.co/RqDsIlsmCx",en,[],['https://fb.me/e/1dd8pA9xJ'],['https://pbs.twimg.com/media/FE-BBv6X0AgR_Id.jpg'],0,1,3,[],[],https://twitter.com/claymohealth/status/1463530278262091789,False,,1,https://pbs.twimg.com/media/FE-BBv6X0AgR_Id.jpg,,,,,,,[],,,,
1463237182127288322,1463237182127288322,2021-11-23 15:05:04 Eastern Standard Time,2021-11-23,15:05:04,-0500,132928701,claymohealth,Clay County Public Health Center,,"Until the end of the year, breastfeeding women in the WIC program will receive an increased benefit for fruits and veggies. If you're not already part of WIC, it's not too late to take advantage of these extra benefits. Visit  https://t.co/mA4hmjlkOS to see if you qualify.  https://t.co/jA6sLAL2do",en,[],['http://clayhealth.com/wic'],['https://pbs.twimg.com/media/FE52daNXEA4GBcC.jpg'],0,0,1,[],[],https://twitter.com/claymohealth/status/1463237182127288322,False,,1,https://pbs.twimg.com/media/FE52daNXEA4GBcC.jpg,,,,,,,[],,,,
1463202976055668741,1463202976055668741,2021-11-23 12:49:09 Eastern Standard Time,2021-11-23,12:49:09,-0500,132928701,claymohealth,Clay County Public Health Center,,"Getting vaccinated, washing your hands, and taking travel precautions are just a few of the ways to enjoy a safe and healthy #Thanksgiving2021. Read more about how to stay safe this holiday:  https://t.co/bZP2o9tGZY.  https://t.co/hqUWGIr5MY",en,[],['https://bit.ly/3mYb1Dz'],['https://pbs.twimg.com/media/FE5XWOTX0A4dyHz.jpg'],1,1,3,['thanksgiving2021'],[],https://twitter.com/claymohealth/status/1463202976055668741,False,,1,https://pbs.twimg.com/media/FE5XWOTX0A4dyHz.jpg,,,,,,,[],,,,
1463157013496610817,1463157013496610817,2021-11-23 09:46:30 Eastern Standard Time,2021-11-23,09:46:30,-0500,132928701,claymohealth,Clay County Public Health Center,,ICYMI ⬇️⬇️⬇️,pl,[],[],[],0,0,0,[],[],https://twitter.com/claymohealth/status/1463157013496610817,False,https://twitter.com/ChildrensMercy/status/1459551634648797192,0,,,,,,,,[],,,,
1462865985707327494,1462865985707327494,2021-11-22 14:30:04 Eastern Standard Time,2021-11-22,14:30:04,-0500,132928701,claymohealth,Clay County Public Health Center,,"Let's talk turkey! If you are preparing this meat for your Thanksgiving meal, prevent foodborne illness by following these tips while thawing &amp; cooking.  Above all, remember these four keys to food safety: Clean 💧 Separate ↔️ Cook 🔥 Chill ❄️  Learn more:  https://t.co/2Di6ns41qg  https://t.co/DgvEC60WS9",en,[],['https://bit.ly/3xbC2qF'],['https://pbs.twimg.com/media/FE0k2xXWYAITHKu.jpg'],0,1,0,[],[],https://twitter.com/claymohealth/status/1462865985707327494,False,,1,https://pbs.twimg.com/media/FE0k2xXWYAITHKu.jpg,,,,,,,[],,,,
1462810637629804552,1462810637629804552,2021-11-22 10:50:08 Eastern Standard Time,2021-11-22,10:50:08,-0500,132928701,claymohealth,Clay County Public Health Center,,"We will be closed on Thursday and Friday this week. We hope you and your family enjoy the Thanksgiving holiday and we will look forward to serving you again starting Monday, Nov. 29.  https://t.co/t1Gh9ROSKi",en,[],[],['https://pbs.twimg.com/media/FEzyhbFXoAIaGm5.jpg'],0,0,2,[],[],https://twitter.com/claymohealth/status/1462810637629804552,False,,1,https://pbs.twimg.com/media/FEzyhbFXoAIaGm5.jpg,,,,,,,[],,,,
1461802722924105742,1461802722924105742,2021-11-19 16:05:02 Eastern Standard Time,2021-11-19,16:05:02,-0500,132928701,claymohealth,Clay County Public Health Center,,Trying to take advantage of seasonal produce like squash but not sure how to incorporate it into your meals? Not sure you even like squash? Try this recipe that you and the kids are sure to enjoy.  https://t.co/oGqLSHV2xQ,en,[],[],['https://pbs.twimg.com/media/FEld0-_X0AsZIZ9.jpg'],0,0,0,[],[],https://twitter.com/claymohealth/status/1461802722924105742,False,,1,https://pbs.twimg.com/media/FEld0-_X0AsZIZ9.jpg,,,,,,,[],,,,
1461729764788555779,1461729764788555779,2021-11-19 11:15:08 Eastern Standard Time,2021-11-19,11:15:08,-0500,132928701,claymohealth,Clay County Public Health Center,,"Before you start preparing any of those #Thanksgiving dishes, why not get a refresher on #foodsafety? Your family will appreciate your efforts to keep everyone safe and happy this holiday season.  https://t.co/r2ZeVgr8za  https://t.co/fXFBZVP8Jk",en,[],['https://www.cdc.gov/foodsafety/'],['https://pbs.twimg.com/media/FEkbeLyXwAUkIo-.jpg'],0,1,0,"['thanksgiving', 'foodsafety']",[],https://twitter.com/claymohealth/status/1461729764788555779,False,,1,https://pbs.twimg.com/media/FEkbeLyXwAUkIo-.jpg,,,,,,,[],,,,
1461431554891206665,1461431554891206665,2021-11-18 15:30:09 Eastern Standard Time,2021-11-18,15:30:09,-0500,132928701,claymohealth,Clay County Public Health Center,,Have questions about kids and COVID vaccines? Check out this playlist where pediatricians and a pediatric disease specialist answer common questions:  https://t.co/zyOhJGFher.  Find a list of places for people of all ages to get vaccinated against COVID at  https://t.co/bcK8IzoZOz.  https://t.co/vhP2h5RztK,en,[],"['https://bit.ly/3c2uInM', 'http://clayhealth.com/getcovidvax']",['https://pbs.twimg.com/media/FEgMQOaX0AEWzlG.jpg'],0,1,1,[],[],https://twitter.com/claymohealth/status/1461431554891206665,False,,1,https://pbs.twimg.com/media/FEgMQOaX0AEWzlG.jpg,,,,,,,[],,,,
1461008775503126530,1461008775503126530,2021-11-17 11:30:10 Eastern Standard Time,2021-11-17,11:30:10,-0500,132928701,claymohealth,Clay County Public Health Center,,Winter is a tricky time for car seats. Here are some tips from the American Academy of Pediatrics (AAP) will help parents strike that perfect balance between keeping little ones warm as well as safely buckled in their car seats.  https://t.co/OQw5yqcxmk  https://t.co/7SFqVsHbAm,en,[],['https://bit.ly/3c2iQ4V'],['https://pbs.twimg.com/media/FEaLukOXwAkbjlR.jpg'],0,1,4,[],[],https://twitter.com/claymohealth/status/1461008775503126530,False,,1,https://pbs.twimg.com/media/FEaLukOXwAkbjlR.jpg,,,,,,,[],,,,
1460767148574396416,1460767148574396416,2021-11-16 19:30:02 Eastern Standard Time,2021-11-16,19:30:02,-0500,132928701,claymohealth,Clay County Public Health Center,,"Share the room, not the bed. You and your baby will both sleep better…and safer.  https://t.co/VIvXSnRwbe  https://t.co/k4TwcMhC0d",en,[],['https://safesleep.mo.gov/'],['https://pbs.twimg.com/media/FEWv-uTXsAQe97h.jpg'],0,0,1,[],[],https://twitter.com/claymohealth/status/1460767148574396416,False,,1,https://pbs.twimg.com/media/FEWv-uTXsAQe97h.jpg,,,,,,,[],,,,
1460626230059929605,1460626230059929605,2021-11-16 10:10:05 Eastern Standard Time,2021-11-16,10:10:05,-0500,132928701,claymohealth,Clay County Public Health Center,,"Until the end of the year, kids in the WIC program will receive an increased benefit for fruits and veggies.   If your family is not already part of WIC, it's not too late to take advantage of these extra benefits. Visit  https://t.co/mA4hmjlkOS to see if you qualify.  https://t.co/DX42orz2jR",en,[],['http://clayhealth.com/wic'],['https://pbs.twimg.com/media/FEUv0GqWUBQpsZQ.jpg'],0,1,1,[],[],https://twitter.com/claymohealth/status/1460626230059929605,False,,1,https://pbs.twimg.com/media/FEUv0GqWUBQpsZQ.jpg,,,,,,,[],,,,
1460278949142056961,1460278949142056961,2021-11-15 11:10:06 Eastern Standard Time,2021-11-15,11:10:06,-0500,132928701,claymohealth,Clay County Public Health Center,,"November is #AlzheimersAwarenessMonth. You can participate by learning more about Alzheimer's disease - like who has it, what the warning signs are and more - at  https://t.co/3g1ZP1j3Ku.  https://t.co/RyJZXDYoKD",en,[],['https://bit.ly/2MOdgqG'],['https://pbs.twimg.com/media/FEPz9k_XMAIONA2.png'],0,0,0,['alzheimersawarenessmonth'],[],https://twitter.com/claymohealth/status/1460278949142056961,False,,1,https://pbs.twimg.com/media/FEPz9k_XMAIONA2.png,,,,,,,[],,,,
