id,conversation_id,created_at,date,time,timezone,user_id,username,name,place,tweet,language,mentions,urls,photos,replies_count,retweets_count,likes_count,hashtags,cashtags,link,retweet,quote_url,video,thumbnail,near,geo,source,user_rt_id,user_rt,retweet_id,reply_to,retweet_date,translate,trans_src,trans_dest
1465696011238588421,1465696011238588421,2021-11-30 09:55:35 Eastern Standard Time,2021-11-30,09:55:35,-0500,1296475973546840065,crcohd,Crawford County Health Department,,The Crawford County Health Department will be offering COVID-19 booster shots every Tuesday and Friday at the Health Department.   No appointment necessary.  Ample supply of vaccine available.  https://t.co/1qPResbIC7,en,[],['https://www.instagram.com/p/CW53PP_A5PA/?utm_medium=twitter'],[],0,1,0,[],[],https://twitter.com/crcohd/status/1465696011238588421,False,,0,,,,,,,,[],,,,
1465316438823030792,1465316438823030792,2021-11-29 08:47:17 Eastern Standard Time,2021-11-29,08:47:17,-0500,1296475973546840065,crcohd,Crawford County Health Department,,Just posted a photo  https://t.co/puJ2CrKN85,en,[],['https://www.instagram.com/p/CW3KoHxrrC_/?utm_medium=twitter'],[],0,0,0,[],[],https://twitter.com/crcohd/status/1465316438823030792,False,,0,,,,,,,,[],,,,
1463596962347986949,1463596962347986949,2021-11-24 14:54:42 Eastern Standard Time,2021-11-24,14:54:42,-0500,1296475973546840065,crcohd,Crawford County Health Department,,"UPDATE: 11/24/2021  Due to the Thanksgiving holiday, Community Gating Criteria will be shared next week on Tuesday, November 30th.  https://t.co/l4SNujYxES",en,[],['https://www.instagram.com/p/CWq8s2VvXj2/?utm_medium=twitter'],[],0,1,1,[],[],https://twitter.com/crcohd/status/1463596962347986949,False,,0,,,,,,,,[],,,,
1463275941074018312,1463275941074018312,2021-11-23 17:39:05 Eastern Standard Time,2021-11-23,17:39:05,-0500,1296475973546840065,crcohd,Crawford County Health Department,,Just posted a photo  https://t.co/UUy5d6mmW7,en,[],['https://www.instagram.com/p/CWoqty1L1XI/?utm_medium=twitter'],[],0,0,0,[],[],https://twitter.com/crcohd/status/1463275941074018312,False,,0,,,,,,,,[],,,,
1463274267789955073,1463274267789955073,2021-11-23 17:32:26 Eastern Standard Time,2021-11-23,17:32:26,-0500,1296475973546840065,crcohd,Crawford County Health Department,,Just posted a photo  https://t.co/QQxxl9psf3,en,[],['https://www.instagram.com/p/CWop8zXPCCC/?utm_medium=twitter'],[],0,0,0,[],[],https://twitter.com/crcohd/status/1463274267789955073,False,,0,,,,,,,,[],,,,
1462861439199236109,1462861439199236109,2021-11-22 14:12:00 Eastern Standard Time,2021-11-22,14:12:00,-0500,1296475973546840065,crcohd,Crawford County Health Department,,Just posted a photo  https://t.co/YZ4gpPrqIH,en,[],['https://www.instagram.com/p/CWluOQmvPsF/?utm_medium=twitter'],[],0,0,0,[],[],https://twitter.com/crcohd/status/1462861439199236109,False,,0,,,,,,,,[],,,,
