id,conversation_id,created_at,date,time,timezone,user_id,username,name,place,tweet,language,mentions,urls,photos,replies_count,retweets_count,likes_count,hashtags,cashtags,link,retweet,quote_url,video,thumbnail,near,geo,source,user_rt_id,user_rt,retweet_id,reply_to,retweet_date,translate,trans_src,trans_dest
1465706951296249865,1465706951296249865,2021-11-30 10:39:03 Eastern Standard Time,2021-11-30,10:39:03,-0500,462917435,ccbh_net,CCBH_Net,,"A Boil Advisory is in place for several East Side suburbs today. The affected areas include portions of Highland Heights, Richmond Heights, Lyndhurst, South Euclid, Euclid, Mayfield, Mayfield Heights, University Heights and Gates Mills.  https://t.co/UjxIkonq4P",en,[],['https://clevelandgis.maps.arcgis.com/apps/webappviewer/index.html?id=21d27b6876944aa1b6ac5d060d699fb8&fbclid=IwAR3sc6QR0qWWqbMSeBNRpzbE1PPF1YlIGI1bPKDCPFQukZxqb5Sd9QJteYE'],[],0,2,2,[],[],https://twitter.com/CCBH_Net/status/1465706951296249865,False,,0,,,,,,,,[],,,,
1465320541276057609,1465320541276057609,2021-11-29 09:03:36 Eastern Standard Time,2021-11-29,09:03:36,-0500,462917435,ccbh_net,CCBH_Net,,Here are answers to questions about covid vaccine booster shots:  https://t.co/469Dt5XMaC,en,[],['https://coronavirus.ohio.gov/wps/portal/gov/covid-19/resources/general-resources/faq-covid-19-vaccine-booster-doses'],[],0,1,2,[],[],https://twitter.com/CCBH_Net/status/1465320541276057609,False,,0,,,,,,,,[],,,,
1463233283316195329,1463233283316195329,2021-11-23 14:49:34 Eastern Standard Time,2021-11-23,14:49:34,-0500,462917435,ccbh_net,CCBH_Net,, https://t.co/6OsbCzXOCH,und,[],[],['https://pbs.twimg.com/media/FE5y4StXsAYarsJ.jpg'],0,0,0,[],[],https://twitter.com/CCBH_Net/status/1463233283316195329,False,,1,https://pbs.twimg.com/media/FE5y4StXsAYarsJ.jpg,,,,,,,[],,,,
1463233173308022785,1463233173308022785,2021-11-23 14:49:08 Eastern Standard Time,2021-11-23,14:49:08,-0500,462917435,ccbh_net,CCBH_Net,,The next deadline to enter is November 27  https://t.co/F33c3EasNx,en,[],[],['https://pbs.twimg.com/media/FE5ywOrXEAEDKWy.jpg'],0,0,1,[],[],https://twitter.com/CCBH_Net/status/1463233173308022785,False,,1,https://pbs.twimg.com/media/FE5ywOrXEAEDKWy.jpg,,,,,,,[],,,,
1462792727465271300,1462792727465271300,2021-11-22 09:38:58 Eastern Standard Time,2021-11-22,09:38:58,-0500,462917435,ccbh_net,CCBH_Net,,"Today, we thank all of our partners in public health for the great work they do every day to keep their communities safe.  https://t.co/chPX0M0vI0",en,[],[],['https://pbs.twimg.com/media/FEziI1xXIAQNFsX.jpg'],0,2,4,[],[],https://twitter.com/CCBH_Net/status/1462792727465271300,False,,1,https://pbs.twimg.com/media/FEziI1xXIAQNFsX.jpg,,,,,,,[],,,,
1462791040520310788,1462791040520310788,2021-11-22 09:32:16 Eastern Standard Time,2021-11-22,09:32:16,-0500,462917435,ccbh_net,CCBH_Net,,Check out this excellent guide to help keep your Thanksgiving celebration free from illness:  https://t.co/MRjn5MtSNd,en,[],['https://www.fsis.usda.gov/food-safety/safe-food-handling-and-preparation/poultry/lets-talk-turkey-roasting'],[],0,1,0,[],[],https://twitter.com/CCBH_Net/status/1462791040520310788,False,,0,,,,,,,,[],,,,
1462783765483298827,1462783765483298827,2021-11-22 09:03:21 Eastern Standard Time,2021-11-22,09:03:21,-0500,462917435,ccbh_net,CCBH_Net,, https://t.co/LbwXDXsqqU,und,[],[],['https://pbs.twimg.com/media/FEzaC-9WUAE_EI4.png'],1,7,10,[],[],https://twitter.com/CCBH_Net/status/1462783765483298827,False,,1,https://pbs.twimg.com/media/FEzaC-9WUAE_EI4.png,,,,,,,[],,,,
1462070369548918793,1462070369548918793,2021-11-20 09:48:34 Eastern Standard Time,2021-11-20,09:48:34,-0500,462917435,ccbh_net,CCBH_Net,,"Current job openings at our agency include: Administrative Supervisor, Data Analyst, HR Generalist and Informatician/Programmer. Apply on our website:  https://t.co/zHXD6nDjEq  https://t.co/x4IfB7R0yE",en,[],['https://ccbh.applicantstack.com/x/openings?template_id=3491'],['https://pbs.twimg.com/media/FEpRNurXsAAXFv6.png'],0,0,0,[],[],https://twitter.com/CCBH_Net/status/1462070369548918793,False,,1,https://pbs.twimg.com/media/FEpRNurXsAAXFv6.png,,,,,,,[],,,,
1461372284808179717,1461372284808179717,2021-11-18 11:34:38 Eastern Standard Time,2021-11-18,11:34:38,-0500,462917435,ccbh_net,CCBH_Net,, https://t.co/OYV39qjD6p,und,[],[],['https://pbs.twimg.com/media/FEfWUGoXEAYZwn3.jpg'],0,0,1,[],[],https://twitter.com/CCBH_Net/status/1461372284808179717,False,,1,https://pbs.twimg.com/media/FEfWUGoXEAYZwn3.jpg,,,,,,,[],,,,
1460973219582812175,1460973219582812175,2021-11-17 09:08:53 Eastern Standard Time,2021-11-17,09:08:53,-0500,462917435,ccbh_net,CCBH_Net,, https://t.co/fY6pc6WbNE,und,[],[],['https://pbs.twimg.com/media/FEZrYkJXsAkWyHA.jpg'],0,5,7,[],[],https://twitter.com/CCBH_Net/status/1460973219582812175,False,,1,https://pbs.twimg.com/media/FEZrYkJXsAkWyHA.jpg,,,,,,,[],,,,
1460253822715113484,1460253822715113484,2021-11-15 09:30:16 Eastern Standard Time,2021-11-15,09:30:16,-0500,462917435,ccbh_net,CCBH_Net,,"Walk-ins are welcome at this week's community covid clinics. November 17 Location: Spanish-American Committee – 4407 Lorain Avenue, Cleveland, 44113 Time: 2 – 4 p.m. November 18 Location: Friends of East Cleveland Public Library – 14101 Euclid Avenue, 44112 Time: 3 – 5 p.m.  https://t.co/iDQV3wb2JF",en,[],[],['https://pbs.twimg.com/media/FEPdFEsXsAMnQGv.jpg'],0,3,7,[],[],https://twitter.com/CCBH_Net/status/1460253822715113484,False,,1,https://pbs.twimg.com/media/FEPdFEsXsAMnQGv.jpg,,,,,,,[],,,,
1458454121565065221,1458454121565065221,2021-11-10 10:18:54 Eastern Standard Time,2021-11-10,10:18:54,-0500,462917435,ccbh_net,CCBH_Net,, https://t.co/k9GlG4Ac8J,und,[],['https://www.thelandcle.org/stories/nonprofit-gives-cuyahoga-county-residents-a-vision-of-change'],[],0,0,0,[],[],https://twitter.com/CCBH_Net/status/1458454121565065221,False,,0,,,,,,,,[],,,,
1458452937999585285,1458452937999585285,2021-11-10 10:14:11 Eastern Standard Time,2021-11-10,10:14:11,-0500,462917435,ccbh_net,CCBH_Net,, https://t.co/5XejnqSWXZ,und,[],['https://www.thelandcle.org/stories/hip-cuyahoga-takes-on-health-disparities-in-the-community'],[],0,0,1,[],[],https://twitter.com/CCBH_Net/status/1458452937999585285,False,,0,,,,,,,,[],,,,
1457756838062170127,1457756838062170127,2021-11-08 12:08:08 Eastern Standard Time,2021-11-08,12:08:08,-0500,462917435,ccbh_net,CCBH_Net,,"Due to COVID-19, our clinic is open by appointment only. Walk-ins cannot be accepted at this time. Please call 216.201.2041 or email ccbhnurse@ccbh.net to schedule your appointment.  https://t.co/g3ZLac0I9o",en,[],[],['https://pbs.twimg.com/media/FDr-CM7WYAgwI-F.jpg'],0,2,4,[],[],https://twitter.com/CCBH_Net/status/1457756838062170127,False,,1,https://pbs.twimg.com/media/FDr-CM7WYAgwI-F.jpg,,,,,,,[],,,,
1457735181058646018,1457735181058646018,2021-11-08 10:42:05 Eastern Standard Time,2021-11-08,10:42:05,-0500,462917435,ccbh_net,CCBH_Net,,FAQ: COVID-19 vaccines for children ages 5-11  https://t.co/6OjEWi0fIy,en,[],['https://coronavirus.ohio.gov/wps/portal/gov/covid-19/resources/general-resources/youth-vaccines-faq'],[],0,2,2,[],[],https://twitter.com/CCBH_Net/status/1457735181058646018,False,,0,,,,,,,,[],,,,
1453764931740897293,1453764931740897293,2021-10-28 12:45:44 Eastern Daylight Time,2021-10-28,12:45:44,-0500,462917435,ccbh_net,CCBH_Net,,Learn more about vaccine efficacy and effectiveness from the World Health Organization. Understand what being protected really means:  https://t.co/3ZXgN7F04W,en,[],['https://www.who.int/news-room/feature-stories/detail/vaccine-efficacy-effectiveness-and-protection?fbclid=IwAR36M9-iffZj4IboxkWhpbXozqogZH7WbGCB2G9TIw_h5EU7FF-R2vQkGYM'],[],0,2,1,[],[],https://twitter.com/CCBH_Net/status/1453764931740897293,False,,0,,,,,,,,[],,,,
1453013852388528130,1453013852388528130,2021-10-26 11:01:12 Eastern Daylight Time,2021-10-26,11:01:12,-0500,462917435,ccbh_net,CCBH_Net,,"Join us Wednesday, October 27 at our next covid vaccine clinic. Walk-ins are welcome. Location: County Library/Brook Park branch  – 6155 Engle Road, 44142 Time: 10 a.m. – noon  https://t.co/UoYGb4yTZo",en,[],[],['https://pbs.twimg.com/media/FCokVmSWQAMEE4q.jpg'],0,1,4,[],[],https://twitter.com/CCBH_Net/status/1453013852388528130,False,,1,https://pbs.twimg.com/media/FCokVmSWQAMEE4q.jpg,,,,,,,[],,,,
1453012299363532807,1453012299363532807,2021-10-26 10:55:02 Eastern Daylight Time,2021-10-26,10:55:02,-0500,462917435,ccbh_net,CCBH_Net,, https://t.co/6SQ67QxZC9,und,[],[],['https://pbs.twimg.com/media/FCoi9fKWUAQPau0.jpg'],0,1,4,[],[],https://twitter.com/CCBH_Net/status/1453012299363532807,False,,1,https://pbs.twimg.com/media/FCoi9fKWUAQPau0.jpg,,,,,,,[],,,,
1452628429153751047,1452628429153751047,2021-10-25 09:29:40 Eastern Daylight Time,2021-10-25,09:29:40,-0500,462917435,ccbh_net,CCBH_Net,,We are seeking a qualified candidate to become our new health commissioner in 2022. Please follow this link to see the job description:  https://t.co/1IpxESfWSr  https://t.co/ikNDRAutuA,en,[],['https://www.ccbh.net/wp-content/uploads/2021/10/CCBH-Health-Commissioner-Position-Profile-10-4-21.pdf'],['https://pbs.twimg.com/media/FCjF1y_XEAw2cvo.jpg'],0,1,1,[],[],https://twitter.com/CCBH_Net/status/1452628429153751047,False,,1,https://pbs.twimg.com/media/FCjF1y_XEAw2cvo.jpg,,,,,,,[],,,,
1451585354419605505,1451585354419605505,2021-10-22 12:24:52 Eastern Daylight Time,2021-10-22,12:24:52,-0500,462917435,ccbh_net,CCBH_Net,,Review current job openings at our agency by following this link:  https://t.co/zHXD6nDjEq  https://t.co/YZGzoa76Zy,en,[],['https://ccbh.applicantstack.com/x/openings?template_id=3491'],['https://pbs.twimg.com/media/FCURKxeXMAADQB6.jpg'],0,0,0,[],[],https://twitter.com/CCBH_Net/status/1451585354419605505,False,,1,https://pbs.twimg.com/media/FCURKxeXMAADQB6.jpg,,,,,,,[],,,,
