id,conversation_id,created_at,date,time,timezone,user_id,username,name,place,tweet,language,mentions,urls,photos,replies_count,retweets_count,likes_count,hashtags,cashtags,link,retweet,quote_url,video,thumbnail,near,geo,source,user_rt_id,user_rt,retweet_id,reply_to,retweet_date,translate,trans_src,trans_dest
1465777030801215492,1465777030801215492,2021-11-30 15:17:31 Eastern Standard Time,2021-11-30,15:17:31,-0500,253631366,daviscountyhlth,Davis County Health,,"Need help with Estate Planning? If so, mark Wednesday, December 8th, on your calendar. Click the image for more information.  https://t.co/8jBEmQSy5n",en,[],[],['https://pbs.twimg.com/media/FFd8b04VkAIr8fB.jpg'],0,0,0,[],[],https://twitter.com/DavisCountyHlth/status/1465777030801215492,False,,1,https://pbs.twimg.com/media/FFd8b04VkAIr8fB.jpg,,,,,,,[],,,,
1465404795838078978,1465404795838078978,2021-11-29 14:38:23 Eastern Standard Time,2021-11-29,14:38:23,-0500,253631366,daviscountyhlth,Davis County Health,,"You're invited to Davis County's 4th Annual Community Resilience Symposium! The purpose of the symposium is to build Adverse Childhood Experiences (ACEs) awareness, become a trauma-informed community and increase self-care. Hope you can join us!  https://t.co/DCiQbjaQsy",en,[],[],['https://pbs.twimg.com/media/FFYplMuUcAMtgL9.jpg'],0,0,2,[],[],https://twitter.com/DavisCountyHlth/status/1465404795838078978,False,,1,https://pbs.twimg.com/media/FFYplMuUcAMtgL9.jpg,,,,,,,[],,,,
1463624516513386500,1463624516513386500,2021-11-24 16:44:12 Eastern Standard Time,2021-11-24,16:44:12,-0500,253631366,daviscountyhlth,Davis County Health,,The Davis County Health Department wishes you all a safe and healthy Thanksgiving holiday!  https://t.co/SamStd4mzf,en,[],[],['https://pbs.twimg.com/media/FE_WvCKVIAIbGwc.png'],1,0,3,[],[],https://twitter.com/DavisCountyHlth/status/1463624516513386500,False,,1,https://pbs.twimg.com/media/FE_WvCKVIAIbGwc.png,,,,,,,[],,,,
1463575969214521356,1463569767399260172,2021-11-24 13:31:17 Eastern Standard Time,2021-11-24,13:31:17,-0500,253631366,daviscountyhlth,Davis County Health,,@Soapywings @kwebba_32 You are welcome! Happy to help!,en,[],[],[],0,0,1,[],[],https://twitter.com/DavisCountyHlth/status/1463575969214521356,False,,0,,,,,,,,"[{'screen_name': 'Soapywings', 'name': 'Mike', 'id': '250016988'}, {'screen_name': 'kwebba_32', 'name': 'she who must not be named ⚡️', 'id': '870835723'}]",,,,
1463574998195392512,1463569767399260172,2021-11-24 13:27:26 Eastern Standard Time,2021-11-24,13:27:26,-0500,253631366,daviscountyhlth,Davis County Health,,@Soapywings @kwebba_32 Awesome!,en,[],[],[],1,0,1,[],[],https://twitter.com/DavisCountyHlth/status/1463574998195392512,False,,0,,,,,,,,"[{'screen_name': 'Soapywings', 'name': 'Mike', 'id': '250016988'}, {'screen_name': 'kwebba_32', 'name': 'she who must not be named ⚡️', 'id': '870835723'}]",,,,
1463544668105306114,1463534193959321600,2021-11-24 11:26:54 Eastern Standard Time,2021-11-24,11:26:54,-0500,253631366,daviscountyhlth,Davis County Health,,@wickwilson Thanks for the shout out! Glad you are boosted and glad the soreness is gone!,en,[],[],[],0,0,0,[],[],https://twitter.com/DavisCountyHlth/status/1463544668105306114,False,,0,,,,,,,,"[{'screen_name': 'wickwilson', 'name': 'Chadwick Wilson', 'id': '177734044'}]",,,,
1462899661195268097,1462899661195268097,2021-11-22 16:43:53 Eastern Standard Time,2021-11-22,16:43:53,-0500,253631366,daviscountyhlth,Davis County Health,,Please take a few minutes to share your thoughts and help ensure Utah policymakers have reliable guidance on how to best use resources to address the opioid crisis.   Visit:  https://t.co/KT3tR8tNrI to take the survey and learn more about the Utah Opioid Task Force.  https://t.co/ZfnczvlRz5,en,[],['https://www.utahopioidpriorities.org/'],['https://pbs.twimg.com/media/FE1DP46aAAA6oaF.jpg'],0,0,0,[],[],https://twitter.com/DavisCountyHlth/status/1462899661195268097,False,,1,https://pbs.twimg.com/media/FE1DP46aAAA6oaF.jpg,,,,,,,[],,,,
1462847712781471748,1462847712781471748,2021-11-22 13:17:27 Eastern Standard Time,2021-11-22,13:17:27,-0500,253631366,daviscountyhlth,Davis County Health,,We are blessed to have dedicated and determined healthcare workers in Utah! @DavisCountyHlth wants to offer its sincere gratitude to the HCWs who have cared for all of us and our loved ones throughout the pandemic. Thank you! @UtahCoronavirus,en,"[{'screen_name': 'daviscountyhlth', 'name': 'davis county health', 'id': '253631366'}, {'screen_name': 'utahcoronavirus', 'name': 'state of utah covid-19 response', 'id': '1234536299421302784'}]",[],[],2,1,8,[],[],https://twitter.com/DavisCountyHlth/status/1462847712781471748,False,https://twitter.com/UtahCoronavirus/status/1462839664084193293,0,,,,,,,,[],,,,
