id,conversation_id,created_at,date,time,timezone,user_id,username,name,place,tweet,language,mentions,urls,photos,replies_count,retweets_count,likes_count,hashtags,cashtags,link,retweet,quote_url,video,thumbnail,near,geo,source,user_rt_id,user_rt,retweet_id,reply_to,retweet_date,translate,trans_src,trans_dest
1463568648187129870,1463568648187129870,2021-11-24 13:02:12 Eastern Standard Time,2021-11-24,13:02:12,-0500,2563575072,dekalbcohd,DeKalbCoHD,,We will be closed tomorrow and Friday in observance of Thanksgiving. Have a safe and happy holiday!  https://t.co/pZZCGf66YN,en,[],[],['https://pbs.twimg.com/media/FE-j7hxX0A0mSwS.jpg'],0,0,0,[],[],https://twitter.com/DeKalbCoHD/status/1463568648187129870,False,,1,https://pbs.twimg.com/media/FE-j7hxX0A0mSwS.jpg,,,,,,,[],,,,
1463550499567853568,1463550499567853568,2021-11-24 11:50:05 Eastern Standard Time,2021-11-24,11:50:05,-0500,2563575072,dekalbcohd,DeKalbCoHD,,Check out these essential tips about food safety &amp; have a happy and safe Thanksgiving!  https://t.co/iBtQSzGot1,en,[],[],['https://pbs.twimg.com/media/FE-TbG5X0AYiHcQ.jpg'],0,0,1,[],[],https://twitter.com/DeKalbCoHD/status/1463550499567853568,False,,1,https://pbs.twimg.com/media/FE-TbG5X0AYiHcQ.jpg,,,,,,,[],,,,
1463268138204733444,1463268138204733444,2021-11-23 17:08:05 Eastern Standard Time,2021-11-23,17:08:05,-0500,2563575072,dekalbcohd,DeKalbCoHD,,"Beginning November 29th, you can drop off old, non-working holiday lights at one of the drop-off locations listed.  https://t.co/tEm59dPZPn",en,[],[],['https://pbs.twimg.com/media/FE6Sng4WYAk3VfH.jpg'],0,0,0,[],[],https://twitter.com/DeKalbCoHD/status/1463268138204733444,False,,1,https://pbs.twimg.com/media/FE6Sng4WYAk3VfH.jpg,,,,,,,[],,,,
1462806843512741897,1462806843512741897,2021-11-22 10:35:03 Eastern Standard Time,2021-11-22,10:35:03,-0500,2563575072,dekalbcohd,DeKalbCoHD,,"To enjoy a happy and healthy Thanksgiving, remember to track local transmission rates, take precautions like wearing a mask and washing your hands, and get a booster shot if you are eligible.  https://t.co/9TYSVIOVQj",en,[],[],['https://pbs.twimg.com/media/FEzvEntWQAMMJ3l.jpg'],0,1,0,[],[],https://twitter.com/DeKalbCoHD/status/1462806843512741897,False,,1,https://pbs.twimg.com/media/FEzvEntWQAMMJ3l.jpg,,,,,,,[],,,,
