id,conversation_id,created_at,date,time,timezone,user_id,username,name,place,tweet,language,mentions,urls,photos,replies_count,retweets_count,likes_count,hashtags,cashtags,link,retweet,quote_url,video,thumbnail,near,geo,source,user_rt_id,user_rt,retweet_id,reply_to,retweet_date,translate,trans_src,trans_dest
1464655451023454220,1464655451023454220,2021-11-27 13:00:46 Eastern Standard Time,2021-11-27,13:00:46,-0500,212317303,healthydekalb,DeKalb County (GA) Board of Health,,"Save the Date for our Rock the Ribbon Festival, in observance of World AIDS Day!  https://t.co/MKsZgkc9WM",en,[],[],['https://pbs.twimg.com/media/FFOAXxWXsAYRi9f.jpg'],0,0,0,[],[],https://twitter.com/HealthyDeKalb/status/1464655451023454220,False,,1,https://pbs.twimg.com/media/FFOAXxWXsAYRi9f.jpg,,,,,,,[],,,,
1464221176784379904,1464221176784379904,2021-11-26 08:15:07 Eastern Standard Time,2021-11-26,08:15:07,-0500,212317303,healthydekalb,DeKalb County (GA) Board of Health,,"All of our offices, health centers and COVID operations remain CLOSED today (Fri., Nov. 26), for the Thanksgiving holiday. Normal hours of operation will resume on Mon., Nov. 29. #DeKalbCountyGA #Thanksgiving  https://t.co/cDQbJXJACw",en,[],[],['https://pbs.twimg.com/media/FFH1ZsDXICAxWd8.jpg'],0,1,6,"['dekalbcountyga', 'thanksgiving']",[],https://twitter.com/HealthyDeKalb/status/1464221176784379904,False,,1,https://pbs.twimg.com/media/FFH1ZsDXICAxWd8.jpg,,,,,,,[],,,,
1463858795013152780,1463858795013152780,2021-11-25 08:15:08 Eastern Standard Time,2021-11-25,08:15:08,-0500,212317303,healthydekalb,DeKalb County (GA) Board of Health,,"All of our offices, health centers and COVID operations are CLOSED today (Nov. 25) and tomorrow (Fri., Nov. 26), for the Thanksgiving holiday. As you gather to give thanks, remember to gather safely:  https://t.co/EWd145Qq9K #DeKalbCountyGA #Thanksgiving  https://t.co/Ix9AJNadnd",en,[],['http://ow.ly/IiYQ50GPXb8'],['https://pbs.twimg.com/media/FFCr0RRXoAE5193.jpg'],0,0,0,"['dekalbcountyga', 'thanksgiving']",[],https://twitter.com/HealthyDeKalb/status/1463858795013152780,False,,1,https://pbs.twimg.com/media/FFCr0RRXoAE5193.jpg,,,,,,,[],,,,
1463553459521822739,1463553459521822739,2021-11-24 12:01:50 Eastern Standard Time,2021-11-24,12:01:50,-0500,212317303,healthydekalb,DeKalb County (GA) Board of Health,,"All of our offices, health centers and COVID operations will be CLOSED tomorrow (Nov. 25) and Fri., Nov. 26, for the Thanksgiving holiday. As you gather to give thanks, here are some tips to help you and yours gather safely:  https://t.co/EWd145Qq9K #DeKalbCountyGA #Thanksgiving  https://t.co/wFReAjwCgF",en,[],['http://ow.ly/IiYQ50GPXb8'],['https://pbs.twimg.com/media/FE-WHbLX0AYeh-B.jpg'],0,0,2,"['dekalbcountyga', 'thanksgiving']",[],https://twitter.com/HealthyDeKalb/status/1463553459521822739,False,,1,https://pbs.twimg.com/media/FE-WHbLX0AYeh-B.jpg,,,,,,,[],,,,
1463251199671554050,1463251199671554050,2021-11-23 16:00:46 Eastern Standard Time,2021-11-23,16:00:46,-0500,212317303,healthydekalb,DeKalb County (GA) Board of Health,,"Save the Date for our Rock the Ribbon Festival, in observance of World AIDS Day!  https://t.co/OqsEuulkF6",en,[],[],['https://pbs.twimg.com/media/FE6DNkEWUAUrwV3.jpg'],0,0,0,[],[],https://twitter.com/HealthyDeKalb/status/1463251199671554050,False,,1,https://pbs.twimg.com/media/FE6DNkEWUAUrwV3.jpg,,,,,,,[],,,,
1462926763626049537,1462926763626049537,2021-11-22 18:31:34 Eastern Standard Time,2021-11-22,18:31:34,-0500,212317303,healthydekalb,DeKalb County (GA) Board of Health,,"The past 18 months have been a test of mental and physical endurance, beyond what any of us could every imagine. To our staff, we say THANK YOU…not just today, but EVERYDAY, for all that you’ve done and continue to do! #DeKalbCountyGA #PHTYD  https://t.co/6zCkKyoE9y",en,[],[],['https://pbs.twimg.com/media/FE1cI7eXEAYkULR.jpg'],0,0,4,"['dekalbcountyga', 'phtyd']",[],https://twitter.com/HealthyDeKalb/status/1462926763626049537,False,,1,https://pbs.twimg.com/media/FE1cI7eXEAYkULR.jpg,,,,,,,[],,,,
1462813466251702274,1462813466251702274,2021-11-22 11:01:22 Eastern Standard Time,2021-11-22,11:01:22,-0500,212317303,healthydekalb,DeKalb County (GA) Board of Health,,"All of our offices, health centers and COVID operations will be CLOSED on Thurs., Nov. 25, and Fri., Nov. 26, for the Thanksgiving holiday. As you gather to give thanks, here are some tips to help you and yours gather safely:  https://t.co/EWd145Qq9K #DeKalbCountyGA #Thanksgiving  https://t.co/NELYKhLvBL",en,[],['http://ow.ly/IiYQ50GPXb8'],['https://pbs.twimg.com/media/FEz1GJJXoAAdmNq.jpg'],1,2,0,"['dekalbcountyga', 'thanksgiving']",[],https://twitter.com/HealthyDeKalb/status/1462813466251702274,False,,1,https://pbs.twimg.com/media/FEz1GJJXoAAdmNq.jpg,,,,,,,[],,,,
