id,conversation_id,created_at,date,time,timezone,user_id,username,name,place,tweet,language,mentions,urls,photos,replies_count,retweets_count,likes_count,hashtags,cashtags,link,retweet,quote_url,video,thumbnail,near,geo,source,user_rt_id,user_rt,retweet_id,reply_to,retweet_date,translate,trans_src,trans_dest
1465740236437262347,1465740236437262347,2021-11-30 12:51:19 Eastern Standard Time,2021-11-30,12:51:19,-0500,987434359,craterhd,CraterHealthDistrict,,Receiving #homecare is a safer alternative for most. Chances of infection are much lower compared to hospital stays. #homecarehospicemonth  https://t.co/y6D7Aerxyq,en,[],[],['https://pbs.twimg.com/media/FFda-k_XMAwNnkF.jpg'],0,0,0,"['homecare', 'homecarehospicemonth']",[],https://twitter.com/CraterHD/status/1465740236437262347,False,,1,https://pbs.twimg.com/media/FFda-k_XMAwNnkF.jpg,,,,,,,[],,,,
1463511490586103812,1463511490586103812,2021-11-24 09:15:04 Eastern Standard Time,2021-11-24,09:15:04,-0500,987434359,craterhd,CraterHealthDistrict,,"What’s on the menu for your #Thanksgiving2021? By following the recipe for a safe and healthy Thanksgiving, you can enjoy the holiday and protect yourself and others from COVID-19.  https://t.co/uvaqEt2kcn",en,[],[],['https://pbs.twimg.com/media/FE9v8dJWUAM9AYo.jpg'],0,0,0,['thanksgiving2021'],[],https://twitter.com/CraterHD/status/1463511490586103812,False,,1,https://pbs.twimg.com/media/FE9v8dJWUAM9AYo.jpg,,,,,,,[],,,,
1463227109434961921,1463227109434961921,2021-11-23 14:25:02 Eastern Standard Time,2021-11-23,14:25:02,-0500,987434359,craterhd,CraterHealthDistrict,,November is National #DiabetesMonth! Prediabetes is a serious health condition affecting more than 1 in 3 U.S. adults. Get tips from @NIDDKgov on how to manage and even reverse your prediabetes:  https://t.co/eSqQ8LZqkx  https://t.co/7dJCy9jxte,en,"[{'screen_name': 'niddkgov', 'name': 'niddk', 'id': '1901405066'}]",['https://www.niddk.nih.gov/health-information/community-health-outreach/national-diabetes-month'],['https://pbs.twimg.com/media/FE5tTTRXIAoFYSn.jpg'],0,0,0,['diabetesmonth'],[],https://twitter.com/CraterHD/status/1463227109434961921,False,,1,https://pbs.twimg.com/media/FE5tTTRXIAoFYSn.jpg,,,,,,,[],,,,
1461333484480483333,1461333484480483333,2021-11-18 09:00:27 Eastern Standard Time,2021-11-18,09:00:27,-0500,987434359,craterhd,CraterHealthDistrict,,Join millions of other smokers and do not smoke for the day. Support your friends and family who are trying to quit smoking. Find tips and support at the American Cancer Society. #GreatAmericanSmokeout  https://t.co/fFrNn5uiND,en,[],[],['https://pbs.twimg.com/media/FEezD4tXIAUF1kk.jpg'],0,0,0,['greatamericansmokeout'],[],https://twitter.com/CraterHD/status/1461333484480483333,False,,1,https://pbs.twimg.com/media/FEezD4tXIAUF1kk.jpg,,,,,,,[],,,,
1460705493790437379,1460705493790437379,2021-11-16 15:25:02 Eastern Standard Time,2021-11-16,15:25:02,-0500,987434359,craterhd,CraterHealthDistrict,,"This November, take charge of your health for National #DiabetesMonth. Work with your doctor or health care team to manage your prediabetes and improve your overall health. For more information, visit  https://t.co/8jMPRlA4GR…  https://t.co/J7ejFnKUzr",en,[],['http://ow.ly/NOtz50GJMpZ'],['https://pbs.twimg.com/media/FEV357BXMAQCROE.jpg'],0,0,1,['diabetesmonth'],[],https://twitter.com/CraterHD/status/1460705493790437379,False,,1,https://pbs.twimg.com/media/FEV357BXMAQCROE.jpg,,,,,,,[],,,,
1460328005004320772,1460328005004320772,2021-11-15 14:25:02 Eastern Standard Time,2021-11-15,14:25:02,-0500,987434359,craterhd,CraterHealthDistrict,,"Anyone can get lung cancer, and no one deserves it. Help me raise awareness and inspire new hope by supporting @LUNGFORCE during Lung Cancer Awareness Month.  https://t.co/CiuryndEJp #LCAM  https://t.co/YsqYvK7sMq",en,"[{'screen_name': 'lungforce', 'name': 'lung force', 'id': '1708215702'}]",['http://LUNGFORCE.org'],['https://pbs.twimg.com/media/FEQglOKXEAcnFWp.jpg'],0,0,0,['lcam'],[],https://twitter.com/CraterHD/status/1460328005004320772,False,,1,https://pbs.twimg.com/media/FEQglOKXEAcnFWp.jpg,,,,,,,[],,,,
1460259976904155145,1460259976904155145,2021-11-15 09:54:43 Eastern Standard Time,2021-11-15,09:54:43,-0500,987434359,craterhd,CraterHealthDistrict,,#COVID19 vaccines for kids age 5 and older meet the same rigorous standards as other routine vaccines. Keep your kids strong and healthy by getting them vaccinated against COVID-19. Find vaccines near you at  https://t.co/FV2hJeUF07. #WeCanDoThis  https://t.co/vEgdRQ6DK4,en,[],['http://ow.ly/Ttja50GNO8V'],['https://pbs.twimg.com/media/FEPitfPWQAYHlDj.jpg'],0,0,0,"['covid19', 'wecandothis']",[],https://twitter.com/CraterHD/status/1460259976904155145,False,,1,https://pbs.twimg.com/media/FEPitfPWQAYHlDj.jpg,,,,,,,[],,,,
1458491632215642116,1458491632215642116,2021-11-10 12:47:57 Eastern Standard Time,2021-11-10,12:47:57,-0500,987434359,craterhd,CraterHealthDistrict,,November is Lung Cancer Awareness Month! Join us throughout the month and learn how you can support our efforts to raise awareness of the leading cancer killer and make a meaningful impact in the lives of those living with the disease.  https://t.co/CiuryndEJp #LCAM  https://t.co/6c6byKTnOC,en,[],['http://LUNGFORCE.org'],['https://pbs.twimg.com/media/FD2aaS6XEAQgPUw.jpg'],0,0,0,['lcam'],[],https://twitter.com/CraterHD/status/1458491632215642116,False,,1,https://pbs.twimg.com/media/FD2aaS6XEAQgPUw.jpg,,,,,,,[],,,,
1458165811110109199,1458165811110109199,2021-11-09 15:13:15 Eastern Standard Time,2021-11-09,15:13:15,-0500,987434359,craterhd,CraterHealthDistrict,,"November is National Diabetes Month! Did you know that by making healthy lifestyle changes, it is possible to manage or reverse prediabetes and improve your overall health? Find out more:  https://t.co/w044N1EAjL...  https://t.co/YMg3Vs5YeX",en,[],['http://ow.ly/k4Gt50GJMc9'],['https://pbs.twimg.com/media/FDxyFBiXsAcBlIz.jpg'],0,0,0,[],[],https://twitter.com/CraterHD/status/1458165811110109199,False,,1,https://pbs.twimg.com/media/FDxyFBiXsAcBlIz.jpg,,,,,,,[],,,,
1454094435428577283,1454094435428577283,2021-10-29 10:35:03 Eastern Daylight Time,2021-10-29,10:35:03,-0500,987434359,craterhd,CraterHealthDistrict,,Halloween safety tips 2021  https://t.co/KbXoQ4V1nD,en,[],[],['https://pbs.twimg.com/media/FC37LuLWYAQhux6.jpg'],0,1,1,[],[],https://twitter.com/CraterHD/status/1454094435428577283,False,,1,https://pbs.twimg.com/media/FC37LuLWYAQhux6.jpg,,,,,,,[],,,,
1453732040482844693,1453732040482844693,2021-10-28 10:35:02 Eastern Daylight Time,2021-10-28,10:35:02,-0500,987434359,craterhd,CraterHealthDistrict,,#DYK children with lead poisoning usually do not look or act sick? Ask your health care provider about getting your child tested. A blood lead test is the easiest way to know if your child has been exposed to lead.  https://t.co/fKwEyLWmLr #LeadFreeKids #NLPPW 2021,en,[],['https://www.cdc.gov/nceh/lead/prevention/blood-lead-levels.htm'],[],1,0,0,"['dyk', 'leadfreekids', 'nlppw']",[],https://twitter.com/CraterHD/status/1453732040482844693,False,,0,,,,,,,,[],,,,
1453406213572603904,1453406213572603904,2021-10-27 13:00:18 Eastern Daylight Time,2021-10-27,13:00:18,-0500,987434359,craterhd,CraterHealthDistrict,,As Halloween approaches remember this safety tip. #halloween2021  https://t.co/4re0xVOdmv,en,[],[],['https://pbs.twimg.com/media/FCuJP9QXoAcRm2T.jpg'],0,1,2,['halloween2021'],[],https://twitter.com/CraterHD/status/1453406213572603904,False,,1,https://pbs.twimg.com/media/FCuJP9QXoAcRm2T.jpg,,,,,,,[],,,,
1453369655796580357,1453369655796580357,2021-10-27 10:35:02 Eastern Daylight Time,2021-10-27,10:35:02,-0500,987434359,craterhd,CraterHealthDistrict,,"You cannot see, taste, or smell lead in drinking water, but you can learn basic information about sources of lead in drinking water and suggestions for reducing exposure!  https://t.co/5xaRTni8MZ icon #NLPPW2021 #LeadFreeKids",en,[],['https://www.epa.gov/ground-water-and-drinking-water/infographic-lead-drinking-waterexternal'],[],0,0,1,"['nlppw2021', 'leadfreekids']",[],https://twitter.com/CraterHD/status/1453369655796580357,False,,0,,,,,,,,[],,,,
1453005228345810949,1453005228345810949,2021-10-26 10:26:56 Eastern Daylight Time,2021-10-26,10:26:56,-0500,987434359,craterhd,CraterHealthDistrict,,#DYK no safe blood lead level has been identified for children? The good news is that childhood lead poisoning is preventable! Learn more at:  https://t.co/IZu7PNxmJj #LeadFreeKids #NLPPW2021,en,[],['https://www.cdc.gov/nceh/lead/prevention/infographic-lead-poisoning-preventable.htm'],[],0,1,1,"['dyk', 'leadfreekids', 'nlppw2021']",[],https://twitter.com/CraterHD/status/1453005228345810949,False,,0,,,,,,,,[],,,,
1443940759812644868,1443940759812644868,2021-10-01 10:07:58 Eastern Daylight Time,2021-10-01,10:07:58,-0500,987434359,craterhd,CraterHealthDistrict,,#DIS are the backbone of public health and prevention. Thank you for all you do! #DISday2021  https://t.co/utdLkTJ5iV,en,[],[],['https://pbs.twimg.com/media/FAnoeABX0AMlDBu.png'],0,0,0,"['dis', 'disday2021']",[],https://twitter.com/CraterHD/status/1443940759812644868,False,,1,https://pbs.twimg.com/media/FAnoeABX0AMlDBu.png,,,,,,,[],,,,
1443938836929724443,1443938836929724443,2021-10-01 10:00:20 Eastern Daylight Time,2021-10-01,10:00:20,-0500,987434359,craterhd,CraterHealthDistrict,,"DIS are the backbone of public health in the US. DIS work on STD prevention, tuberculosis outbreak response, HIV exposure notification, and emergency response. We honor you and all that you do in the name of public health.#DISRecognitionDay  https://t.co/1PQeMzZzkf",en,[],[],['https://pbs.twimg.com/media/FAnmuEkXIAok2HK.png'],0,0,0,['disrecognitionday'],[],https://twitter.com/CraterHD/status/1443938836929724443,False,,1,https://pbs.twimg.com/media/FAnmuEkXIAok2HK.png,,,,,,,[],,,,
1443221554884718600,1443221554884718600,2021-09-29 10:30:07 Eastern Daylight Time,2021-09-29,10:30:07,-0500,987434359,craterhd,CraterHealthDistrict,,"When we celebrate our connections to the diversity of people from all walks of life striving for #recovery, we find support and courage to speak up for inclusion, respect, and opportunity. #RecoveryMonth  https://t.co/11V4eSggal",en,[],[],['https://pbs.twimg.com/media/FAdaWvNWUAATExk.jpg'],0,0,0,"['recovery', 'recoverymonth']",[],https://twitter.com/CraterHD/status/1443221554884718600,False,,1,https://pbs.twimg.com/media/FAdaWvNWUAATExk.jpg,,,,,,,[],,,,
1441062126022316036,1441062126022316036,2021-09-23 11:29:19 Eastern Daylight Time,2021-09-23,11:29:19,-0500,987434359,craterhd,CraterHealthDistrict,,September is #SuicidePreventionMonth! #BeThe1To play a role in suicide prevention. Here’s how.  https://t.co/FSBTRV3ZR6 #SPM21  https://t.co/71DuvzlYir,en,[],['https://bit.ly/3BblkIL'],['https://pbs.twimg.com/media/E_-uXhWWYAMuwpg.jpg'],0,0,0,"['suicidepreventionmonth', 'bethe1to', 'spm21']",[],https://twitter.com/CraterHD/status/1441062126022316036,False,,1,https://pbs.twimg.com/media/E_-uXhWWYAMuwpg.jpg,,,,,,,[],,,,
1441061767602446336,1441061767602446336,2021-09-23 11:27:53 Eastern Daylight Time,2021-09-23,11:27:53,-0500,987434359,craterhd,CraterHealthDistrict,,September is #SuicidePreventionMonth! #BeThe1To play a role in suicide prevention. Here’s how.  https://t.co/FSBTRUMoZy #SPM21,en,[],['https://bit.ly/3BblkIL'],[],0,0,0,"['suicidepreventionmonth', 'bethe1to', 'spm21']",[],https://twitter.com/CraterHD/status/1441061767602446336,False,,0,,,,,,,,[],,,,
1439974334311841793,1439974334311841793,2021-09-20 11:26:49 Eastern Daylight Time,2021-09-20,11:26:49,-0500,987434359,craterhd,CraterHealthDistrict,,"Free COVID-19 Testing Drive-thru Clinic on WED. September 22nd 10 AM - 11:30 AM at SURRY FIRE STATION 1239 COLONIAL TRAIL W, SPRING GROVE VA. Recommended for individuals with symptoms or COVID-19 exposure. Testing by appt.  Register at 804-862-8989 or  https://t.co/3gxtYeyOvn  https://t.co/siHDDuWGFR",en,[],['http://ow.ly/VxgX50Gd684'],['https://pbs.twimg.com/media/E_vRBrZXoAIkXIY.jpg'],0,0,0,[],[],https://twitter.com/CraterHD/status/1439974334311841793,False,,1,https://pbs.twimg.com/media/E_vRBrZXoAIkXIY.jpg,,,,,,,[],,,,
