id,conversation_id,created_at,date,time,timezone,user_id,username,name,place,tweet,language,mentions,urls,photos,replies_count,retweets_count,likes_count,hashtags,cashtags,link,retweet,quote_url,video,thumbnail,near,geo,source,user_rt_id,user_rt,retweet_id,reply_to,retweet_date,translate,trans_src,trans_dest
1465774744612089863,1465774744612089863,2021-11-30 15:08:26 Eastern Standard Time,2021-11-30,15:08:26,-0500,98401031,ldchealth,Lawrence-Douglas County Public Health,,"Today our friends over at the @DCCFoundation  launch their Giving For Good campaign. Take a minute, checkout their website, and see all of the great causes you can give to this #givingtuesday! 💕  https://t.co/AaMAoM9NEQ",en,"[{'screen_name': 'dccfoundation', 'name': 'douglas county ks cf', 'id': '73179314'}]",[],['https://pbs.twimg.com/media/FFd6O6gXEAAjIMZ.jpg'],0,0,0,['givingtuesday'],[],https://twitter.com/LDCHEALTH/status/1465774744612089863,False,,1,https://pbs.twimg.com/media/FFd6O6gXEAAjIMZ.jpg,,,,,,,[],,,,
1465427176598159366,1465427176598159366,2021-11-29 16:07:19 Eastern Standard Time,2021-11-29,16:07:19,-0500,98401031,ldchealth,Lawrence-Douglas County Public Health,,#DGKSCOVID  Dashboard updated:  https://t.co/irpA2NHG2n COVID-19 update:  https://t.co/4wm0h4fhK5  https://t.co/XmdE8jYO2l,en,[],"['https://reports.mysidewalk.com/4fda1b963e', 'https://conta.cc/3D0rSuh']","['https://pbs.twimg.com/media/FFY92kxX0A4ZOb8.png', 'https://pbs.twimg.com/media/FFY-OXrXsAEUZjV.png', 'https://pbs.twimg.com/media/FFY-OYIXIAgFOkb.png']",0,0,4,['dgkscovid'],[],https://twitter.com/LDCHEALTH/status/1465427176598159366,False,,1,https://pbs.twimg.com/media/FFY92kxX0A4ZOb8.png,,,,,,,[],,,,
1463632373866807299,1463632373866807299,2021-11-24 17:15:25 Eastern Standard Time,2021-11-24,17:15:25,-0500,98401031,ldchealth,Lawrence-Douglas County Public Health,,#DGKSCOVID  Dashboard updated:  https://t.co/irpA2NHG2n COVID-19 update: https://t.co/TPJbJpGSYh  https://t.co/hwkInod3sJ,en,[],"['https://reports.mysidewalk.com/4fda1b963e', 'https://conta.cc/32xBhx2']","['https://pbs.twimg.com/media/FE_dwNcWUAAI8PJ.png', 'https://pbs.twimg.com/media/FE_d3xWXMAQiqbB.png', 'https://pbs.twimg.com/media/FE_d3x5X0AQxCBV.png']",1,1,3,['dgkscovid'],[],https://twitter.com/LDCHEALTH/status/1463632373866807299,False,,1,https://pbs.twimg.com/media/FE_dwNcWUAAI8PJ.png,,,,,,,[],,,,
1463280912146345985,1463280912146345985,2021-11-23 17:58:50 Eastern Standard Time,2021-11-23,17:58:50,-0500,98401031,ldchealth,Lawrence-Douglas County Public Health,,"Our numbers have been rising a bit recently and that can seem a bit worrying, especially with the holidays coming up, but it's important to remember how far we have come. Thank you to everyone who has stepped up to help keep our community safe. 🙏  https://t.co/bPZdk8ogsP",en,[],[],['https://pbs.twimg.com/tweet_video_thumb/FE6eOOWX0AEkRHl.jpg'],1,4,20,[],[],https://twitter.com/LDCHEALTH/status/1463280912146345985,False,,1,https://pbs.twimg.com/tweet_video_thumb/FE6eOOWX0AEkRHl.jpg,,,,,,,[],,,,
1463227112698138642,1463227112698138642,2021-11-23 14:25:03 Eastern Standard Time,2021-11-23,14:25:03,-0500,98401031,ldchealth,Lawrence-Douglas County Public Health,,"Our Garden Consultant search is ongoing, so if you're talking with a friend or family member about planting shrubbery or tending veggies over the holidays, let them know that LDCPH and Common Ground want to hear from them! 🌱🌱🌱  https://t.co/ivr2sstN8H",en,[],[],['https://pbs.twimg.com/tweet_video_thumb/FE5sd8_X0AM3aN5.jpg'],0,1,2,[],[],https://twitter.com/LDCHEALTH/status/1463227112698138642,False,,1,https://pbs.twimg.com/tweet_video_thumb/FE5sd8_X0AM3aN5.jpg,,,,,,,[],,,,
1462948791867297796,1462948791867297796,2021-11-22 19:59:06 Eastern Standard Time,2021-11-22,19:59:06,-0500,98401031,ldchealth,Lawrence-Douglas County Public Health,,💕,und,[],[],[],0,0,7,[],[],https://twitter.com/LDCHEALTH/status/1462948791867297796,False,https://twitter.com/kansasvna/status/1462929516704276488,0,,,,,,,,[],,,,
1462908271291944960,1462908271291944960,2021-11-22 17:18:06 Eastern Standard Time,2021-11-22,17:18:06,-0500,98401031,ldchealth,Lawrence-Douglas County Public Health,, https://t.co/OoCgmHfrsy,und,[],[],['https://pbs.twimg.com/tweet_video_thumb/FE1LKonXwAAr01E.jpg'],0,0,3,[],[],https://twitter.com/LDCHEALTH/status/1462908271291944960,False,,1,https://pbs.twimg.com/tweet_video_thumb/FE1LKonXwAAr01E.jpg,,,,,,,[],,,,
1462879950197960704,1462879950197960704,2021-11-22 15:25:33 Eastern Standard Time,2021-11-22,15:25:33,-0500,98401031,ldchealth,Lawrence-Douglas County Public Health,,#DGKSCOVID  Dashboard updated:  https://t.co/irpA2NHG2n COVID-19 update:  https://t.co/fTU7SehfL4  https://t.co/HeOAIvWSeT,en,[],"['https://reports.mysidewalk.com/4fda1b963e', 'https://conta.cc/30Ol1qo']","['https://pbs.twimg.com/media/FE0xgq3WQA0x3jt.png', 'https://pbs.twimg.com/media/FE0xiCCXEAMRnBm.png', 'https://pbs.twimg.com/media/FE0xiCeXIAUgxra.png']",2,3,5,['dgkscovid'],[],https://twitter.com/LDCHEALTH/status/1462879950197960704,False,,1,https://pbs.twimg.com/media/FE0xgq3WQA0x3jt.png,,,,,,,[],,,,
1462848054021738497,1462848054021738497,2021-11-22 13:18:49 Eastern Standard Time,2021-11-22,13:18:49,-0500,98401031,ldchealth,Lawrence-Douglas County Public Health,,"If you attended a 1st round 5-11 COVID-19 vaccination clinic you should already have the registration codes for the 2nd round clinics, but here they all are! 💪💉  The doses are the same FYI. Information about entertainment TBA. Visit  https://t.co/YLIN6i30wd to register.👍  https://t.co/wLlb9mxoD8",en,[],['http://ldchealth.org/getmyvaccine'],['https://pbs.twimg.com/media/FE0UA-oXIAsBcoI.jpg'],0,1,2,[],[],https://twitter.com/LDCHEALTH/status/1462848054021738497,False,,1,https://pbs.twimg.com/media/FE0UA-oXIAsBcoI.jpg,,,,,,,[],,,,
1462546613868511234,1462546613868511234,2021-11-21 17:21:00 Eastern Standard Time,2021-11-21,17:21:00,-0500,98401031,ldchealth,Lawrence-Douglas County Public Health,,"The holidays are a fun and relaxing time for many, and while our community has been doing well recently, follow these easy tips to keep yourself and all of Douglas County healthy! 🦃❄️✅ For help completing your checklist visit  https://t.co/vQe04m3j8X  https://t.co/K8M7mGIPOJ",en,[],['http://ldchealth.org'],['https://pbs.twimg.com/tweet_video_thumb/FElxfJCXoAgSDVh.jpg'],0,3,6,[],[],https://twitter.com/LDCHEALTH/status/1462546613868511234,False,,1,https://pbs.twimg.com/tweet_video_thumb/FElxfJCXoAgSDVh.jpg,,,,,,,[],,,,
1461811706200535051,1461811706200535051,2021-11-19 16:40:44 Eastern Standard Time,2021-11-19,16:40:44,-0500,98401031,ldchealth,Lawrence-Douglas County Public Health,,#DGKSCOVID  Dashboard updated:  https://t.co/irpA2NHG2n COVID-19 update:  https://t.co/MryM7IiEoT  https://t.co/VtPBaKZjr8,en,[],"['https://reports.mysidewalk.com/4fda1b963e', 'https://conta.cc/2Z2OTyO']","['https://pbs.twimg.com/media/FEllmHiX0Asn5E9.png', 'https://pbs.twimg.com/media/FEll-2WWYBwK2-k.png', 'https://pbs.twimg.com/media/FEll-2vX0AEz43M.png']",0,1,5,['dgkscovid'],[],https://twitter.com/LDCHEALTH/status/1461811706200535051,False,,1,https://pbs.twimg.com/media/FEllmHiX0Asn5E9.png,,,,,,,[],,,,
1461756159849897995,1461756159849897995,2021-11-19 13:00:01 Eastern Standard Time,2021-11-19,13:00:01,-0500,98401031,ldchealth,Lawrence-Douglas County Public Health,,Our final 1st round 5-11 COVID-19 vaccination clinics are tomorrow. We will be back in December for the 2nd round. In the meantime all doses are available at our clinic at 200 Maine St. Suite B.💉For help call 785-843-0721 Visit  https://t.co/yL85qjHiKO for all registration codes.  https://t.co/hVusNtcJuG,en,[],['http://ldchealth.org/covidvaccine'],['https://pbs.twimg.com/tweet_video_thumb/FEkRUooWYAk_R3j.jpg'],0,7,7,[],[],https://twitter.com/LDCHEALTH/status/1461756159849897995,False,,1,https://pbs.twimg.com/tweet_video_thumb/FEkRUooWYAk_R3j.jpg,,,,,,,[],,,,
1461421703918145542,1461421703918145542,2021-11-18 14:51:00 Eastern Standard Time,2021-11-18,14:51:00,-0500,98401031,ldchealth,Lawrence-Douglas County Public Health,,"Today is the Great American Smokeout, but any day can be the day you quit, and there are free resources that can help you. Join the @AmericanCancer Society in the journey towards a smoke-free life. Learn more at:  https://t.co/3eMparHxEi 🚬👎  https://t.co/NTaSx9hhmC",en,"[{'screen_name': 'americancancer', 'name': 'american cancer society', 'id': '14282672'}]",['http://www.cancer.org'],"['https://pbs.twimg.com/media/FEgDK0UXEAMqciM.jpg', 'https://pbs.twimg.com/media/FEgDK0tWUAEurgY.jpg']",0,0,9,[],[],https://twitter.com/LDCHEALTH/status/1461421703918145542,False,,1,https://pbs.twimg.com/media/FEgDK0UXEAMqciM.jpg,,,,,,,[],,,,
1461075510843232261,1461075510843232261,2021-11-17 15:55:21 Eastern Standard Time,2021-11-17,15:55:21,-0500,98401031,ldchealth,Lawrence-Douglas County Public Health,,#DGKSCOVID  Dashboard updated:  https://t.co/irpA2Nq4DN COVID-19 update:  https://t.co/rZZlpvW1lx  https://t.co/uWu0lGddoJ,en,[],"['https://reports.mysidewalk.com/4fda1b963e', 'https://conta.cc/3ckKGtx']","['https://pbs.twimg.com/media/FEbIM_QWQAUkptg.png', 'https://pbs.twimg.com/media/FEbIUB9XsAQWA8Z.png', 'https://pbs.twimg.com/media/FEbIUCjWYAUj5xj.png']",1,2,6,['dgkscovid'],[],https://twitter.com/LDCHEALTH/status/1461075510843232261,False,,1,https://pbs.twimg.com/media/FEbIM_QWQAUkptg.png,,,,,,,[],,,,
1461018240566636544,1461018240566636544,2021-11-17 12:07:47 Eastern Standard Time,2021-11-17,12:07:47,-0500,98401031,ldchealth,Lawrence-Douglas County Public Health,,"Today's youth vaccination clinic at the @SPlawrenceks promises to be a big one, and magician Martika Daniels will be there to keep the kids entertained. 🪄 Visit  https://t.co/YLIN6i30wd to register for all of our clinics and call 785-843-0721 for registration help!  https://t.co/yTjQ8kXrJN",en,"[{'screen_name': 'splawrenceks', 'name': 'sports pavilion lks', 'id': '2600369221'}]",['http://ldchealth.org/getmyvaccine'],['https://pbs.twimg.com/media/FEaUV2kX0AcoHD6.jpg'],0,3,5,[],[],https://twitter.com/LDCHEALTH/status/1461018240566636544,False,,1,https://pbs.twimg.com/media/FEaUV2kX0AcoHD6.jpg,,,,,,,[],,,,
1460738701294649346,1460738701294649346,2021-11-16 17:37:00 Eastern Standard Time,2021-11-16,17:37:00,-0500,98401031,ldchealth,Lawrence-Douglas County Public Health,,"We were honored to be recognized this afternoon at the @lawbor lunch. Director Dan Partridge, Informatics Director Sonia Jordan, &amp; Systems Analyst Charlie Bryan were present alongside our friends from Emergency Management to receive awards for pandemic related work! Thank you! 🙏  https://t.co/tBn5hnOJPh",en,"[{'screen_name': 'lawbor', 'name': 'lawbor', 'id': '107171427'}]",[],['https://pbs.twimg.com/tweet_video_thumb/FEWSAs2XoAIbTjZ.jpg'],0,1,9,[],[],https://twitter.com/LDCHEALTH/status/1460738701294649346,False,,1,https://pbs.twimg.com/tweet_video_thumb/FEWSAs2XoAIbTjZ.jpg,,,,,,,[],,,,
1460716946819895299,1460716946819895299,2021-11-16 16:10:33 Eastern Standard Time,2021-11-16,16:10:33,-0500,98401031,ldchealth,Lawrence-Douglas County Public Health,,"You've probably seen this seal without knowing what it means. Being accredited shows that we meet important national standards. We're excited to announce the PHAB has renewed our accreditation!🥳Thanks to  @phaboard, and all our staff who work tirelessly to serve Douglas County.  https://t.co/8hvErO6dIb",en,"[{'screen_name': 'phaboard', 'name': 'phab', 'id': '193008613'}]",[],['https://pbs.twimg.com/media/FEWCT_RXMAwZzMp.jpg'],0,1,8,[],[],https://twitter.com/LDCHEALTH/status/1460716946819895299,False,,1,https://pbs.twimg.com/media/FEWCT_RXMAwZzMp.jpg,,,,,,,[],,,,
1460641881705140227,1460641881705140227,2021-11-16 11:12:16 Eastern Standard Time,2021-11-16,11:12:16,-0500,98401031,ldchealth,Lawrence-Douglas County Public Health,,Lawrence-Douglas County Public Health is looking for a consultant to lead community engagement efforts in selecting a new community garden and identifying ways to make community garden programs more equitable and accessible.🌱Learn more:  https://t.co/gfmUMG8DwC  https://t.co/UHzLTXVj5t,en,[],['https://bit.ly/31SvqBZ'],['https://pbs.twimg.com/tweet_video_thumb/FEU-B9yXMAQAdrJ.jpg'],0,1,3,[],[],https://twitter.com/LDCHEALTH/status/1460641881705140227,False,,1,https://pbs.twimg.com/tweet_video_thumb/FEU-B9yXMAQAdrJ.jpg,,,,,,,[],,,,
1460375558634749952,1460375558634749952,2021-11-15 17:34:00 Eastern Standard Time,2021-11-15,17:34:00,-0500,98401031,ldchealth,Lawrence-Douglas County Public Health,,From 11/10-11/13 we saw almost 950 Douglas County youth aged 5-11 come through our COVID-19 vaccination clinics! 😮  We'll be back tomorrow from 4-7PM at Baldwin High School. Visit:  https://t.co/ZrGKOEBVPk to register.💉💪  https://t.co/STFwCMApmp,en,[],['http://www.ldchealth.org/getmyvaccine'],['https://pbs.twimg.com/tweet_video_thumb/FEQfCjjX0Ao6wgi.jpg'],0,4,18,[],[],https://twitter.com/LDCHEALTH/status/1460375558634749952,False,,1,https://pbs.twimg.com/tweet_video_thumb/FEQfCjjX0Ao6wgi.jpg,,,,,,,[],,,,
1460332962659065860,1460332962659065860,2021-11-15 14:44:44 Eastern Standard Time,2021-11-15,14:44:44,-0500,98401031,ldchealth,Lawrence-Douglas County Public Health,,#DGKSCOVID  Dashboard updated:  https://t.co/irpA2NHG2n COVID-19 update:  https://t.co/mkTj5jomy4  https://t.co/QJhfHaE6MN,en,[],"['https://reports.mysidewalk.com/4fda1b963e', 'https://conta.cc/30mbVkC']","['https://pbs.twimg.com/media/FEQkhGVXMAQG2Jf.png', 'https://pbs.twimg.com/media/FEQkovMWYAkbgU5.png', 'https://pbs.twimg.com/media/FEQkovtXIAAKAsU.png']",0,2,4,['dgkscovid'],[],https://twitter.com/LDCHEALTH/status/1460332962659065860,False,,1,https://pbs.twimg.com/media/FEQkhGVXMAQG2Jf.png,,,,,,,[],,,,
