id,conversation_id,created_at,date,time,timezone,user_id,username,name,place,tweet,language,mentions,urls,photos,replies_count,retweets_count,likes_count,hashtags,cashtags,link,retweet,quote_url,video,thumbnail,near,geo,source,user_rt_id,user_rt,retweet_id,reply_to,retweet_date,translate,trans_src,trans_dest
1465764761895944196,1465764761895944196,2021-11-30 14:28:46 Eastern Standard Time,2021-11-30,14:28:46,-0500,475178622,swpublichealth,SW Nebraska Public Health Dept,,"#SWNPHD will be at Benkelman Elementary School on December 3, 2021 8:30am-10:00am MT offering FREE dental screenings for children ages 0-5. Please call (308) 345-4223 to schedule. #PolishYourPearls  https://t.co/dvbf1qZy3U",en,[],[],['https://pbs.twimg.com/media/FFdxSHAWQAA0mbF.jpg'],0,0,0,"['swnphd', 'polishyourpearls']",[],https://twitter.com/swpublichealth/status/1465764761895944196,False,,1,https://pbs.twimg.com/media/FFdxSHAWQAA0mbF.jpg,,,,,,,[],,,,
1465516033721184258,1465516033721184258,2021-11-29 22:00:25 Eastern Standard Time,2021-11-29,22:00:25,-0500,475178622,swpublichealth,SW Nebraska Public Health Dept,,***NEWS RELEASE***  https://t.co/Qkt9oH33wx,en,[],[],"['https://pbs.twimg.com/media/FFaPENBXEAEFn5q.png', 'https://pbs.twimg.com/media/FFaPEMNXEAAxZM_.png']",0,0,0,[],[],https://twitter.com/swpublichealth/status/1465516033721184258,False,,1,https://pbs.twimg.com/media/FFaPENBXEAEFn5q.png,,,,,,,[],,,,
1465485947118751744,1465485947118751744,2021-11-29 20:00:51 Eastern Standard Time,2021-11-29,20:00:51,-0500,475178622,swpublichealth,SW Nebraska Public Health Dept,,***NEWS RELEASE***  https://t.co/29MegvrXCN,en,[],[],['https://pbs.twimg.com/media/FFZzs8fXsAMpbHO.png'],0,0,0,[],[],https://twitter.com/swpublichealth/status/1465485947118751744,False,,1,https://pbs.twimg.com/media/FFZzs8fXsAMpbHO.png,,,,,,,[],,,,
1465467174907174924,1465467174907174924,2021-11-29 18:46:16 Eastern Standard Time,2021-11-29,18:46:16,-0500,475178622,swpublichealth,SW Nebraska Public Health Dept,,"#SWNPHD will be offering Vaccines for Children at public clinics in December. If your child is behind on their vaccinations, now is the perfect opportunity to get them caught up. Anyone two months of age and older are invited to get their vaccinations.  https://t.co/G9vuBeokm4",en,[],[],['https://pbs.twimg.com/media/FFZioSqWQAUAa-C.jpg'],0,1,2,['swnphd'],[],https://twitter.com/swpublichealth/status/1465467174907174924,False,,1,https://pbs.twimg.com/media/FFZioSqWQAUAa-C.jpg,,,,,,,[],,,,
1465436592244416513,1465436592244416513,2021-11-29 16:44:44 Eastern Standard Time,2021-11-29,16:44:44,-0500,475178622,swpublichealth,SW Nebraska Public Health Dept,,"We will be in Hayes Center, at the Senior Center, doing Booster Doses and First Doses on Wednesday, December 8, 2021 2pm-3pm CST. Please call to schedule (308) 345-4223  https://t.co/jxBkyd2i0t",en,[],[],['https://pbs.twimg.com/media/FFZG0H4WUAUD1iw.jpg'],0,0,0,[],[],https://twitter.com/swpublichealth/status/1465436592244416513,False,,1,https://pbs.twimg.com/media/FFZG0H4WUAUD1iw.jpg,,,,,,,[],,,,
1465324881973813250,1465324881973813250,2021-11-29 09:20:50 Eastern Standard Time,2021-11-29,09:20:50,-0500,475178622,swpublichealth,SW Nebraska Public Health Dept,,***NEWS RELEASE***  https://t.co/V5hCAPLbIa,en,[],[],['https://pbs.twimg.com/media/FFXhNuQWQAghPMv.jpg'],0,0,0,[],[],https://twitter.com/swpublichealth/status/1465324881973813250,False,,1,https://pbs.twimg.com/media/FFXhNuQWQAghPMv.jpg,,,,,,,[],,,,
1463872646106554372,1463872646106554372,2021-11-25 09:10:10 Eastern Standard Time,2021-11-25,09:10:10,-0500,475178622,swpublichealth,SW Nebraska Public Health Dept,,Wash your hands between before and after handling raw food. #foodsafety  https://t.co/xDH640aID7,en,[],[],['https://pbs.twimg.com/media/FFC4aihXsAIx1bl.png'],0,0,0,['foodsafety'],[],https://twitter.com/swpublichealth/status/1463872646106554372,False,,1,https://pbs.twimg.com/media/FFC4aihXsAIx1bl.png,,,,,,,[],,,,
1463749428658020360,1463749428658020360,2021-11-25 01:00:33 Eastern Standard Time,2021-11-25,01:00:33,-0500,475178622,swpublichealth,SW Nebraska Public Health Dept,,"Caregivers are ordinary people with extraordinary HEARTS. They spend their time helping, listening, learning, &amp; encouraging. The value of their work has no limit and knows no bounds. They are there when NEEDED most and APPRECIATED more than they could ever know. #Respite #SWNPHD  https://t.co/HmkoLRDj2g",en,[],[],['https://pbs.twimg.com/media/FFBIWTyXIAA2E47.jpg'],0,0,0,"['respite', 'swnphd']",[],https://twitter.com/swpublichealth/status/1463749428658020360,False,,1,https://pbs.twimg.com/media/FFBIWTyXIAA2E47.jpg,,,,,,,[],,,,
1463600831039684609,1463600831039684609,2021-11-24 15:10:05 Eastern Standard Time,2021-11-24,15:10:05,-0500,475178622,swpublichealth,SW Nebraska Public Health Dept,,Give them each their own cutting board. #FoodSafety  https://t.co/lsauVPyMlJ,en,[],[],['https://pbs.twimg.com/media/FE_BM0lXoAELjtT.jpg'],0,0,0,['foodsafety'],[],https://twitter.com/swpublichealth/status/1463600831039684609,False,,1,https://pbs.twimg.com/media/FE_BM0lXoAELjtT.jpg,,,,,,,[],,,,
1463510238645178374,1463510238645178374,2021-11-24 09:10:06 Eastern Standard Time,2021-11-24,09:10:06,-0500,475178622,swpublichealth,SW Nebraska Public Health Dept,,Make sure your turkey is up to temperature! #FoodSafety  https://t.co/1m11jUUA2S,en,[],[],['https://pbs.twimg.com/media/FE9uznUXIAYo0wq.png'],0,0,0,['foodsafety'],[],https://twitter.com/swpublichealth/status/1463510238645178374,False,,1,https://pbs.twimg.com/media/FE9uznUXIAYo0wq.png,,,,,,,[],,,,
1463283733566529550,1463283733566529550,2021-11-23 18:10:03 Eastern Standard Time,2021-11-23,18:10:03,-0500,475178622,swpublichealth,SW Nebraska Public Health Dept,,"With covid cases on the rise, #SWNPHD encourages you to get your covid vaccine or get your covid booster. #GetVaccinated  https://t.co/Dor2z9sOyH",en,[],[],['https://pbs.twimg.com/media/FE6gzR1XsAQ45_o.png'],0,0,0,"['swnphd', 'getvaccinated']",[],https://twitter.com/swpublichealth/status/1463283733566529550,False,,1,https://pbs.twimg.com/media/FE6gzR1XsAQ45_o.png,,,,,,,[],,,,
1463270328998711303,1463270328998711303,2021-11-23 17:16:47 Eastern Standard Time,2021-11-23,17:16:47,-0500,475178622,swpublichealth,SW Nebraska Public Health Dept,,***NEWS RELEASE***  https://t.co/IR1Vcq2uKK,en,[],[],['https://pbs.twimg.com/media/FE6Um-SXwAg_xHV.png'],0,0,0,[],[],https://twitter.com/swpublichealth/status/1463270328998711303,False,,1,https://pbs.twimg.com/media/FE6Um-SXwAg_xHV.png,,,,,,,[],,,,
1463230863135678464,1463230863135678464,2021-11-23 14:39:57 Eastern Standard Time,2021-11-23,14:39:57,-0500,475178622,swpublichealth,SW Nebraska Public Health Dept,,***NEWS RELEASE***  https://t.co/bAiC156khR,en,[],[],"['https://pbs.twimg.com/media/FE5wtwWXEAgLtYM.jpg', 'https://pbs.twimg.com/media/FE5wtxpXoAkdhCb.png']",0,0,0,[],[],https://twitter.com/swpublichealth/status/1463230863135678464,False,,1,https://pbs.twimg.com/media/FE5wtwWXEAgLtYM.jpg,,,,,,,[],,,,
1462843861001244679,1462843861001244679,2021-11-22 13:02:09 Eastern Standard Time,2021-11-22,13:02:09,-0500,475178622,swpublichealth,SW Nebraska Public Health Dept,,"This Thanksgiving, give the gift of time and become a #Respite Provider. Call #SWNPHD at (308)345-4990  https://t.co/T2mH0bgDxr",en,[],[],['https://pbs.twimg.com/media/FE0QvPeX0BMLhuA.jpg'],0,0,2,"['respite', 'swnphd']",[],https://twitter.com/swpublichealth/status/1462843861001244679,False,,1,https://pbs.twimg.com/media/FE0QvPeX0BMLhuA.jpg,,,,,,,[],,,,
