id,conversation_id,created_at,date,time,timezone,user_id,username,name,place,tweet,language,mentions,urls,photos,replies_count,retweets_count,likes_count,hashtags,cashtags,link,retweet,quote_url,video,thumbnail,near,geo,source,user_rt_id,user_rt,retweet_id,reply_to,retweet_date,translate,trans_src,trans_dest
1465767530220429313,1465767412872237056,2021-11-30 14:39:46 Eastern Standard Time,2021-11-30,14:39:46,-0500,557670851,ecdoh,Erie County Department of Health 😷,,COVID-19 Boosters - Everyone 18 years or older Get a booster: At least 6 months after completing primary COVID-19 vaccination series (Pfizer or Moderna) At least 2 months after completing primary vaccination (J&amp;J) You can get any COVID-19 vaccine authorized in the U.S.. /end  https://t.co/mBlzraMFUh,en,[],[],"['https://pbs.twimg.com/media/FFdvYuMXsAIJ8OK.jpg', 'https://pbs.twimg.com/media/FFdvtdWXoAMlyN7.jpg']",0,0,2,[],[],https://twitter.com/ECDOH/status/1465767530220429313,False,,1,https://pbs.twimg.com/media/FFdvYuMXsAIJ8OK.jpg,,,,,,,[],,,,
1465767525703168005,1465767412872237056,2021-11-30 14:39:45 Eastern Standard Time,2021-11-30,14:39:45,-0500,557670851,ecdoh,Erie County Department of Health 😷,,"ECDOH Vaccine Sites See schedule at  https://t.co/1LbO846mSe  Registration suggested; walk-ins welcome Adding clinics w/ Buffalo Homecare – all ages, all doses Downtown Buffalo Transit Road location TBA Vax Visits: get vaccinated at home at no cost!! Call (716) 858-2929 /24  https://t.co/PehpmJsfb2",en,[],['http://www.erie.gov/vax'],['https://pbs.twimg.com/media/FFduH2mXwAUqIg9.jpg'],1,0,1,[],[],https://twitter.com/ECDOH/status/1465767525703168005,False,,1,https://pbs.twimg.com/media/FFduH2mXwAUqIg9.jpg,,,,,,,[],,,,
1465767519785046018,1465767412872237056,2021-11-30 14:39:44 Eastern Standard Time,2021-11-30,14:39:44,-0500,557670851,ecdoh,Erie County Department of Health 😷,,"If you are NOT feeling well please get tested to know your status, EVEN IF YOU HAVE BEEN VACCINATED. Erie County residents can access free diagnostic testing through ECDOH Appointments required: Call (716) 858-2929 /23  https://t.co/tMR1SHnIms",en,[],[],['https://pbs.twimg.com/media/FFduBChXEAscbdw.jpg'],1,0,2,[],[],https://twitter.com/ECDOH/status/1465767519785046018,False,,1,https://pbs.twimg.com/media/FFduBChXEAscbdw.jpg,,,,,,,[],,,,
1465767515364241408,1465767412872237056,2021-11-30 14:39:42 Eastern Standard Time,2021-11-30,14:39:42,-0500,557670851,ecdoh,Erie County Department of Health 😷,,"Plan is to assess need for additional measures using COVID-19 case data, positivity rate, and hospitalizations on December 13, 2021, UNLESS CONDITIONS REQUIRE AN EARLIER IMPLEMENTATION /22  https://t.co/VIinXGUdyp",en,[],[],['https://pbs.twimg.com/media/FFdt641XwAgNDPT.jpg'],1,0,1,[],[],https://twitter.com/ECDOH/status/1465767515364241408,False,,1,https://pbs.twimg.com/media/FFdt641XwAgNDPT.jpg,,,,,,,[],,,,
1465767511098642438,1465767412872237056,2021-11-30 14:39:41 Eastern Standard Time,2021-11-30,14:39:41,-0500,557670851,ecdoh,Erie County Department of Health 😷,,Erie County's Phased Approach to Reducing Case Loads and Controlling Hospitalizations /21  https://t.co/N1t3bTwkIY,en,[],[],['https://pbs.twimg.com/media/FFdt28hXEBEfoqU.jpg'],1,0,1,[],[],https://twitter.com/ECDOH/status/1465767511098642438,False,,1,https://pbs.twimg.com/media/FFdt28hXEBEfoqU.jpg,,,,,,,[],,,,
1465767498415054851,1465767412872237056,2021-11-30 14:39:38 Eastern Standard Time,2021-11-30,14:39:38,-0500,557670851,ecdoh,Erie County Department of Health 😷,,We Must Prevent Hospitals from Being Overrun with COVID-19 Patients Hospitals currently at or near capacity. Wait times at hospital emergency departments for care can be 8-12 hours or more /20  https://t.co/Pemwg4gUGk,en,[],[],['https://pbs.twimg.com/media/FFdtqEhXsAQwVnH.jpg'],1,0,0,[],[],https://twitter.com/ECDOH/status/1465767498415054851,False,,1,https://pbs.twimg.com/media/FFdtqEhXsAQwVnH.jpg,,,,,,,[],,,,
1465767493855846415,1465767412872237056,2021-11-30 14:39:37 Eastern Standard Time,2021-11-30,14:39:37,-0500,557670851,ecdoh,Erie County Department of Health 😷,,"Contact Tracing Sustained, high level of COVID-19 cases &amp; community transmission. Transmission in households, small group gatherings in public and private settings.  Very few nursing homes cases, though slight increase in past week Holiday season approaching /19  https://t.co/pyvpgDbzuP",en,[],[],['https://pbs.twimg.com/media/FFdtmEIWQAchHz8.jpg'],1,0,0,[],[],https://twitter.com/ECDOH/status/1465767493855846415,False,,1,https://pbs.twimg.com/media/FFdtmEIWQAchHz8.jpg,,,,,,,[],,,,
1465767489380528132,1465767412872237056,2021-11-30 14:39:36 Eastern Standard Time,2021-11-30,14:39:36,-0500,557670851,ecdoh,Erie County Department of Health 😷,,"Excelsior Pass, Vaccination Record Updates COVID-19 Information Line can: Provide duplicate vaccine cards by mail Update state database to make Excelsior Pass work Common problems: nicknames, changed addresses, outdated phone numbers, incorrect data entry Call (716) 858-2929 /18  https://t.co/1goIyIIMsB",en,[],[],['https://pbs.twimg.com/media/FFdtUG2WUAcWCGg.jpg'],1,0,0,[],[],https://twitter.com/ECDOH/status/1465767489380528132,False,,1,https://pbs.twimg.com/media/FFdtUG2WUAcWCGg.jpg,,,,,,,[],,,,
1465767485274267654,1465767412872237056,2021-11-30 14:39:35 Eastern Standard Time,2021-11-30,14:39:35,-0500,557670851,ecdoh,Erie County Department of Health 😷,,Test to Stay – Pilot Program with @GrandIslandCSD   Will offer option for serial (daily) testing to k-12 students who are unvaccinated close contacts from a classroom exposure ECDOH will evaluate process data &amp; outcomes to determine next steps  https://t.co/VkO5tOqU7d /17  https://t.co/L53c6lbtGP,en,"[{'screen_name': 'grandislandcsd', 'name': 'grand island csd', 'id': '306342898'}]",['https://www2.erie.gov/health/index.php?q=press/erie-county-department-health-and-grand-island-central-school-district-pilot-test-stay-program'],['https://pbs.twimg.com/media/FFdtM-LWQA0Xa-U.jpg'],1,0,0,[],[],https://twitter.com/ECDOH/status/1465767485274267654,False,,1,https://pbs.twimg.com/media/FFdtM-LWQA0Xa-U.jpg,,,,,,,[],,,,
1465767481050599427,1465767412872237056,2021-11-30 14:39:34 Eastern Standard Time,2021-11-30,14:39:34,-0500,557670851,ecdoh,Erie County Department of Health 😷,,Omicron Variant: Erie County Public Health Lab PCR tests are able to detect Omicron UB genetic sequencing program can identify Omicron variant - Delta is the predominant variant in our area /16  https://t.co/7mEeZ6Qbcm,en,[],[],['https://pbs.twimg.com/media/FFds83xXEAA5Sfq.jpg'],1,0,0,[],[],https://twitter.com/ECDOH/status/1465767481050599427,False,,1,https://pbs.twimg.com/media/FFds83xXEAA5Sfq.jpg,,,,,,,[],,,,
1465767477049188362,1465767412872237056,2021-11-30 14:39:33 Eastern Standard Time,2021-11-30,14:39:33,-0500,557670851,ecdoh,Erie County Department of Health 😷,,"Omicron Variant:  New SARS-CoV-2 variant detected in Africa, Middle East, Australia, Europe and Canada (Ontario) Data and research in next few weeks may determine: - Transmissibility - Illness severity - Vaccine effectiveness against this variant /15  https://t.co/Y2D7PgLxfD",en,[],[],['https://pbs.twimg.com/media/FFdsuNwWQAkdaGP.jpg'],1,0,0,[],[],https://twitter.com/ECDOH/status/1465767477049188362,False,,1,https://pbs.twimg.com/media/FFdsuNwWQAkdaGP.jpg,,,,,,,[],,,,
1465767472548786180,1465767412872237056,2021-11-30 14:39:32 Eastern Standard Time,2021-11-30,14:39:32,-0500,557670851,ecdoh,Erie County Department of Health 😷,,"WNY Vaccination Update through Nov. 29, 2021 Except for older age categories, total WNY vaccinations are lower than Erie County’s by an average of 4-5%. /14  https://t.co/SJYvZlT77A",en,[],[],['https://pbs.twimg.com/media/FFdsphoXsAEv6wL.jpg'],1,0,0,[],[],https://twitter.com/ECDOH/status/1465767472548786180,False,,1,https://pbs.twimg.com/media/FFdsphoXsAEv6wL.jpg,,,,,,,[],,,,
1465767466743779328,1465767412872237056,2021-11-30 14:39:31 Eastern Standard Time,2021-11-30,14:39:31,-0500,557670851,ecdoh,Erie County Department of Health 😷,,"Erie County Vaccination Update through Nov. 29, 2021 ( https://t.co/h75uNiQAVy) /13  https://t.co/M6Mj4ZoUCW",en,[],['https://coronavirus.health.ny.gov/demographic-vaccination-data'],['https://pbs.twimg.com/media/FFdsZmtXwBcR0eG.jpg'],1,0,0,[],[],https://twitter.com/ECDOH/status/1465767466743779328,False,,1,https://pbs.twimg.com/media/FFdsZmtXwBcR0eG.jpg,,,,,,,[],,,,
1465767461874282506,1465767412872237056,2021-11-30 14:39:30 Eastern Standard Time,2021-11-30,14:39:30,-0500,557670851,ecdoh,Erie County Department of Health 😷,,"COVID-19 Analytics Update (Peter Winkelstein, MS, MD, MBA on behalf of WNY COVID-19 Analytics Workgroup) /12  https://t.co/RQqeNDQqS4",en,[],[],"['https://pbs.twimg.com/media/FFdsUo_XEAg-Nt0.jpg', 'https://pbs.twimg.com/media/FFdsUo_X0AAtweG.jpg']",1,0,0,[],[],https://twitter.com/ECDOH/status/1465767461874282506,False,,1,https://pbs.twimg.com/media/FFdsUo_XEAg-Nt0.jpg,,,,,,,[],,,,
1465767457109561358,1465767412872237056,2021-11-30 14:39:29 Eastern Standard Time,2021-11-30,14:39:29,-0500,557670851,ecdoh,Erie County Department of Health 😷,,"11/28/2020, St. Joseph’s was a COVID-19 only acute care facility and had 112 patients 11/28/2021, St. Joseph’s is no longer an acute care facility and had 0 acute care patient beds. Hospitals across WNY are at or near their staffed        bed capacity /11",en,[],[],[],1,0,0,[],[],https://twitter.com/ECDOH/status/1465767457109561358,False,,0,,,,,,,,[],,,,
1465767455071121410,1465767412872237056,2021-11-30 14:39:28 Eastern Standard Time,2021-11-30,14:39:28,-0500,557670851,ecdoh,Erie County Department of Health 😷,,"Erie County Hospitals Are At or Nearing Full Capacity 11/28/2020, ECMC had 442 patients, 36 in the ICU 11/28/2021, ECMC had 552 patients, 47 in the ICU ECMC was at 100% Capacity on November 28, 2021 /10  https://t.co/V2jJaGDRIH",en,[],[],['https://pbs.twimg.com/media/FFdsNNWX0AM36mp.jpg'],1,0,1,[],[],https://twitter.com/ECDOH/status/1465767455071121410,False,,1,https://pbs.twimg.com/media/FFdsNNWX0AM36mp.jpg,,,,,,,[],,,,
1465767450579021825,1465767412872237056,2021-11-30 14:39:27 Eastern Standard Time,2021-11-30,14:39:27,-0500,557670851,ecdoh,Erie County Department of Health 😷,,"WNY COVID-19 Hospitalization Comparison: 2020 &amp; 2021 11/28/20, 386 COVID-19 Patients in all WNY hospitals: 327 in Erie Co. &amp; 59 in the other counties hospitals 11/28/21, 484 COVID-19 Patients in all WNY hospitals: 334 in Erie Co. &amp; 150 in the other counties hospitals /9  https://t.co/nzoDqKzjXo",en,[],[],"['https://pbs.twimg.com/media/FFdrvnvWQAgtd1e.jpg', 'https://pbs.twimg.com/media/FFdrzWvXEAY7gDO.jpg']",1,0,0,[],[],https://twitter.com/ECDOH/status/1465767450579021825,False,,1,https://pbs.twimg.com/media/FFdrvnvWQAgtd1e.jpg,,,,,,,[],,,,
1465767446195888138,1465767412872237056,2021-11-30 14:39:26 Eastern Standard Time,2021-11-30,14:39:26,-0500,557670851,ecdoh,Erie County Department of Health 😷,,"Erie County Hospitalization Data, March 2020-present Hospitalizations have exceeded peak from March-April 2020 and March-April 2021 /8  https://t.co/0fgMqnvVbl",en,[],[],['https://pbs.twimg.com/media/FFdrkK3WQA8X_t9.jpg'],1,0,0,[],[],https://twitter.com/ECDOH/status/1465767446195888138,False,,1,https://pbs.twimg.com/media/FFdrkK3WQA8X_t9.jpg,,,,,,,[],,,,
1465767441292791820,1465767412872237056,2021-11-30 14:39:25 Eastern Standard Time,2021-11-30,14:39:25,-0500,557670851,ecdoh,Erie County Department of Health 😷,,"Erie County Hospitalization Data (Nov. 15-27, 2021) COVID-19 patients increased ~65% in past two weeks. 18% of Erie County COVID-19 hospitalizations are in the ICU  Hospitals are at or near capacity for inpatients: -Total: 89.3% -ICU: 86.7% /7  https://t.co/0TqhJsGXJu",en,[],[],['https://pbs.twimg.com/media/FFdrd_IWYAQeiXn.jpg'],1,1,0,[],[],https://twitter.com/ECDOH/status/1465767441292791820,False,,1,https://pbs.twimg.com/media/FFdrd_IWYAQeiXn.jpg,,,,,,,[],,,,
1465767436909694985,1465767412872237056,2021-11-30 14:39:24 Eastern Standard Time,2021-11-30,14:39:24,-0500,557670851,ecdoh,Erie County Department of Health 😷,,Erie County Weekly Student &amp; School Staff COVID-19 Cases Steady case totals for k-12 students and staff Cases for week ending 11/20 higher than any week in 2020-2021 Reflective of community prevalence. /6  https://t.co/iwSC80v1bw,en,[],[],['https://pbs.twimg.com/media/FFdrYmSWUA0zwOK.jpg'],1,0,0,[],[],https://twitter.com/ECDOH/status/1465767436909694985,False,,1,https://pbs.twimg.com/media/FFdrYmSWUA0zwOK.jpg,,,,,,,[],,,,
