id,conversation_id,created_at,date,time,timezone,user_id,username,name,place,tweet,language,mentions,urls,photos,replies_count,retweets_count,likes_count,hashtags,cashtags,link,retweet,quote_url,video,thumbnail,near,geo,source,user_rt_id,user_rt,retweet_id,reply_to,retweet_date,translate,trans_src,trans_dest
1465417165163704326,1465417165163704326,2021-11-29 15:27:32 Eastern Standard Time,2021-11-29,15:27:32,-0500,887388509551689731,healthyescambia,FL Health Escambia,,@HealthyEscambia provides #Flu and #COVID19 #vaccines for children for FREE. schedule an appointment today 850-595-6554,en,[],[],[],0,2,3,"['flu', 'covid19', 'vaccines']",[],https://twitter.com/HealthyEscambia/status/1465417165163704326,False,https://twitter.com/CDCFlu/status/1465387601955893254,0,,,,,,,,[],,,,
1463537374688956422,1463537374688956422,2021-11-24 10:57:55 Eastern Standard Time,2021-11-24,10:57:55,-0500,887388509551689731,healthyescambia,FL Health Escambia,,"Reminder: In observance of the #Thanksgiving holiday, @HealthyEscambia will be closed on Thursday, 11/25 and Friday, 11/26. All services will be suspended, including #COVID19 vaccinations. We will resume usual hours and services on Monday, 11/29.  https://t.co/KgGpYmqmvz",en,"[{'screen_name': 'healthyescambia', 'name': 'fl health escambia', 'id': '887388509551689731'}]",[],['https://pbs.twimg.com/media/FE-HZXxXoAE1j9p.png'],0,0,1,"['thanksgiving', 'covid19']",[],https://twitter.com/HealthyEscambia/status/1463537374688956422,False,,1,https://pbs.twimg.com/media/FE-HZXxXoAE1j9p.png,,,,,,,[],,,,
1463231963377147907,1463231963377147907,2021-11-23 14:44:20 Eastern Standard Time,2021-11-23,14:44:20,-0500,887388509551689731,healthyescambia,FL Health Escambia,,"Water quality health advisory issued for #BayouTexar in #Escambia County, Florida. Learn more:  https://t.co/PmGsstTHn9 #Pensacola  https://t.co/XJMisM09bB",en,[],['https://bit.ly/2963oa1'],['https://pbs.twimg.com/media/FE5xSe8WYAABJ2t.jpg'],1,4,2,"['bayoutexar', 'escambia', 'pensacola']",[],https://twitter.com/HealthyEscambia/status/1463231963377147907,False,,1,https://pbs.twimg.com/media/FE5xSe8WYAABJ2t.jpg,,,,,,,[],,,,
1463159771222134790,1463159771222134790,2021-11-23 09:57:28 Eastern Standard Time,2021-11-23,09:57:28,-0500,887388509551689731,healthyescambia,FL Health Escambia,,Remember these four things when preparing your #Thanksgiving meal. #CleanSeparateCookChill  https://t.co/rbdZdsDcgq,en,[],[],['https://pbs.twimg.com/media/FE4v4N8WQAYMgM7.jpg'],0,2,3,"['thanksgiving', 'cleanseparatecookchill']",[],https://twitter.com/HealthyEscambia/status/1463159771222134790,False,,1,https://pbs.twimg.com/media/FE4v4N8WQAYMgM7.jpg,,,,,,,[],,,,
