id,conversation_id,created_at,date,time,timezone,user_id,username,name,place,tweet,language,mentions,urls,photos,replies_count,retweets_count,likes_count,hashtags,cashtags,link,retweet,quote_url,video,thumbnail,near,geo,source,user_rt_id,user_rt,retweet_id,reply_to,retweet_date,translate,trans_src,trans_dest
1463698159956377606,1463698159956377606,2021-11-24 21:36:50 Eastern Standard Time,2021-11-24,21:36:50,-0500,80875046,fultonhealth,Fulton Health,,"Our offices are closed on Thursday, November 25, and Friday, November 26 observance of the Thanksgiving holiday weekend.  We will resume regular hours on Monday, November 29.  #publichealth #closedfortheholiday  https://t.co/ZUjuzY3t2Z",en,[],[],[],0,0,0,"['publichealth', 'closedfortheholiday']",[],https://twitter.com/FultonHealth/status/1463698159956377606,False,,1,https://pbs.twimg.com/ext_tw_video_thumb/1463697997687099396/pu/img/SDHvdBnPPgf4fKbL.jpg,,,,,,,[],,,,
1463342254932869122,1463342254932869122,2021-11-23 22:02:35 Eastern Standard Time,2021-11-23,22:02:35,-0500,80875046,fultonhealth,Fulton Health,,"A reminder that our Fulton County vaccination sites will be closed Thursday, November 25, and Friday, November 26 for the Thanksgiving holiday weekend.   @CoreResponse @AFCEMA @FultonInfo  https://t.co/PxQPl06H5t",en,"[{'screen_name': 'coreresponse', 'name': 'core', 'id': '166196682'}, {'screen_name': 'afcema', 'name': 'atlanta-fulton county emergency management agency', 'id': '226177725'}, {'screen_name': 'fultoninfo', 'name': 'fultoncountygeorgia', 'id': '20808075'}]",[],['https://pbs.twimg.com/media/FE7VtdBXsAY6pqs.jpg'],0,3,1,[],[],https://twitter.com/FultonHealth/status/1463342254932869122,False,,1,https://pbs.twimg.com/media/FE7VtdBXsAY6pqs.jpg,,,,,,,[],,,,
1463227926539812865,1463227921326383110,2021-11-23 14:28:17 Eastern Standard Time,2021-11-23,14:28:17,-0500,80875046,fultonhealth,Fulton Health,,"CALL 404.613.8150 or VISIT  https://t.co/kU5cBAtdMB to schedule an appointment today!  Check out  https://t.co/83JHoMB5sI to learn more.  A huge thank you to @CoreResponse, @AFCEMA, and @FultonInfo for making this possible!  https://t.co/bqwGlPdOUR",en,"[{'screen_name': 'coreresponse', 'name': 'core', 'id': '166196682'}, {'screen_name': 'afcema', 'name': 'atlanta-fulton county emergency management agency', 'id': '226177725'}, {'screen_name': 'fultoninfo', 'name': 'fultoncountygeorgia', 'id': '20808075'}]","['http://bit.ly/Vax-Registration', 'http://bit.ly/VAX-UP']","['https://pbs.twimg.com/media/FE5slD-WUA89CiO.jpg', 'https://pbs.twimg.com/media/FE5soRGXoAAuuNE.jpg', 'https://pbs.twimg.com/media/FE5sxXpXsAA82-1.jpg']",0,0,0,[],[],https://twitter.com/FultonHealth/status/1463227926539812865,False,,1,https://pbs.twimg.com/media/FE5slD-WUA89CiO.jpg,,,,,,,[],,,,
1463227921326383110,1463227921326383110,2021-11-23 14:28:16 Eastern Standard Time,2021-11-23,14:28:16,-0500,80875046,fultonhealth,Fulton Health,,"With vaccine centers closing for the long holiday weekend, we are extending hours at these locations for today and tomorrow. 💉🙏🏿✨  Patients must be ages 12 and up. Appointments are required!  Follow the thread for more details.  @CoreResponse @AFCEMA @FultonInfo  https://t.co/3qT2jgh8B2",en,"[{'screen_name': 'coreresponse', 'name': 'core', 'id': '166196682'}, {'screen_name': 'afcema', 'name': 'atlanta-fulton county emergency management agency', 'id': '226177725'}, {'screen_name': 'fultoninfo', 'name': 'fultoncountygeorgia', 'id': '20808075'}]",[],[],1,4,8,[],[],https://twitter.com/FultonHealth/status/1463227921326383110,False,,1,https://pbs.twimg.com/ext_tw_video_thumb/1463226038847160327/pu/img/OA4wcPHHmRzG4IQr.jpg,,,,,,,[],,,,
1462850915531116552,1462850915531116552,2021-11-22 13:30:11 Eastern Standard Time,2021-11-22,13:30:11,-0500,80875046,fultonhealth,Fulton Health,,"Unfortunately, our Community Awards Ceremony and Brunch scheduled for December 1 is now canceled.  But the effort to stop HIV in Fulton County continues. Check out our resources on HIV testing, prevention, and treatment. Visit  https://t.co/OL8i9ftzFT   #WorldAIDSDay #StopHIVAtl  https://t.co/PHPD0HZz7F",en,[],['http://bit.ly/STOPHIVATL'],['https://pbs.twimg.com/media/FE0XJ9LXoAgDGS2.jpg'],0,0,0,"['worldaidsday', 'stophivatl']",[],https://twitter.com/FultonHealth/status/1462850915531116552,False,,1,https://pbs.twimg.com/media/FE0XJ9LXoAgDGS2.jpg,,,,,,,[],,,,
1462839569066475531,1462839569066475531,2021-11-22 12:45:06 Eastern Standard Time,2021-11-22,12:45:06,-0500,80875046,fultonhealth,Fulton Health,,Have you heard about our FREE AT-HOME COVID-19 services? This new resource prioritizes those in need of rapid testing as well as 1st or 2nd vaccine doses.  Boosters are currently not offered through this program.   Visit  https://t.co/tZOlTS0PDe OR for more info call 678-218-6539.  https://t.co/bQp6sh50Uj,en,[],['http://bit.ly/athome-portal'],['https://pbs.twimg.com/media/FE0M1ZlXEAEO1H6.jpg'],0,6,2,[],[],https://twitter.com/FultonHealth/status/1462839569066475531,False,,1,https://pbs.twimg.com/media/FE0M1ZlXEAEO1H6.jpg,,,,,,,[],,,,
1461431558590681106,1461431558590681106,2021-11-18 15:30:10 Eastern Standard Time,2021-11-18,15:30:10,-0500,80875046,fultonhealth,Fulton Health,,"For @AtlantaFalcons fans headed to @MBStadium for tonight’s game against New England, there is an opportunity to get vaccinated up until 9 pm in Section 125 before you root on the Dirty Birds. ‼️ 🏈   #vaxupfulton #FalconsNation  https://t.co/FKMKlk3Lvn",en,"[{'screen_name': 'atlantafalcons', 'name': 'atlanta falcons', 'id': '16347506'}, {'screen_name': 'mbstadium', 'name': 'mercedes-benz stadium', 'id': '1465030333'}]",[],['https://pbs.twimg.com/media/FEgMQe7WUAkdxqP.jpg'],0,1,2,"['vaxupfulton', 'falconsnation']",[],https://twitter.com/FultonHealth/status/1461431558590681106,False,,1,https://pbs.twimg.com/media/FEgMQe7WUAkdxqP.jpg,,,,,,,[],,,,
1461112735819829250,1461112735819829250,2021-11-17 18:23:17 Eastern Standard Time,2021-11-17,18:23:17,-0500,80875046,fultonhealth,Fulton Health,,"We are now offering a new resource providing at-home services to those in need! Services: rapid testing, 1st or 2nd vaccine dose, contact tracing, &amp; resource kit delivery.  Boosters and third doses are currently not offered  Visit  https://t.co/tZOlTS0PDe OR call 678-218-6539.  https://t.co/B2BwiHa17P",en,[],['http://bit.ly/athome-portal'],['https://pbs.twimg.com/media/FEbqSgqWQAQMUvo.jpg'],1,11,10,[],[],https://twitter.com/FultonHealth/status/1461112735819829250,False,,1,https://pbs.twimg.com/media/FEbqSgqWQAQMUvo.jpg,,,,,,,[],,,,
1460777441706795019,1460777383414358024,2021-11-16 20:10:56 Eastern Standard Time,2021-11-16,20:10:56,-0500,80875046,fultonhealth,Fulton Health,, https://t.co/em88qM6eFR,und,[],[],['https://pbs.twimg.com/media/FEW5V2tXEBA0em4.jpg'],0,0,0,[],[],https://twitter.com/FultonHealth/status/1460777441706795019,False,,1,https://pbs.twimg.com/media/FEW5V2tXEBA0em4.jpg,,,,,,,[],,,,
1460777383414358024,1460777383414358024,2021-11-16 20:10:42 Eastern Standard Time,2021-11-16,20:10:42,-0500,80875046,fultonhealth,Fulton Health,,Need convenience? … WE GOT YOU!! 💉🙏🏿✨  FCBOH’s vaccination sites are now offering evening hours on selected dates. Patients must be ages 12 &amp; up.  Appointments are required!   CALL 404.613.8150 or VISIT  https://t.co/kU5cBAtdMB   Check out  https://t.co/83JHoMB5sI to learn more.  https://t.co/JsHjwh0uqB,en,[],"['http://bit.ly/Vax-Registration', 'http://bit.ly/VAX-UP']","['https://pbs.twimg.com/media/FEW5SbiX0AUDKU5.jpg', 'https://pbs.twimg.com/media/FEW5SbiX0Ag-A1B.jpg', 'https://pbs.twimg.com/media/FEW5SbkXsAQlT6C.jpg', 'https://pbs.twimg.com/media/FEW5SbhXIAImUfR.jpg']",2,3,3,[],[],https://twitter.com/FultonHealth/status/1460777383414358024,False,,1,https://pbs.twimg.com/media/FEW5SbiX0AUDKU5.jpg,,,,,,,[],,,,
1460354556194443274,1460291831426699276,2021-11-15 16:10:32 Eastern Standard Time,2021-11-15,16:10:32,-0500,80875046,fultonhealth,Fulton Health,,Visit  https://t.co/kU5cBAtdMB to make an appointment today!,en,[],['http://bit.ly/Vax-Registration'],[],0,0,0,[],[],https://twitter.com/FultonHealth/status/1460354556194443274,False,,0,,,,,,,,[],,,,
1460291831426699276,1460291831426699276,2021-11-15 12:01:18 Eastern Standard Time,2021-11-15,12:01:18,-0500,80875046,fultonhealth,Fulton Health,,"Beginning Tuesday, November 16, through Saturday, December 4, Fulton County residents will be eligible for $100 gift cards after receiving their 1st or 2nd doses of the COVID-19 vaccine.   The incentive is available only to residents, ages 5 and up.  Appointments are required!  https://t.co/ozRWtse6aA",en,[],[],['https://pbs.twimg.com/media/FEP_rniXoAY6gf8.jpg'],3,9,5,[],[],https://twitter.com/FultonHealth/status/1460291831426699276,False,,1,https://pbs.twimg.com/media/FEP_rniXoAY6gf8.jpg,,,,,,,[],,,,
1458859495975755785,1458859495975755785,2021-11-11 13:09:42 Eastern Standard Time,2021-11-11,13:09:42,-0500,80875046,fultonhealth,Fulton Health,,"Before the members of the “World’s Greatest Rock n’ Roll Band” paint it black at Mercedes-Benz stadium tonight, their fans can get vaccinated against COVID-19 by stopping by Section 125 prior to showtime.   #vaxupfulton #mercedesbenzstadium  https://t.co/gACH2NDTJA",en,[],[],['https://pbs.twimg.com/media/FD7o-iAWQAIQfbe.jpg'],5,7,13,"['vaxupfulton', 'mercedesbenzstadium']",[],https://twitter.com/FultonHealth/status/1458859495975755785,False,,1,https://pbs.twimg.com/media/FD7o-iAWQAIQfbe.jpg,,,,,,,[],,,,
1458502261932449799,1458502261932449799,2021-11-10 13:30:11 Eastern Standard Time,2021-11-10,13:30:11,-0500,80875046,fultonhealth,Fulton Health,,"Our offices are closed on Thursday, November 11 in observance of the Veterans Day holiday. We will resume regular hours on Friday, November 12. . . . #veteransday #publichealth  https://t.co/hLr0V3Zpmb",en,[],[],"['https://pbs.twimg.com/media/FD2kE4NX0AcR6iz.jpg', 'https://pbs.twimg.com/media/FD2kFBTWQAABotA.jpg']",0,2,1,"['veteransday', 'publichealth']",[],https://twitter.com/FultonHealth/status/1458502261932449799,False,,1,https://pbs.twimg.com/media/FD2kE4NX0AcR6iz.jpg,,,,,,,[],,,,
1458192800298766343,1458192800298766343,2021-11-09 17:00:30 Eastern Standard Time,2021-11-09,17:00:30,-0500,80875046,fultonhealth,Fulton Health,,STARTING TODAY...  We officially have Pfizer-BioNTech vaccines available for your kids 5 to 11!!  Appointments are required and can be made by calling 404-613-8150 or by visiting  https://t.co/kU5cBAtdMB  To learn more check out  https://t.co/83JHoMB5sI  #vaxupfulton  https://t.co/U5KZiHEbhX,en,[],"['http://bit.ly/Vax-Registration', 'http://bit.ly/VAX-UP']","['https://pbs.twimg.com/media/FDyKn0SWYAM2VK3.jpg', 'https://pbs.twimg.com/media/FDyKn0SWYAQgtSq.jpg']",1,2,6,['vaxupfulton'],[],https://twitter.com/FultonHealth/status/1458192800298766343,False,,1,https://pbs.twimg.com/media/FDyKn0SWYAM2VK3.jpg,,,,,,,[],,,,
1456757930351542273,1456757930351542273,2021-11-05 18:58:50 Eastern Daylight Time,2021-11-05,18:58:50,-0500,80875046,fultonhealth,Fulton Health,,"Starting Tuesday, November 9th we will have Pfizer-BioNTech vaccines available for your kiddos!   Appointments are required and can be made by calling 404-613-8150 or by visiting  https://t.co/kU5cBAtdMB  To learn more check out  https://t.co/83JHoMB5sI  #vaxupfulton  https://t.co/EW5UXwC7yN",en,[],"['http://bit.ly/Vax-Registration', 'http://bit.ly/VAX-UP']","['https://pbs.twimg.com/media/FDdxnZpXoAENUhq.jpg', 'https://pbs.twimg.com/media/FDdxnZoX0AIxoCb.jpg']",0,11,5,['vaxupfulton'],[],https://twitter.com/FultonHealth/status/1456757930351542273,False,,1,https://pbs.twimg.com/media/FDdxnZpXoAENUhq.jpg,,,,,,,[],,,,
1456376985727508481,1456376985727508481,2021-11-04 17:45:06 Eastern Daylight Time,2021-11-04,17:45:06,-0500,80875046,fultonhealth,Fulton Health,,"December 1 is #WorldAIDSDay, a day to come together to end the HIV epidemic across the globe. We all have a role to play, so let’s #StopHIVAtl  Looking for information on HIV testing, prevention, treatment, and stigma? Visit  https://t.co/OL8i9ftzFT  https://t.co/yA5c3ih6lD",en,[],['http://bit.ly/STOPHIVATL'],['https://pbs.twimg.com/media/FDYXJneWUAM32BL.jpg'],0,5,7,"['worldaidsday', 'stophivatl']",[],https://twitter.com/FultonHealth/status/1456376985727508481,False,,1,https://pbs.twimg.com/media/FDYXJneWUAM32BL.jpg,,,,,,,[],,,,
1455243595775098886,1455243595775098886,2021-11-01 14:41:25 Eastern Daylight Time,2021-11-01,14:41:25,-0500,80875046,fultonhealth,Fulton Health,,"Plan on getting vaccinated tomorrow? This location will be closed, but thankfully we have more than 1 vaccination site! ✅   Visit  https://t.co/BkKahTtIu2 to learn more about our other vaccination locations that will be operating tomorrow.  Also, don't forget to vote ❗️🗳️  https://t.co/kl03MJ7j2x",en,[],['http://bit.ly/AviationElectionDay'],['https://pbs.twimg.com/media/FDIQVrrXoAAmKsZ.jpg'],1,1,1,[],[],https://twitter.com/FultonHealth/status/1455243595775098886,False,,1,https://pbs.twimg.com/media/FDIQVrrXoAAmKsZ.jpg,,,,,,,[],,,,
1454554337238212618,1454553405821755399,2021-10-30 17:02:32 Eastern Daylight Time,2021-10-30,17:02:32,-0500,80875046,fultonhealth,Fulton Health,,#letstalkmonth #factforward #letstalkatl #letstalkmonth2021  https://t.co/P39g0gRznX,und,[],[],['https://pbs.twimg.com/media/FC-ddV0XMAEUgqf.jpg'],0,1,1,"['letstalkmonth', 'factforward', 'letstalkatl', 'letstalkmonth2021']",[],https://twitter.com/FultonHealth/status/1454554337238212618,False,,1,https://pbs.twimg.com/media/FC-ddV0XMAEUgqf.jpg,,,,,,,[],,,,
1454553869975965704,1454553405821755399,2021-10-30 17:00:41 Eastern Daylight Time,2021-10-30,17:00:41,-0500,80875046,fultonhealth,Fulton Health,,"Parents remember!☝🏿  Most teens prefer to get information a little bit at a time, especially when it comes to huge topics like love, sex, and relationships. So don’t wait for the “right time” to have one big sex talk.  https://t.co/UKSUB0i5OH",en,[],[],['https://pbs.twimg.com/media/FC-dCLkXIBIlINE.jpg'],1,1,1,[],[],https://twitter.com/FultonHealth/status/1454553869975965704,False,,1,https://pbs.twimg.com/media/FC-dCLkXIBIlINE.jpg,,,,,,,[],,,,
