id,conversation_id,created_at,date,time,timezone,user_id,username,name,place,tweet,language,mentions,urls,photos,replies_count,retweets_count,likes_count,hashtags,cashtags,link,retweet,quote_url,video,thumbnail,near,geo,source,user_rt_id,user_rt,retweet_id,reply_to,retweet_date,translate,trans_src,trans_dest
1465742504482025472,1465742497062301706,2021-11-30 13:00:19 Eastern Standard Time,2021-11-30,13:00:19,-0500,3161549442,gchdinfo,GCHD,,Help slow the spread of COVID-19. • Get vaccinated. • Stay home if you are sick. • Wear a face covering &amp; social distance in public spaces. • Avoid crowds and poorly ventilated indoor spaces. • Wash your hands often with soap and water.,en,[],[],[],0,0,0,[],[],https://twitter.com/GCHDinfo/status/1465742504482025472,False,,0,,,,,,,,[],,,,
1465742501663412228,1465742497062301706,2021-11-30 13:00:19 Eastern Standard Time,2021-11-30,13:00:19,-0500,3161549442,gchdinfo,GCHD,,"Sadly, we report one additional death today: • A male, age range 51-60, passed away Nov. 1. He had pre-existing medical conditions and was partially vaccinated.  Vaccines:  https://t.co/sR5tBnYIby  School dashboard:  https://t.co/KfOAL616vr  Testing:  https://t.co/5XB3SYgpfW",en,[],"['http://gchd.org/covidvaccine', 'http://gchd.org/schooldashboard', 'http://gchd.org/testing']",[],1,0,0,[],[],https://twitter.com/GCHDinfo/status/1465742501663412228,False,,0,,,,,,,,[],,,,
1465742497062301706,1465742497062301706,2021-11-30 13:00:18 Eastern Standard Time,2021-11-30,13:00:18,-0500,3161549442,gchdinfo,GCHD,,"Today we're reporting: 👉 57 additional #COVID19 cases  (47 cases are current and 10 are older cases newly reported to the health district.) 👉 27 additional recoveries  👉 543,602 tests administered  Press release:  https://t.co/2AzyLY77wg  Dashboard:  https://t.co/AHtQg2bl2q  https://t.co/kKbh6KH2JX",en,[],"['https://www.gchd.org/Home/Components/News/News/4490/65', 'http://gchd.org/coviddashboard']","['https://pbs.twimg.com/media/FFdafTwX0A0Ich-.png', 'https://pbs.twimg.com/media/FFdafTwXoAU20N0.jpg', 'https://pbs.twimg.com/media/FFdafURXIAINeI6.jpg', 'https://pbs.twimg.com/media/FFdahcdWUAcYSSV.png']",1,0,0,['covid19'],[],https://twitter.com/GCHDinfo/status/1465742497062301706,False,,1,https://pbs.twimg.com/media/FFdafTwX0A0Ich-.png,,,,,,,[],,,,
1465698085816782850,1465698085816782850,2021-11-30 10:03:49 Eastern Standard Time,2021-11-30,10:03:49,-0500,3161549442,gchdinfo,GCHD,,"Looking for confidential STI testing? We've got you covered.   Our Healthy Concepts Clinic is open Wednesdays 8 a.m.-5 p.m. and offers Syphilis, Chlamydia, Gonorrhea and HIV testing 🍑🍆.  📍 9850-B Emmett F. Lowry Expressway, Suite B-107, Texas City ☎️ 409.978.4203 for more info  https://t.co/Ehp36zvWE9",en,[],[],['https://pbs.twimg.com/media/FFc0mbqVcAgWWaR.png'],0,1,1,[],[],https://twitter.com/GCHDinfo/status/1465698085816782850,False,,1,https://pbs.twimg.com/media/FFc0mbqVcAgWWaR.png,,,,,,,[],,,,
1465474405996236803,1465474405996236803,2021-11-29 19:15:00 Eastern Standard Time,2021-11-29,19:15:00,-0500,3161549442,gchdinfo,GCHD,,Looking for a rewarding career that lets you help protect and promote health and well-being in your community? Good news - we're hiring. Join our team!  Apply today at  https://t.co/MI9SvCjAQJ.  https://t.co/C3fnSJdiRP,en,[],['http://gchd.org/careers'],['https://pbs.twimg.com/media/FFXuYLpWYAwcbIO.jpg'],0,0,0,[],[],https://twitter.com/GCHDinfo/status/1465474405996236803,False,,1,https://pbs.twimg.com/media/FFXuYLpWYAwcbIO.jpg,,,,,,,[],,,,
1465387878503047180,1465387867836932105,2021-11-29 13:31:10 Eastern Standard Time,2021-11-29,13:31:10,-0500,3161549442,gchdinfo,GCHD,,Help slow the spread of COVID-19. • Get vaccinated. • Stay home if you are sick. • Wear a face covering &amp; social distance in public spaces. • Avoid crowds and poorly ventilated indoor spaces. • Wash your hands often with soap and water.,en,[],[],[],0,0,0,[],[],https://twitter.com/GCHDinfo/status/1465387878503047180,False,,0,,,,,,,,[],,,,
1465387872182222857,1465387867836932105,2021-11-29 13:31:08 Eastern Standard Time,2021-11-29,13:31:08,-0500,3161549442,gchdinfo,GCHD,,COVID-19 vaccines:  https://t.co/sR5tBnYIby  COVID-19 dashboard:  https://t.co/AHtQg2bl2q  COVID-19 school dashboard:  https://t.co/KfOAL616vr  Testing options in Galveston County:  https://t.co/5XB3SYgpfW,en,[],"['http://gchd.org/covidvaccine', 'http://gchd.org/coviddashboard', 'http://gchd.org/schooldashboard', 'http://gchd.org/testing']",[],1,0,0,[],[],https://twitter.com/GCHDinfo/status/1465387872182222857,False,,0,,,,,,,,[],,,,
1465387867836932105,1465387867836932105,2021-11-29 13:31:07 Eastern Standard Time,2021-11-29,13:31:07,-0500,3161549442,gchdinfo,GCHD,,"Today we're reporting: 👉 100 additional #COVID19 cases (5-day total) (84 cases are current and 16 are older cases newly reported to the health district.) 👉 152 additional recoveries (5-day total) 👉 542,850 tests administered  Press release:  https://t.co/qQ5YWBLgfV  https://t.co/vNQo58O7Qx",en,[],['https://www.gchd.org/Home/Components/News/News/4488/65'],"['https://pbs.twimg.com/media/FFYaLksXoBQIBYH.png', 'https://pbs.twimg.com/media/FFYaLkrWQAgosKd.jpg', 'https://pbs.twimg.com/media/FFYaLkrX0AAoEg9.jpg', 'https://pbs.twimg.com/media/FFYaNs1XwAE7CFy.png']",1,1,0,['covid19'],[],https://twitter.com/GCHDinfo/status/1465387867836932105,False,,1,https://pbs.twimg.com/media/FFYaLksXoBQIBYH.png,,,,,,,[],,,,
1465341137376399364,1465341137376399364,2021-11-29 10:25:26 Eastern Standard Time,2021-11-29,10:25:26,-0500,3161549442,gchdinfo,GCHD,,"Are you due for your #COVID19 booster dose? Everyone ages 18+ who is fully vaccinated is eligible.   Scheduling an appointment is easy. 💻  https://t.co/j2hXRYUla9 📱 409.938.7221, option 1  For more info, visit  https://t.co/sR5tBnYIby.  https://t.co/HEONpjvKuf",en,[],"['https://us1.quickscreen.health/galveston-county-vaccination#/screening', 'http://gchd.org/covidvaccine']","['https://pbs.twimg.com/media/FFXvYnjX0AETc_N.jpg', 'https://pbs.twimg.com/media/FFXvYnkXoAQT6sI.jpg']",0,2,2,['covid19'],[],https://twitter.com/GCHDinfo/status/1465341137376399364,False,,1,https://pbs.twimg.com/media/FFXvYnjX0AETc_N.jpg,,,,,,,[],,,,
1464334394047406086,1464334394047406086,2021-11-26 15:45:00 Eastern Standard Time,2021-11-26,15:45:00,-0500,3161549442,gchdinfo,GCHD,,"Don't miss out - sign up now for affordable health insurance plans for you and your family through Health Insurance Marketplace.  Plans cover essential health benefits, pre-existing conditions and preventive services.  We can help walk you through the process!  📞409.938.2204.  https://t.co/zg2YJCeOuq",en,[],[],"['https://pbs.twimg.com/media/FE-LM_6X0AMRmf_.jpg', 'https://pbs.twimg.com/media/FE-LM_9XIAMXhuN.jpg']",0,0,1,[],[],https://twitter.com/GCHDinfo/status/1464334394047406086,False,,1,https://pbs.twimg.com/media/FE-LM_6X0AMRmf_.jpg,,,,,,,[],,,,
1464251347641974839,1464251347641974839,2021-11-26 10:15:00 Eastern Standard Time,2021-11-26,10:15:00,-0500,3161549442,gchdinfo,GCHD,,Think about the difference between a newborn baby and a 5-year-old — it’s huge!   Looking for ideas to help your little one learn and grow? Visit  https://t.co/CCVjws93Wt  https://t.co/u9LXoECP9g,en,[],['https://texaswic.org/health-nutrition/children/watch-me-grow-years-1-5'],['https://pbs.twimg.com/media/FE-JDVyXIAc4kP6.png'],0,1,1,[],[],https://twitter.com/GCHDinfo/status/1464251347641974839,False,,1,https://pbs.twimg.com/media/FE-JDVyXIAc4kP6.png,,,,,,,[],,,,
1463905316836413446,1463905316836413446,2021-11-25 11:20:00 Eastern Standard Time,2021-11-25,11:20:00,-0500,3161549442,gchdinfo,GCHD,,Who else is looking forward to all the yummy food today 🙋🏽‍♀️  Check out these tips to enjoy your favorite foods &amp; keep it healthy.  ✔  Start with veggies to take the edge off your appetite. ✔ Choose dishes you love &amp; savor a small serving. ✔ Make time for a walk after your meal.  https://t.co/DBAGmeNupj,en,[],[],['https://pbs.twimg.com/media/FE_oT9eXIAQGntx.png'],0,0,0,[],[],https://twitter.com/GCHDinfo/status/1463905316836413446,False,,1,https://pbs.twimg.com/media/FE_oT9eXIAQGntx.png,,,,,,,[],,,,
1463860018705580034,1463860018705580034,2021-11-25 08:20:00 Eastern Standard Time,2021-11-25,08:20:00,-0500,3161549442,gchdinfo,GCHD,,"Galveston County Health District and Coastal Health &amp; Wellness will be closed today and Friday in observance of Thanksgiving. CHW will also be closed Saturday.  Offices will reopen Monday, Nov. 29.  https://t.co/Nj4aC5gqcg",en,[],[],"['https://pbs.twimg.com/media/FE4r5N3XoAkPH45.png', 'https://pbs.twimg.com/media/FE4r6WlWQAMHVte.png']",0,0,0,[],[],https://twitter.com/GCHDinfo/status/1463860018705580034,False,,1,https://pbs.twimg.com/media/FE4r5N3XoAkPH45.png,,,,,,,[],,,,
1463639817380503552,1463639817380503552,2021-11-24 17:45:00 Eastern Standard Time,2021-11-24,17:45:00,-0500,3161549442,gchdinfo,GCHD,,"Did you know Coastal Health &amp; Wellness offers medical, dental and counseling services for children, adolescents and adults? AND, we're accepting new patients!  Call us at 409.938.2234 to learn more!  https://t.co/j6AfHlDeLA",en,[],[],[],0,0,0,[],[],https://twitter.com/GCHDinfo/status/1463639817380503552,False,,1,https://pbs.twimg.com/ext_tw_video_thumb/1463524065264685064/pu/img/a4mwhcIAsxAC9P-D.jpg,,,,,,,[],,,,
1463605846131179523,1463605846131179523,2021-11-24 15:30:00 Eastern Standard Time,2021-11-24,15:30:00,-0500,3161549442,gchdinfo,GCHD,,"Spending time with family and friends this Thanksgiving holiday, traveling or plan to get some shopping in?  We're taking it back to the basics to stay #COVID19 safe - don't forget the three W's while you're out enjoying the holiday.  https://t.co/9RKRp9sZ5S",en,[],[],['https://pbs.twimg.com/media/FE965pyXoAYBFA8.jpg'],0,0,0,['covid19'],[],https://twitter.com/GCHDinfo/status/1463605846131179523,False,,1,https://pbs.twimg.com/media/FE965pyXoAYBFA8.jpg,,,,,,,[],,,,
1463568226298834944,1463568221324328961,2021-11-24 13:00:31 Eastern Standard Time,2021-11-24,13:00:31,-0500,3161549442,gchdinfo,GCHD,,Help slow the spread of COVID-19.  • Get vaccinated. • Stay home if you are sick. • Wear a face covering &amp; social distance in public spaces. • Avoid crowds and poorly ventilated indoor spaces. • Wash your hands often with soap and water.,en,[],[],[],0,0,0,[],[],https://twitter.com/GCHDinfo/status/1463568226298834944,False,,0,,,,,,,,[],,,,
1463568224755273728,1463568221324328961,2021-11-24 13:00:31 Eastern Standard Time,2021-11-24,13:00:31,-0500,3161549442,gchdinfo,GCHD,,COVID-19 vaccines:  https://t.co/sR5tBnYIby  COVID-19 dashboard:  https://t.co/AHtQg2bl2q  COVID-19 school dashboard:  https://t.co/KfOAL616vr  Testing options in Galveston County:  https://t.co/5XB3SYgpfW,en,[],"['http://gchd.org/covidvaccine', 'http://gchd.org/coviddashboard', 'http://gchd.org/schooldashboard', 'http://gchd.org/testing']",[],1,0,0,[],[],https://twitter.com/GCHDinfo/status/1463568224755273728,False,,0,,,,,,,,[],,,,
1463568221324328961,1463568221324328961,2021-11-24 13:00:30 Eastern Standard Time,2021-11-24,13:00:30,-0500,3161549442,gchdinfo,GCHD,,"Today we're reporting: 👉 37 additional #COVID19 cases (All cases are current.) 👉 22 additional recoveries  👉 540,828 tests administered  Press release:  https://t.co/Lpj0DVWMQz  We will not report a case update Thursday and Friday. Our next report will be on Monday.  https://t.co/7elbrOepGM",en,[],['https://www.gchd.org/Home/Components/News/News/4484/65'],"['https://pbs.twimg.com/media/FE-i1qtWYAYY_j5.png', 'https://pbs.twimg.com/media/FE-i1qvXsBADhGp.jpg', 'https://pbs.twimg.com/media/FE-i1rOXEAQIWWS.jpg', 'https://pbs.twimg.com/media/FE-i3RSWYAQ47Yv.png']",1,1,0,['covid19'],[],https://twitter.com/GCHDinfo/status/1463568221324328961,False,,1,https://pbs.twimg.com/media/FE-i1qtWYAYY_j5.png,,,,,,,[],,,,
1463526571776430087,1463526571776430087,2021-11-24 10:15:00 Eastern Standard Time,2021-11-24,10:15:00,-0500,3161549442,gchdinfo,GCHD,,"DKY everyone ages 18+ fully vaccinated against #COVID19 is eligible for a booster dose?  Our vaccine clinic is open today until 1 p.m. and next week Monday-Friday 8:30 a.m.-5 p.m., and until 6 p.m. on Wednesday.  💻  https://t.co/j2hXRYCJLz 📱 409.938.7221, option 1  https://t.co/EArlRhF6RF",en,[],['https://us1.quickscreen.health/galveston-county-vaccination#/screening'],['https://pbs.twimg.com/media/FE97rpRXIAYCTY5.jpg'],0,1,0,['covid19'],[],https://twitter.com/GCHDinfo/status/1463526571776430087,False,,1,https://pbs.twimg.com/media/FE97rpRXIAYCTY5.jpg,,,,,,,[],,,,
1463296309184524290,1463296309184524290,2021-11-23 19:00:01 Eastern Standard Time,2021-11-23,19:00:01,-0500,3161549442,gchdinfo,GCHD,,"#ChewOnThis  Did you know starting an oral hygiene routine early with your baby 👶🦷 can help prevent #cavities?  Start by wiping their gums with a clean gauze pad to remove plaque. When their teeth come in, brush them gently with a small amount of fluoride toothpaste.  https://t.co/OmpAcPEGfm",en,[],[],['https://pbs.twimg.com/media/FE4qUH5WQAEb4qY.png'],0,0,0,"['chewonthis', 'cavities']",[],https://twitter.com/GCHDinfo/status/1463296309184524290,False,,1,https://pbs.twimg.com/media/FE4qUH5WQAEb4qY.png,,,,,,,[],,,,
