id,conversation_id,created_at,date,time,timezone,user_id,username,name,place,tweet,language,mentions,urls,photos,replies_count,retweets_count,likes_count,hashtags,cashtags,link,retweet,quote_url,video,thumbnail,near,geo,source,user_rt_id,user_rt,retweet_id,reply_to,retweet_date,translate,trans_src,trans_dest
1465337662743752711,1465337662743752711,2021-11-29 10:11:38 Eastern Standard Time,2021-11-29,10:11:38,-0500,16812696,hamcohealth,Hamilton County Public Health,,"We are monitoring emerging information on the Omicron variant. While it has not been identified in Hamilton County, our message remains to take preventative measures: get vaccinated, get boosted, wear a mask, distance when possible, and wash your hands.   https://t.co/TMglpkNCym  https://t.co/3f9OHUyZDP",en,[],['http://HCPH.org/COVID19'],['https://pbs.twimg.com/media/FFXsG-6WUAQ2Twt.jpg'],1,4,3,[],[],https://twitter.com/HamCoHealth/status/1465337662743752711,False,,1,https://pbs.twimg.com/media/FFXsG-6WUAQ2Twt.jpg,,,,,,,[],,,,
1465032751346688004,1465032751346688004,2021-11-28 14:00:01 Eastern Standard Time,2021-11-28,14:00:01,-0500,16812696,hamcohealth,Hamilton County Public Health,,World AIDS Day (12/1) is dedicated to raising awareness of the AIDS pandemic caused by the spread of HIV infection and mourning those who have died of the disease. We are accepting donations for the Community Engagement Event. Help us give back to the community this #WorldAIDSDay  https://t.co/ppcZvFpC9I,en,[],[],"['https://pbs.twimg.com/media/FE_PK_LWYAoUUEw.jpg', 'https://pbs.twimg.com/media/FE_PM8mXoAQdaHE.jpg']",0,0,0,['worldaidsday'],[],https://twitter.com/HamCoHealth/status/1465032751346688004,False,,1,https://pbs.twimg.com/media/FE_PK_LWYAoUUEw.jpg,,,,,,,[],,,,
1463839888705568771,1463839888705568771,2021-11-25 07:00:00 Eastern Standard Time,2021-11-25,07:00:00,-0500,16812696,hamcohealth,Hamilton County Public Health,,"Happy Thanksgiving!   Our offices (and vaccine locations) are closed today and tomorrow. You can find our vaccine schedule for next on our website,  https://t.co/TMglpkNCym.  https://t.co/DzdskOjtTv",en,[],['http://HCPH.org/COVID19'],[],1,0,1,[],[],https://twitter.com/HamCoHealth/status/1463839888705568771,False,,1,https://pbs.twimg.com/ext_tw_video_thumb/1463615139664510984/pu/img/jEoaIY6WlG_fJPrq.jpg,,,,,,,[],,,,
1463554045629583370,1463554045629583370,2021-11-24 12:04:10 Eastern Standard Time,2021-11-24,12:04:10,-0500,16812696,hamcohealth,Hamilton County Public Health,,Have a safe and healthy holiday!  https://t.co/csZEM9wSH4,en,[],[],['https://pbs.twimg.com/media/FE-WglZXIAQwXBc.jpg'],0,2,6,[],[],https://twitter.com/HamCoHealth/status/1463554045629583370,False,,1,https://pbs.twimg.com/media/FE-WglZXIAQwXBc.jpg,,,,,,,[],,,,
1463152445668970504,1463139493708451841,2021-11-23 09:28:21 Eastern Standard Time,2021-11-23,09:28:21,-0500,16812696,hamcohealth,Hamilton County Public Health,,@katieks Thanks for coming out!,en,[],[],[],0,0,0,[],[],https://twitter.com/HamCoHealth/status/1463152445668970504,False,,0,,,,,,,,"[{'screen_name': 'katieks', 'name': 'Katie', 'id': '18117168'}]",,,,
1463139493708451841,1463139493708451841,2021-11-23 08:36:53 Eastern Standard Time,2021-11-23,08:36:53,-0500,16812696,hamcohealth,Hamilton County Public Health,,Anyone 18 or older can now get a booster dose of the COVID-19 vaccine. We welcome anyone needing a booster dose at any of our clinics ( https://t.co/TMglpkNCym).   When can you get a booster? 2 months after single dose of J&amp;J or 6 months after 2nd dose of Pfizer or Moderna.  https://t.co/hV8a67zRSk,en,[],['http://HCPH.org/COVID19'],['https://pbs.twimg.com/media/FE4dcarWYAc-pim.jpg'],2,3,8,[],[],https://twitter.com/HamCoHealth/status/1463139493708451841,False,,1,https://pbs.twimg.com/media/FE4dcarWYAc-pim.jpg,,,,,,,[],,,,
