id,conversation_id,created_at,date,time,timezone,user_id,username,name,place,tweet,language,mentions,urls,photos,replies_count,retweets_count,likes_count,hashtags,cashtags,link,retweet,quote_url,video,thumbnail,near,geo,source,user_rt_id,user_rt,retweet_id,reply_to,retweet_date,translate,trans_src,trans_dest
1225436382572797954,1225436382572797954,2020-02-06 10:09:35 Eastern Standard Time,2020-02-06,10:09:35,-0500,1728933726,hchph,HCHPH,,"February isn't just about Valentine's Day, you can show your support for Women't heart health by wearing red on Friday February 7th. You can also learn the signs and symptoms, as well as preventative care, of heart disease.   https://t.co/ZR0VUpurfF",en,[],['https://www.goredforwomen.org/'],[],0,0,1,[],[],https://twitter.com/HCHPH/status/1225436382572797954,False,,0,,,,,,,,[],,,,
1225435954057482242,1225435954057482242,2020-02-06 10:07:53 Eastern Standard Time,2020-02-06,10:07:53,-0500,1728933726,hchph,HCHPH,,"Wear red to support Heart Month and Go Red for Women on Friday, February 7th!   https://t.co/WMzsFznb8m",en,[],['https://www.cdc.gov/family/minutes/tips/wearred/index.htm'],[],0,0,1,[],[],https://twitter.com/HCHPH/status/1225435954057482242,False,,0,,,,,,,,[],,,,
1221827994995646465,1221827994995646465,2020-01-27 11:11:09 Eastern Standard Time,2020-01-27,11:11:09,-0500,1728933726,hchph,HCHPH,,"Do you know your blood type? Have you ever thought about donating blood? Did you know you can anytime, but we will have a donation center at our annual Public Health Fair on Saturday, April 10th.    https://t.co/0415n3nbPP",en,[],['https://www.redcross.org/about-us/news-and-events/news/2018/Celebrate-National-Blood-Donor-Month-this-January-and-Help-Save-a-Life.html'],[],0,0,1,[],[],https://twitter.com/HCHPH/status/1221827994995646465,False,,0,,,,,,,,[],,,,
1192508791276875776,1192508791276875776,2019-11-07 13:27:06 Eastern Standard Time,2019-11-07,13:27:06,-0500,1728933726,hchph,HCHPH,, https://t.co/aMlan8KkOD,und,[],['https://www.cancer.org/healthy/stay-away-from-tobacco/great-american-smokeout.html'],[],0,0,0,[],[],https://twitter.com/HCHPH/status/1192508791276875776,False,,0,,,,,,,,[],,,,
1191775923902783488,1191775923902783488,2019-11-05 12:54:57 Eastern Standard Time,2019-11-05,12:54:57,-0500,1728933726,hchph,HCHPH,,#ChooseKindness #BeKindEveryday #OvertheTopKindnessToday  https://t.co/js0R8kks4p,und,[],['https://www.randomactsofkindness.org/world-kindness-day'],[],0,0,0,"['choosekindness', 'bekindeveryday', 'overthetopkindnesstoday']",[],https://twitter.com/HCHPH/status/1191775923902783488,False,,0,,,,,,,,[],,,,
1189940973855559681,1189940973855559681,2019-10-31 12:23:30 Eastern Daylight Time,2019-10-31,12:23:30,-0500,1728933726,hchph,HCHPH,, https://t.co/EpE5Xh0AX6,und,[],['https://www.youtube.com/watch?v=odbQgx6s6eI'],[],0,0,0,[],[],https://twitter.com/HCHPH/status/1189940973855559681,False,,0,,,,,,,,[],,,,
1156936316212457479,1156936316212457479,2019-08-01 10:34:47 Eastern Daylight Time,2019-08-01,10:34:47,-0500,1728933726,hchph,HCHPH,,Healthiest State Annual Walk 2019  https://t.co/WQ3hAjLhlg via @YouTube,en,"[{'screen_name': 'youtube', 'name': 'youtube', 'id': '10228272'}]",['https://youtu.be/C_fdUW1S1Yg'],[],0,0,0,[],[],https://twitter.com/HCHPH/status/1156936316212457479,False,,0,,,,,,,,[],,,,
1143193311110422528,1143193311110422528,2019-06-24 12:24:59 Eastern Daylight Time,2019-06-24,12:24:59,-0500,1728933726,hchph,HCHPH,,Just posted a photo  https://t.co/YIZNc43t5g,en,[],['https://www.instagram.com/p/BzGV_ZWAFRt/?igshid=1dpa0zm4xojul'],[],0,0,0,[],[],https://twitter.com/HCHPH/status/1143193311110422528,False,,0,,,,,,,,[],,,,
1143187666571288576,1143187666571288576,2019-06-24 12:02:33 Eastern Daylight Time,2019-06-24,12:02:33,-0500,1728933726,hchph,HCHPH,,See this Instagram photo by @livewelljoco  https://t.co/aserphUKFu,en,"[{'screen_name': 'livewelljoco', 'name': 'livewell joco', 'id': '798195684159557632'}]",['https://www.instagram.com/p/BzGTRpjgDC6/?utm_source=ig_web_options_share_sheet'],[],0,0,0,[],[],https://twitter.com/HCHPH/status/1143187666571288576,False,,0,,,,,,,,[],,,,
1046911412918992896,1046911412918992896,2018-10-01 19:55:06 Eastern Daylight Time,2018-10-01,19:55:06,-0500,1728933726,hchph,HCHPH,,The Iowa ‘Care for Yourself’ Program provides free #mammograms &amp; Pap tests to low-income women. @iapublichealth #careforyourself  https://t.co/EdbKrgI8RX,en,"[{'screen_name': 'iapublichealth', 'name': 'idph - public health', 'id': '36790269'}]",['http://www.idph.iowa.gov/CFY/'],[],0,0,0,"['mammograms', 'careforyourself']",[],https://twitter.com/HCHPH/status/1046911412918992896,False,,0,,,,,,,,[],,,,
1046895052063219718,1046895052063219718,2018-10-01 18:50:05 Eastern Daylight Time,2018-10-01,18:50:05,-0500,1728933726,hchph,HCHPH,,"Poverty, less education, and the lack of health insurance are linked to lower #breastcancer survival rates.  https://t.co/228wT4u0rG",en,[],['http://bit.ly/2cdbvOx'],[],0,0,0,['breastcancer'],[],https://twitter.com/HCHPH/status/1046895052063219718,False,,0,,,,,,,,[],,,,
1046861083410075649,1046861083410075649,2018-10-01 16:35:06 Eastern Daylight Time,2018-10-01,16:35:06,-0500,1728933726,hchph,HCHPH,,Watch Cathy’s story of #breastcancer in her family:  https://t.co/8Jz6vLoqrn,en,[],['http://bit.ly/1VKzg45'],[],0,0,0,['breastcancer'],[],https://twitter.com/HCHPH/status/1046861083410075649,False,,0,,,,,,,,[],,,,
1037088557326852096,1037088557326852096,2018-09-04 17:22:34 Eastern Daylight Time,2018-09-04,17:22:34,-0500,1728933726,hchph,HCHPH,,#nostress  https://t.co/3hocnrCsaC  https://t.co/7WovLcC56d,und,[],['http://ow.ly/P2jH30lGwaV'],['https://pbs.twimg.com/media/DmR6i9mW4AAv54s.jpg'],0,0,1,['nostress'],[],https://twitter.com/HCHPH/status/1037088557326852096,False,,1,https://pbs.twimg.com/media/DmR6i9mW4AAv54s.jpg,,,,,,,[],,,,
959483553020108801,959483553020108801,2018-02-02 12:48:00 Eastern Standard Time,2018-02-02,12:48:00,-0500,1728933726,hchph,HCHPH,, https://t.co/Xov5O1kKLx,und,[],['http://wishtv.com/2018/02/02/national-wear-red-day-to-raise-awareness-for-womens-heart-health/'],[],0,0,0,[],[],https://twitter.com/HCHPH/status/959483553020108801,False,,0,,,,,,,,[],,,,
943853133859573760,943853133859573760,2017-12-21 09:38:17 Eastern Standard Time,2017-12-21,09:38:17,-0500,1728933726,hchph,HCHPH,,Got a fitness tracker and a competitive streak? Join me on @stridekickapp!  https://t.co/sO47xUsb1J #fitbit #jawbone #fitness,en,[],['https://stridekick.app.link/join-challenge?id=103229'],[],0,0,1,"['fitbit', 'jawbone', 'fitness']",[],https://twitter.com/HCHPH/status/943853133859573760,False,,0,,,,,,,,[],,,,
933005926214373379,933005926214373379,2017-11-21 11:15:21 Eastern Standard Time,2017-11-21,11:15:21,-0500,1728933726,hchph,HCHPH,,@AmericanCancer has a Quit for Life program to help you in becoming a non-smoker.  https://t.co/MMzMJZw2I9,en,[],[],['https://pbs.twimg.com/media/DPKz8SPVwAESodk.jpg'],0,0,0,[],[],https://twitter.com/HCHPH/status/933005926214373379,False,,1,https://pbs.twimg.com/media/DPKz8SPVwAESodk.jpg,,,,,,,[],,,,
930952367582965761,930952367582965761,2017-11-15 19:15:15 Eastern Standard Time,2017-11-15,19:15:15,-0500,1728933726,hchph,HCHPH,,Quitting #tobacco is an important step toward a healthier life and reduced cancer risk. #GASO  https://t.co/eM974mVYV2  https://t.co/0SIpLddvBt,en,[],['http://ow.ly/mIST30gdPWn'],['https://pbs.twimg.com/media/DOtoPjjWAAAgGff.jpg'],0,0,0,"['tobacco', 'gaso']",[],https://twitter.com/HCHPH/status/930952367582965761,False,,1,https://pbs.twimg.com/media/DOtoPjjWAAAgGff.jpg,,,,,,,[],,,,
925739597438603265,925739597438603265,2017-11-01 11:01:34 Eastern Daylight Time,2017-11-01,11:01:34,-0500,1728933726,hchph,HCHPH,,Risk of #PancreaticCancer is about 2x as high among smokers than for those who have never smoked.  https://t.co/ayig3USTcd  https://t.co/pRlsR99Ckl,en,[],['http://ow.ly/RZTc30gdOHj'],['https://pbs.twimg.com/media/DNjjQdeUMAAst-S.jpg'],0,0,0,['pancreaticcancer'],[],https://twitter.com/HCHPH/status/925739597438603265,False,,1,https://pbs.twimg.com/media/DNjjQdeUMAAst-S.jpg,,,,,,,[],,,,
925015429994696705,925015429994696705,2017-10-30 11:03:59 Eastern Daylight Time,2017-10-30,11:03:59,-0500,1728933726,hchph,HCHPH,,#Radon—a naturally occurring radioactive gas—is the 2nd-leading cause of #lungcancer (1st among non-smokers).  https://t.co/XuHZZbh5B8  https://t.co/of8khyrvz1,en,[],['http://ow.ly/2gBo30gdQrS'],['https://pbs.twimg.com/media/DNZQoXLXkAAbJ5_.jpg'],0,0,1,"['radon', 'lungcancer']",[],https://twitter.com/HCHPH/status/925015429994696705,False,,1,https://pbs.twimg.com/media/DNZQoXLXkAAbJ5_.jpg,,,,,,,[],,,,
920381462893023232,920381462893023232,2017-10-17 16:10:15 Eastern Daylight Time,2017-10-17,16:10:15,-0500,1728933726,hchph,HCHPH,,#EndDomesticViolence #TakeAction  https://t.co/CpNtV8yesw,und,[],[],['https://pbs.twimg.com/media/DMXaD3FXUAEBo4L.jpg'],0,0,1,"['enddomesticviolence', 'takeaction']",[],https://twitter.com/HCHPH/status/920381462893023232,False,,1,https://pbs.twimg.com/media/DMXaD3FXUAEBo4L.jpg,,,,,,,[],,,,
