id,conversation_id,created_at,date,time,timezone,user_id,username,name,place,tweet,language,mentions,urls,photos,replies_count,retweets_count,likes_count,hashtags,cashtags,link,retweet,quote_url,video,thumbnail,near,geo,source,user_rt_id,user_rt,retweet_id,reply_to,retweet_date,translate,trans_src,trans_dest
1465398122637664265,1465398122637664265,2021-11-29 14:11:52 Eastern Standard Time,2021-11-29,14:11:52,-0500,19712033,hendricks_co,HendricksHealthDept,,"Still have Thanksgiving leftovers hanging around in your fridge? Now is the time to eat, freeze or discard any leftovers. Learn more:  https://t.co/dnAvM54xhI #StoryofYourDinner #foodsafety  https://t.co/sbq218ERxY",en,[],['http://StoryofYourDinner.org'],['https://pbs.twimg.com/media/FFYjuo4WYAEaEWR.jpg'],0,0,0,"['storyofyourdinner', 'foodsafety']",[],https://twitter.com/Hendricks_Co/status/1465398122637664265,False,,1,https://pbs.twimg.com/media/FFYjuo4WYAEaEWR.jpg,,,,,,,[],,,,
1463589948330807305,1463589948330807305,2021-11-24 14:26:50 Eastern Standard Time,2021-11-24,14:26:50,-0500,19712033,hendricks_co,HendricksHealthDept,,"Let’s talk turkey! Unsafe handling and under-cooking your holiday bird can cause foodborne illnesses. Here are a few tips from the USDA to keep your Thanksgiving safe and delicious! For more information, visit:  https://t.co/3GNlUwP7zZ #FoodSafe @USDAFoodSafety  https://t.co/JRn0wUaT57",en,"[{'screen_name': 'usdafoodsafety', 'name': 'usda food safety & inspection service', 'id': '20436059'}]",['http://foodsafety.gov'],['https://pbs.twimg.com/media/FE-3FCuXEAQivQ1.jpg'],0,0,0,['foodsafe'],[],https://twitter.com/Hendricks_Co/status/1463589948330807305,False,,1,https://pbs.twimg.com/media/FE-3FCuXEAQivQ1.jpg,,,,,,,[],,,,
1463547693977030656,1463547693977030656,2021-11-24 11:38:56 Eastern Standard Time,2021-11-24,11:38:56,-0500,19712033,hendricks_co,HendricksHealthDept,,"The Hendricks County Health Department will be closed tomorrow, November 25th, and Friday, November 26th, in observance of Thanksgiving. On behalf of our staff, have a safe and healthy holiday!",en,[],[],[],0,0,0,[],[],https://twitter.com/Hendricks_Co/status/1463547693977030656,False,,0,,,,,,,,[],,,,
1463138337590595586,1463138337590595586,2021-11-23 08:32:18 Eastern Standard Time,2021-11-23,08:32:18,-0500,19712033,hendricks_co,HendricksHealthDept,, https://t.co/TKOK07pOEc,und,[],[],['https://pbs.twimg.com/media/FE4cgzKWQAUmgI4.jpg'],0,1,0,[],[],https://twitter.com/Hendricks_Co/status/1463138337590595586,False,,1,https://pbs.twimg.com/media/FE4cgzKWQAUmgI4.jpg,,,,,,,[],,,,
1462857101542404098,1462857101542404098,2021-11-22 13:54:46 Eastern Standard Time,2021-11-22,13:54:46,-0500,19712033,hendricks_co,HendricksHealthDept,,"We would like to thank our staff, volunteers, and community partners on this Public Health Thank You Day. Thank you for your commitment this past year to promote health, prevent disease, and ensure that our communities are safe. #PublicHealthHeroes #PHTYD @HendricksCtyMRC  https://t.co/wvh9BineUi",en,"[{'screen_name': 'hendricksctymrc', 'name': 'hendricks county mrc', 'id': '52745007'}]",[],['https://pbs.twimg.com/media/FE0bcISXMAIDuoP.jpg'],0,2,2,"['publichealthheroes', 'phtyd']",[],https://twitter.com/Hendricks_Co/status/1462857101542404098,False,,1,https://pbs.twimg.com/media/FE0bcISXMAIDuoP.jpg,,,,,,,[],,,,
