id,conversation_id,created_at,date,time,timezone,user_id,username,name,place,tweet,language,mentions,urls,photos,replies_count,retweets_count,likes_count,hashtags,cashtags,link,retweet,quote_url,video,thumbnail,near,geo,source,user_rt_id,user_rt,retweet_id,reply_to,retweet_date,translate,trans_src,trans_dest
1465739841413562374,1465739841413562374,2021-11-30 12:49:44 Eastern Standard Time,2021-11-30,12:49:44,-0500,844971429993025537,healthyhernando,DOH-Hernando,,"Start the conversation. 📲 👩‍🦰👦🏽👧🏽 Show you care about your teen’s health, wellness &amp; success. Young people are more likely to listen when they know you’re on their side.   (2 of 2)  https://t.co/fFlSCgK8EJ",en,[],['https://www.youtube.com/watch?v=3k-MeMwdUgo'],[],0,0,0,[],[],https://twitter.com/HealthyHernando/status/1465739841413562374,False,,0,,,,,,,,[],,,,
1465737231608467468,1465737231608467468,2021-11-30 12:39:22 Eastern Standard Time,2021-11-30,12:39:22,-0500,844971429993025537,healthyhernando,DOH-Hernando,,"Start the conversation. 👩‍👧‍👦📝☎️  The sooner you talk to your kids about alcohol, the greater chance you have of influencing their decisions.  Start by practicing with the “Talk. They Hear You.” app from @samhsagov     Details ↓  https://t.co/bENRXf01hX (1 of 2)  https://t.co/VjJGIKG8xN",en,"[{'screen_name': 'samhsagov', 'name': 'samhsa', 'id': '24959108'}]",['https://www.samhsa.gov/sites/default/files/programs_campaigns/underage_drinking/underage-drinking-age-12.pdf'],['https://pbs.twimg.com/media/FFdVlkDXEAA3fL9.png'],0,2,0,[],[],https://twitter.com/HealthyHernando/status/1465737231608467468,False,,1,https://pbs.twimg.com/media/FFdVlkDXEAA3fL9.png,,,,,,,[],,,,
1461674108463325195,1461674108463325195,2021-11-19 07:33:58 Eastern Standard Time,2021-11-19,07:33:58,-0500,844971429993025537,healthyhernando,DOH-Hernando,,"Hernando Fit Kids is back for the Thanksgiving break!  Sign your child up for this free, virtual opportunity to be active and engaged in healthy choices during the holiday. Register:  https://t.co/jC778997j6  https://t.co/DQ1lB1EB7e",en,[],['http://bit.ly/HFKThanksgiving2021'],['https://pbs.twimg.com/media/FEjo0XTXwAUqd7W.jpg'],0,3,0,[],[],https://twitter.com/HealthyHernando/status/1461674108463325195,False,,1,https://pbs.twimg.com/media/FEjo0XTXwAUqd7W.jpg,,,,,,,[],,,,
1461434664221089795,1461434664221089795,2021-11-18 15:42:30 Eastern Standard Time,2021-11-18,15:42:30,-0500,844971429993025537,healthyhernando,DOH-Hernando,,What are some of the health  benefits of quitting smoking? ⏰ in 20 mins your heart rate is effected ⏰ in a few days CO2 levels in your blood drops  ⏰ 2 weeks-3 months your circulation and lung function increases And More 👇 #GreatAmericanSmokeout   https://t.co/X2UjxclkwS  https://t.co/YMEwZWfSaM,en,[],['https://www.cancer.org/content/dam/cancer-org/online-documents/en/pdf/flyers/how-your-body-recovers-after-quitting-smoking.pdf'],['https://pbs.twimg.com/media/FEgN2ihXwA8C_7k.png'],0,1,0,['greatamericansmokeout'],[],https://twitter.com/HealthyHernando/status/1461434664221089795,False,,1,https://pbs.twimg.com/media/FEgN2ihXwA8C_7k.png,,,,,,,[],,,,
1461433159820709888,1461433159820709888,2021-11-18 15:36:32 Eastern Standard Time,2021-11-18,15:36:32,-0500,844971429993025537,healthyhernando,DOH-Hernando,,"Today is the #GreatAmericanSmokeOut  Quitting smoking can be hard, finding help should not be. Visit @tobaccofreefla for tips and resources online, on the phone or in-person as well as local partners like @GulfcoastNAHEC and @WeAreCivCom  https://t.co/ljBsYTcy66",en,"[{'screen_name': 'tobaccofreefla', 'name': 'tobacco free florida', 'id': '126134236'}, {'screen_name': 'gulfcoastnahec', 'name': 'gulfcoast north area health education center', 'id': '1349378154939482115'}, {'screen_name': 'wearecivcom', 'name': 'civcom', 'id': '248236238'}]",[],['https://pbs.twimg.com/media/FEgNq9AXEAUHDSx.png'],0,0,1,['greatamericansmokeout'],[],https://twitter.com/HealthyHernando/status/1461433159820709888,False,,1,https://pbs.twimg.com/media/FEgNq9AXEAUHDSx.png,,,,,,,[],,,,
1458781308054822914,1458781308054822914,2021-11-11 07:59:01 Eastern Standard Time,2021-11-11,07:59:01,-0500,844971429993025537,healthyhernando,DOH-Hernando,,"Health Department offices will be closed Thursday, November 11, in observance of Veterans Day.  Thank you to all who have served.  🇺🇸  #Gratitude  https://t.co/bUpCsM49PC",en,[],[],['https://pbs.twimg.com/media/FD6hP4CWUAcC_PQ.jpg'],0,0,1,['gratitude'],[],https://twitter.com/HealthyHernando/status/1458781308054822914,False,,1,https://pbs.twimg.com/media/FD6hP4CWUAcC_PQ.jpg,,,,,,,[],,,,
1458117380555558916,1458117380555558916,2021-11-09 12:00:48 Eastern Standard Time,2021-11-09,12:00:48,-0500,844971429993025537,healthyhernando,DOH-Hernando,,Are you looking for a pharmacy that offers the #COVID19 Pfizer vaccine for children ages 5-11?  Visit  https://t.co/Jbl5FFr9O2 to find a location and then schedule an appointment.  https://t.co/s2F7zyHtL1,en,[],['http://www.vaccines.gov'],['https://pbs.twimg.com/media/FDxEp-EWEAIu7A4.jpg'],0,1,1,['covid19'],[],https://twitter.com/HealthyHernando/status/1458117380555558916,False,,1,https://pbs.twimg.com/media/FDxEp-EWEAIu7A4.jpg,,,,,,,[],,,,
1453797343325835270,1453797343325835270,2021-10-28 14:54:31 Eastern Daylight Time,2021-10-28,14:54:31,-0500,844971429993025537,healthyhernando,DOH-Hernando,,"Expecting ghouls or goblins, super heroines or heroes at your door... How about swapping out candy for a healthier fall treat? We know, we know, raisins may not be @ the top of the list (even though we think they're tasty) but how about a glow stick, pencil or stickers? 🦸🏾‍♀️👻🤴🏼🎃  https://t.co/4mKdiH9to4",en,[],[],['https://pbs.twimg.com/media/FCzsedGWYCYih9N.jpg'],1,0,5,[],[],https://twitter.com/HealthyHernando/status/1453797343325835270,False,,1,https://pbs.twimg.com/media/FCzsedGWYCYih9N.jpg,,,,,,,[],,,,
1453793685217456137,1453793685217456137,2021-10-28 14:39:59 Eastern Daylight Time,2021-10-28,14:39:59,-0500,844971429993025537,healthyhernando,DOH-Hernando,,Here's a good tip from our southern neighbors. #WaterConservation,en,[],[],[],0,2,2,['waterconservation'],[],https://twitter.com/HealthyHernando/status/1453793685217456137,False,https://twitter.com/PascoWater/status/1453780063816757255,0,,,,,,,,[],,,,
1452662527423307785,1452662527423307785,2021-10-25 11:45:10 Eastern Daylight Time,2021-10-25,11:45:10,-0500,844971429993025537,healthyhernando,DOH-Hernando,,DYK: The health department offers safe sleep education &amp; no-cost portable cribs to primary caregivers of infants in Hernando County? Contact us today to schedule your safe-sleep education session. 352-540-6800  #FREE #SIDSAwarenessMonth 🐣 🤰🏻👶🏽More Info ⤵  https://t.co/KYbqktONH4,en,[],['http://hernando.floridahealth.gov/programs-and-services/clinical-and-nutrition-services/florida-healthy-babies.html'],[],0,0,1,"['free', 'sidsawarenessmonth']",[],https://twitter.com/HealthyHernando/status/1452662527423307785,False,https://twitter.com/healthyleonfl/status/1452605111373471748,0,,,,,,,,[],,,,
1448683890743390209,1448683890743390209,2021-10-14 12:15:29 Eastern Daylight Time,2021-10-14,12:15:29,-0500,844971429993025537,healthyhernando,DOH-Hernando,,"DYK: 1 in 3 Florida adults have a disability?   Play a role in supporting more inclusive state programs, communities, and health care to support people with, or at risk for, disabilities in all of our communities. Read more here ⬇   https://t.co/ZYdnJNIiau  https://t.co/445fsa2oq7",en,[],['https://www.cdc.gov/ncbddd/disabilityandhealth/impacts/florida.html'],['https://pbs.twimg.com/media/FBrA8mXWQAM-N8O.jpg'],0,1,0,[],[],https://twitter.com/HealthyHernando/status/1448683890743390209,False,,1,https://pbs.twimg.com/media/FBrA8mXWQAM-N8O.jpg,,,,,,,[],,,,
1447989408892870664,1447989408892870664,2021-10-12 14:15:52 Eastern Daylight Time,2021-10-12,14:15:52,-0500,844971429993025537,healthyhernando,DOH-Hernando,,"How Safe Sleep-Savvy Are You? Learning about SIDS and safe sleep for babies is important for all caregivers, not just for parents. Advocates can use this short, interactive quiz to engage caregivers in conversations about safe sleep.   https://t.co/RV2v45Gxhs  https://t.co/8vwq7ZtBtC",en,[],['https://nichq.org/resource/how-safe-sleep-savvy-are-you'],['https://pbs.twimg.com/media/FBhKm8JXIAkl0dX.png'],0,0,0,[],[],https://twitter.com/HealthyHernando/status/1447989408892870664,False,,1,https://pbs.twimg.com/media/FBhKm8JXIAkl0dX.png,,,,,,,[],,,,
1447968728503701509,1447968728503701509,2021-10-12 12:53:41 Eastern Daylight Time,2021-10-12,12:53:41,-0500,844971429993025537,healthyhernando,DOH-Hernando,,Make an appointment by calling 352-540-6800. Learn more at  https://t.co/IzURPezDCV,en,[],['http://hernando.floridahealth.gov/programs-and-services/clinical-and-nutrition-services/immunizations/index.html'],[],0,0,0,[],[],https://twitter.com/HealthyHernando/status/1447968728503701509,False,https://twitter.com/FLHealthCitrus/status/1447958757820993538,0,,,,,,,,[],,,,
1442959957402472448,1442959957402472448,2021-09-28 17:10:37 Eastern Daylight Time,2021-09-28,17:10:37,-0500,844971429993025537,healthyhernando,DOH-Hernando,,September is #NationalSuicidePreventionMonth  The National Suicide Prevention Lifeline can be reached by calling 1-800-273-8255 or reach a trained counselor via chat by clicking the link below.   https://t.co/77nKXCG5Qd  Your conversations are free and confidential.  https://t.co/GuaRI11ES4,en,[],['https://suicidepreventionlifeline.org/chat/'],['https://pbs.twimg.com/media/FAZqvunUYAE1hPD.jpg'],0,1,1,['nationalsuicidepreventionmonth'],[],https://twitter.com/HealthyHernando/status/1442959957402472448,False,,1,https://pbs.twimg.com/media/FAZqvunUYAE1hPD.jpg,,,,,,,[],,,,
1440025847029772288,1440025847029772288,2021-09-20 14:51:30 Eastern Daylight Time,2021-09-20,14:51:30,-0500,844971429993025537,healthyhernando,DOH-Hernando,,"Prescribed by a medical provider, monoclonal antibody therapy can prevent severe illness, hospitalization and death in high-risk patients 12 or older who have contracted or been exposed to #COVID19  FDOH Monoclonal Antibody Support Line: 850-344-9637  https://t.co/30iDEkpl8V",en,[],['https://floridahealthcovid19.gov/monoclonal-antibody-therapy/'],[],0,1,1,['covid19'],[],https://twitter.com/HealthyHernando/status/1440025847029772288,False,,0,,,,,,,,[],,,,
1440023718693117955,1440023718693117955,2021-09-20 14:43:03 Eastern Daylight Time,2021-09-20,14:43:03,-0500,844971429993025537,healthyhernando,DOH-Hernando,,"DYK National HIV/AIDS &amp; Aging Awareness Day brings attention to the growing number of people living long and full lives with HIV? Call 352-540-6800 to schedule your no cost, confidential HIV test today.  https://t.co/omN7Uj2GXr  https://t.co/vgY8nzAqdT",en,[],"['http://hernando.floridahealth.gov/programs-and-services/infectious-disease-services/aids/index.html#:~:text=Testing%20is%20always%20available%20at,schedule%20free%2C%20confidential%2C%20testing']",['https://pbs.twimg.com/media/E_vgFF4XMAMJrVh.png'],0,0,0,[],[],https://twitter.com/HealthyHernando/status/1440023718693117955,False,,1,https://pbs.twimg.com/media/E_vgFF4XMAMJrVh.png,,,,,,,[],,,,
1439578424310435840,1439578424310435840,2021-09-19 09:13:37 Eastern Daylight Time,2021-09-19,09:13:37,-0500,844971429993025537,healthyhernando,DOH-Hernando,,"No-cost COVID-19 testing is available from @NomiHealth  7 days a week from 7 a.m. - 7 p.m. at the Hernando County Fairgrounds.  If you have questions about setting an appointment or your test results, call 904-295-0562.  Visit  https://t.co/YM5BMR26bz to schedule an appointment.  https://t.co/Hr1YU3KZm6",en,"[{'screen_name': 'nomihealth', 'name': 'nomi health', 'id': '1199890531678973953'}]",['http://testing.nomihealth.com/signup/fl'],['https://pbs.twimg.com/media/E_pnoPPXIAEoasr.jpg'],1,3,3,[],[],https://twitter.com/HealthyHernando/status/1439578424310435840,False,,1,https://pbs.twimg.com/media/E_pnoPPXIAEoasr.jpg,,,,,,,[],,,,
1436714074075717638,1436714074075717638,2021-09-11 11:31:42 Eastern Daylight Time,2021-09-11,11:31:42,-0500,844971429993025537,healthyhernando,DOH-Hernando,,"The Florida Department of Health in Hernando County joins the nation in remembering September 11, 2001.  May we #AlwaysRemember  https://t.co/2gRQP6aMIL",en,[],[],['https://pbs.twimg.com/media/E_A7nBBWUAkEJeK.jpg'],0,0,2,['alwaysremember'],[],https://twitter.com/HealthyHernando/status/1436714074075717638,False,,1,https://pbs.twimg.com/media/E_A7nBBWUAkEJeK.jpg,,,,,,,[],,,,
1436400325225758720,1436400325225758720,2021-09-10 14:44:59 Eastern Daylight Time,2021-09-10,14:44:59,-0500,844971429993025537,healthyhernando,DOH-Hernando,,"In honor of the 20th Anniversary of 9/11 the @HernandoYMCA is hosting a 5K &amp;1 Mile Walk at Anderson Snow Park, 1360 Anderson Snow Rd on Sept. 11, start time is 8 a.m. and the run is open to the community. Register online.   https://t.co/YMFInMqvXn  https://t.co/2LHQ0WLVjW",en,"[{'screen_name': 'hernandoymca', 'name': 'ymca suncoast', 'id': '222129529'}]",['https://apm.activecommunities.com/ymcaofthesuncoast/Activity_Search/20420'],['https://pbs.twimg.com/media/E-8eNiMX0AAji5_.png'],0,0,1,[],[],https://twitter.com/HealthyHernando/status/1436400325225758720,False,,1,https://pbs.twimg.com/media/E-8eNiMX0AAji5_.png,,,,,,,[],,,,
1434844073333039104,1434844073333039104,2021-09-06 07:40:59 Eastern Daylight Time,2021-09-06,07:40:59,-0500,844971429993025537,healthyhernando,DOH-Hernando,,The Spring Hill and Brooksville offices of the Florida Department of Health in Hernando County are closed today in observance of Labor Day.  https://t.co/Lz1PqNpcpi,en,[],[],['https://pbs.twimg.com/media/E-mWe_dX0AY0W9a.jpg'],0,0,0,[],[],https://twitter.com/HealthyHernando/status/1434844073333039104,False,,1,https://pbs.twimg.com/media/E-mWe_dX0AY0W9a.jpg,,,,,,,[],,,,
