id,conversation_id,created_at,date,time,timezone,user_id,username,name,place,tweet,language,mentions,urls,photos,replies_count,retweets_count,likes_count,hashtags,cashtags,link,retweet,quote_url,video,thumbnail,near,geo,source,user_rt_id,user_rt,retweet_id,reply_to,retweet_date,translate,trans_src,trans_dest
1464700727549472771,1464700727549472771,2021-11-27 16:00:40 Eastern Standard Time,2021-11-27,16:00:40,-0500,1267151060,arhs_nc,ARHS_NC,, https://t.co/smtbHKupak,und,[],[],['https://pbs.twimg.com/media/FFOpjHCXMAM-qwy.jpg'],0,2,1,[],[],https://twitter.com/ARHS_NC/status/1464700727549472771,False,,1,https://pbs.twimg.com/media/FFOpjHCXMAM-qwy.jpg,,,,,,,[],,,,
1463871186002227201,1463871186002227201,2021-11-25 09:04:22 Eastern Standard Time,2021-11-25,09:04:22,-0500,1267151060,arhs_nc,ARHS_NC,, https://t.co/a2LKyEDIpg,und,[],[],['https://pbs.twimg.com/media/FFC3FPeXEAgOAKs.jpg'],0,0,3,[],[],https://twitter.com/ARHS_NC/status/1463871186002227201,False,,1,https://pbs.twimg.com/media/FFC3FPeXEAgOAKs.jpg,,,,,,,[],,,,
1463508355465555976,1463508355465555976,2021-11-24 09:02:37 Eastern Standard Time,2021-11-24,09:02:37,-0500,1267151060,arhs_nc,ARHS_NC,, https://t.co/HwFKhggk0k,und,[],[],['https://pbs.twimg.com/media/FE9tF_fWUAEqioz.jpg'],0,2,3,[],[],https://twitter.com/ARHS_NC/status/1463508355465555976,False,,1,https://pbs.twimg.com/media/FE9tF_fWUAEqioz.jpg,,,,,,,[],,,,
1463239719299469323,1463239719299469323,2021-11-23 15:15:09 Eastern Standard Time,2021-11-23,15:15:09,-0500,1267151060,arhs_nc,ARHS_NC,,ARHS Weekly Surveillance Report.  https://t.co/hPn9sYXKn4,en,[],[],['https://pbs.twimg.com/media/FE54w92WUA0LM3Q.jpg'],0,0,0,[],[],https://twitter.com/ARHS_NC/status/1463239719299469323,False,,1,https://pbs.twimg.com/media/FE54w92WUA0LM3Q.jpg,,,,,,,[],,,,
1463236282209947655,1463236282209947655,2021-11-23 15:01:29 Eastern Standard Time,2021-11-23,15:01:29,-0500,1267151060,arhs_nc,ARHS_NC,,Please see ARHS Press Release #210 and the Weekly Surveillance Report. Due to the Thanksgiving holiday no release will be issued on Friday.  https://t.co/IDMoQvVVS8,en,[],[],"['https://pbs.twimg.com/media/FE51pNYXwAYCSkE.png', 'https://pbs.twimg.com/media/FE51pLkXwAIaJ7-.png', 'https://pbs.twimg.com/media/FE51pNrXoAQQUds.png']",0,0,0,[],[],https://twitter.com/ARHS_NC/status/1463236282209947655,False,,1,https://pbs.twimg.com/media/FE51pNYXwAYCSkE.png,,,,,,,[],,,,
1463176163426246658,1463176163426246658,2021-11-23 11:02:36 Eastern Standard Time,2021-11-23,11:02:36,-0500,1267151060,arhs_nc,ARHS_NC,, https://t.co/5AR3ZiLB3D,und,[],[],['https://pbs.twimg.com/media/FE4-94PXwAoTPx4.jpg'],0,0,0,[],[],https://twitter.com/ARHS_NC/status/1463176163426246658,False,,1,https://pbs.twimg.com/media/FE4-94PXwAoTPx4.jpg,,,,,,,[],,,,
