id,conversation_id,created_at,date,time,timezone,user_id,username,name,place,tweet,language,mentions,urls,photos,replies_count,retweets_count,likes_count,hashtags,cashtags,link,retweet,quote_url,video,thumbnail,near,geo,source,user_rt_id,user_rt,retweet_id,reply_to,retweet_date,translate,trans_src,trans_dest
1465758391561641987,1465758391561641987,2021-11-30 14:03:27 Eastern Standard Time,2021-11-30,14:03:27,-0500,97981384,humcodhhs,Humboldt County DHHS,,The Behavioral Health 24/7 Crisis Line’s regular number is back up and running. Call 1-707-445-7715 or 1-888-849-5728.  https://t.co/spifzv3bSi,en,[],[],['https://pbs.twimg.com/media/FFdrc0uVgAMWXAL.jpg'],0,0,1,[],[],https://twitter.com/HumCoDHHS/status/1465758391561641987,False,,1,https://pbs.twimg.com/media/FFdrc0uVgAMWXAL.jpg,,,,,,,[],,,,
1465475326536867845,1465475326536867845,2021-11-29 19:18:39 Eastern Standard Time,2021-11-29,19:18:39,-0500,97981384,humcodhhs,Humboldt County DHHS,,"Starting at 5 p.m., Monday, Nov. 29, the Behavioral Health Crisis Line will be temporarily changed. Call 1-707-268-2941 or 1-888-849-5728 for the toll free number which will remain the same. We will update this post when the local number is up and running again.  https://t.co/MK9vJ5vNVl",en,[],[],['https://pbs.twimg.com/media/FFZp9_PUcAMDhzj.jpg'],0,0,0,[],[],https://twitter.com/HumCoDHHS/status/1465475326536867845,False,,1,https://pbs.twimg.com/media/FFZp9_PUcAMDhzj.jpg,,,,,,,[],,,,
1465431643766726658,1465431643766726658,2021-11-29 16:25:04 Eastern Standard Time,2021-11-29,16:25:04,-0500,97981384,humcodhhs,Humboldt County DHHS,,DHHS is hiring an Equity Manager. Check out the video to learn more about this position and click on the below link to apply.  https://t.co/XWWRffXap8   https://t.co/vBZecup6vF  https://t.co/zutsHqJ1kE,en,[],"['https://youtu.be/w7aeUP7FRYM', 'https://www.governmentjobs.com/careers/humboldtcountyca/jobs/3315625/program-manager-dhhs-equity-manager?keywords=equity&pagetype=jobOpportunitiesJobs&fbclid=IwAR0RzS2iWna5SRF5aAGfaKt0g77vw7Fxtl1GAYlw_k5tw627n9JJco-GSns']",['https://pbs.twimg.com/media/FFZBnbzUUAAZtLl.jpg'],0,0,0,[],[],https://twitter.com/HumCoDHHS/status/1465431643766726658,False,,1,https://pbs.twimg.com/media/FFZBnbzUUAAZtLl.jpg,,,,,,,[],,,,
1463296433465933831,1463296433465933831,2021-11-23 19:00:31 Eastern Standard Time,2021-11-23,19:00:31,-0500,97981384,humcodhhs,Humboldt County DHHS,,DHHS’s Division of Environmental Health staff is reminding people of safe food handling tips to keep holiday meals healthy and lessen the chance of foodborne illness. Click on the link to read the full release.   https://t.co/kCzf6Tksuc  https://t.co/58P3AJtCq2,en,[],['https://humboldtgov.org/civicalerts.aspx?AID=4371'],['https://pbs.twimg.com/media/FE6sVyqVUAIVp8R.jpg'],0,0,1,[],[],https://twitter.com/HumCoDHHS/status/1463296433465933831,False,,1,https://pbs.twimg.com/media/FE6sVyqVUAIVp8R.jpg,,,,,,,[],,,,
