id,conversation_id,created_at,date,time,timezone,user_id,username,name,place,tweet,language,mentions,urls,photos,replies_count,retweets_count,likes_count,hashtags,cashtags,link,retweet,quote_url,video,thumbnail,near,geo,source,user_rt_id,user_rt,retweet_id,reply_to,retweet_date,translate,trans_src,trans_dest
1458080958213758984,1458080958213758984,2021-11-09 09:36:04 Eastern Standard Time,2021-11-09,09:36:04,-0500,814923450708094976,jaspercountyia,Jasper Co Health Dpt,, https://t.co/YHTaHHX2SS,und,[],[],['https://pbs.twimg.com/media/FDwk4F8XMAIXvN2.png'],0,0,0,[],[],https://twitter.com/JasperCountyIA/status/1458080958213758984,False,,1,https://pbs.twimg.com/media/FDwk4F8XMAIXvN2.png,,,,,,,[],,,,
1455990339580334092,1455990339580334092,2021-11-03 16:08:42 Eastern Daylight Time,2021-11-03,16:08:42,-0500,814923450708094976,jaspercountyia,Jasper Co Health Dpt,,Newton Clinic has just received COVID vaccine for ages 5-11.  Please call or text for an appointment.  https://t.co/HlBzguNmcI,en,[],[],['https://pbs.twimg.com/media/FDS3fzlXsAAWz5W.jpg'],0,1,0,[],[],https://twitter.com/JasperCountyIA/status/1455990339580334092,False,,1,https://pbs.twimg.com/media/FDS3fzlXsAAWz5W.jpg,,,,,,,[],,,,
1438961651949178882,1438961651949178882,2021-09-17 16:22:47 Eastern Daylight Time,2021-09-17,16:22:47,-0500,814923450708094976,jaspercountyia,Jasper Co Health Dpt,,IDPH &amp; CDC's websites have more COVID data if you are interested in more information.  Here are the links to find information about COVID data.  CDC:  https://t.co/NJ6xPKkDFw Iowa Department of Public Health (IDPH): Main website  https://t.co/L7pRideBAD  https://t.co/UbEiPFquK6,en,[],"['https://covid.cdc.gov/covid-data-tracker/#county-view', 'https://coronavirus.iowa.gov/']",['https://pbs.twimg.com/media/E_g35DSXoAIWnuv.jpg'],0,1,0,[],[],https://twitter.com/JasperCountyIA/status/1438961651949178882,False,,1,https://pbs.twimg.com/media/E_g35DSXoAIWnuv.jpg,,,,,,,[],,,,
1437472670786936836,1437472670786936836,2021-09-13 13:46:06 Eastern Daylight Time,2021-09-13,13:46:06,-0500,814923450708094976,jaspercountyia,Jasper Co Health Dpt,,"COVID vaccine numbers for Jasper County as of 9/13/2021.  More information is available at the following link.  https://t.co/eQbRzKKxOK... If you would like the COVID vaccine, it is available at Newton Clinic, Medicap, and HyVee.  https://t.co/Yy4cw4o6rn",en,[],['https://coronavirus.iowa.gov/pages/vaccineinformation'],['https://pbs.twimg.com/media/E_LtnXBXMAAhgfQ.jpg'],0,0,0,[],[],https://twitter.com/JasperCountyIA/status/1437472670786936836,False,,1,https://pbs.twimg.com/media/E_LtnXBXMAAhgfQ.jpg,,,,,,,[],,,,
1436444006821531649,1436444006821531649,2021-09-10 17:38:33 Eastern Daylight Time,2021-09-10,17:38:33,-0500,814923450708094976,jaspercountyia,Jasper Co Health Dpt,, https://t.co/B15mhu8Vru,und,[],[],['https://pbs.twimg.com/media/E-9GNUHXIAEiCbU.jpg'],0,0,0,[],[],https://twitter.com/JasperCountyIA/status/1436444006821531649,False,,1,https://pbs.twimg.com/media/E-9GNUHXIAEiCbU.jpg,,,,,,,[],,,,
1434602061883117568,1434602061883117568,2021-09-05 15:39:19 Eastern Daylight Time,2021-09-05,15:39:19,-0500,814923450708094976,jaspercountyia,Jasper Co Health Dpt,,"Order free, at-home COVID test kits online at  https://t.co/sgS8SLolFq     COVID vaccines remain the number one mitigation measure to prevent hospitalizations and death.  https://t.co/xdfcFCOhfM  https://t.co/jBoi9sbaPH",en,[],"['https://www.testiowa.com/en', 'https://jasperia.org/588/2019-Novel-Coronavirus-COVID-19']",['https://pbs.twimg.com/media/E-i6-M2WYAMaPGJ.jpg'],0,0,0,[],[],https://twitter.com/JasperCountyIA/status/1434602061883117568,False,,1,https://pbs.twimg.com/media/E-i6-M2WYAMaPGJ.jpg,,,,,,,[],,,,
1434524071778213888,1434524071778213888,2021-09-05 10:29:25 Eastern Daylight Time,2021-09-05,10:29:25,-0500,814923450708094976,jaspercountyia,Jasper Co Health Dpt,,"If you need a free, at-home, COVID test kits, you can order them at the following website. They will ship directly to your home.   If you have COVID symptoms or have been a close contact, please get tested.   https://t.co/2aVVOAV6qm  https://t.co/rvC6ELSkPo",en,[],['http://Testiowa.com'],['https://pbs.twimg.com/media/E-h0CePXIAQ7ARz.jpg'],0,0,0,[],[],https://twitter.com/JasperCountyIA/status/1434524071778213888,False,,1,https://pbs.twimg.com/media/E-h0CePXIAQ7ARz.jpg,,,,,,,[],,,,
1414628367823945729,1414628367823945729,2021-07-12 12:51:00 Eastern Daylight Time,2021-07-12,12:51:00,-0500,814923450708094976,jaspercountyia,Jasper Co Health Dpt,, https://t.co/o9KSaq7noR,und,[],[],['https://pbs.twimg.com/media/E6HE_r3WYAok9Ra.png'],0,0,0,[],[],https://twitter.com/JasperCountyIA/status/1414628367823945729,False,,1,https://pbs.twimg.com/media/E6HE_r3WYAok9Ra.png,,,,,,,[],,,,
1412759384535535618,1412759384535535618,2021-07-07 09:04:19 Eastern Daylight Time,2021-07-07,09:04:19,-0500,814923450708094976,jaspercountyia,Jasper Co Health Dpt,,"Just a reminder that, even during the pandemic, your pediatrician can safely help protect your children from vaccine-preventable diseases with routinely recommended vaccinations. #VaccinesWork #CDC  Link:  https://t.co/wCOocf4YaS",en,[],['https://www.cdc.gov/vaccines/parents/visit/vaccination-during-COVID-19.html'],[],0,0,0,"['vaccineswork', 'cdc']",[],https://twitter.com/JasperCountyIA/status/1412759384535535618,False,,0,,,,,,,,[],,,,
1412427759306018825,1412427759306018825,2021-07-06 11:06:34 Eastern Daylight Time,2021-07-06,11:06:34,-0500,814923450708094976,jaspercountyia,Jasper Co Health Dpt,, https://t.co/jDWK97qkHR,und,[],[],['https://pbs.twimg.com/media/E5nzjTLXEAQWI36.png'],0,0,1,[],[],https://twitter.com/JasperCountyIA/status/1412427759306018825,False,,1,https://pbs.twimg.com/media/E5nzjTLXEAQWI36.png,,,,,,,[],,,,
1405887778920017926,1405887778920017926,2021-06-18 09:59:01 Eastern Daylight Time,2021-06-18,09:59:01,-0500,814923450708094976,jaspercountyia,Jasper Co Health Dpt,, https://t.co/FQ6ArJUYZe,und,[],[],['https://pbs.twimg.com/media/E4K3efqX0AAymoh.png'],0,0,0,[],[],https://twitter.com/JasperCountyIA/status/1405887778920017926,False,,1,https://pbs.twimg.com/media/E4K3efqX0AAymoh.png,,,,,,,[],,,,
1389189747197714433,1389189747197714433,2021-05-03 08:07:00 Eastern Daylight Time,2021-05-03,08:07:00,-0500,814923450708094976,jaspercountyia,Jasper Co Health Dpt,,Join Melissa and get your COVID vaccine today.  Check out our website for more information.   https://t.co/VQwnep1Ak5 #vaccinatedfor #covidvaccine #jaspercounty #iowa #melissagary @sullyiowa  https://t.co/GUt17vxrpk,en,[],['https://bit.ly/3gOvvfH'],['https://pbs.twimg.com/media/E0FfSACWYAYe6p1.jpg'],0,0,1,"['vaccinatedfor', 'covidvaccine', 'jaspercounty', 'iowa', 'melissagary']",[],https://twitter.com/JasperCountyIA/status/1389189747197714433,False,,1,https://pbs.twimg.com/media/E0FfSACWYAYe6p1.jpg,,,,,,,[],,,,
1389006795239133185,1389006795239133185,2021-05-02 20:00:01 Eastern Daylight Time,2021-05-02,20:00:01,-0500,814923450708094976,jaspercountyia,Jasper Co Health Dpt,,Join Becky and get your COVID vaccine today.  Check out our website for more information.   https://t.co/VQwnep1Ak5  #vaccinatedfor #covidvaccine #jaspercounty #iowa #beckypryor   #nurseknow     @becky_pryor  https://t.co/5aMCBL3jux,en,"[{'screen_name': 'becky_pryor', 'name': 'becky', 'id': '788238619'}]",['https://bit.ly/3gOvvfH'],['https://pbs.twimg.com/media/E0FfzWMX0AIdATj.jpg'],0,0,0,"['vaccinatedfor', 'covidvaccine', 'jaspercounty', 'iowa', 'beckypryor', 'nurseknow']",[],https://twitter.com/JasperCountyIA/status/1389006795239133185,False,,1,https://pbs.twimg.com/media/E0FfzWMX0AIdATj.jpg,,,,,,,[],,,,
1388825345885835267,1388825345885835267,2021-05-02 07:59:00 Eastern Daylight Time,2021-05-02,07:59:00,-0500,814923450708094976,jaspercountyia,Jasper Co Health Dpt,,Join Josh and get your COVID vaccine today.  Check out our website for more information.   https://t.co/VQwnep1Ak5  #vaccinatedfor #covidvaccine #jaspercounty #iowa #emergencymanagement #joshharding  https://t.co/VjoGB6l56f,en,[],['https://bit.ly/3gOvvfH'],['https://pbs.twimg.com/media/E0FZRaRWUAMnSac.jpg'],0,0,1,"['vaccinatedfor', 'covidvaccine', 'jaspercounty', 'iowa', 'emergencymanagement', 'joshharding']",[],https://twitter.com/JasperCountyIA/status/1388825345885835267,False,,1,https://pbs.twimg.com/media/E0FZRaRWUAMnSac.jpg,,,,,,,[],,,,
1388644406882832385,1388644406882832385,2021-05-01 20:00:01 Eastern Daylight Time,2021-05-01,20:00:01,-0500,814923450708094976,jaspercountyia,Jasper Co Health Dpt,,Join Kristina and get your COVID vaccine today.  Check out our website for more information.   https://t.co/VQwnep1Ak5  #vaccinatedfor #covidvaccine #jaspercounty #iowa #baxteriowa #kristinawinfield #nursesknow  https://t.co/bGd4rg05wn,en,[],['https://bit.ly/3gOvvfH'],['https://pbs.twimg.com/media/E0Ff6R1WQAMkust.jpg'],0,0,1,"['vaccinatedfor', 'covidvaccine', 'jaspercounty', 'iowa', 'baxteriowa', 'kristinawinfield', 'nursesknow']",[],https://twitter.com/JasperCountyIA/status/1388644406882832385,False,,1,https://pbs.twimg.com/media/E0Ff6R1WQAMkust.jpg,,,,,,,[],,,,
1388538708652183553,1388538708652183553,2021-05-01 13:00:00 Eastern Daylight Time,2021-05-01,13:00:00,-0500,814923450708094976,jaspercountyia,Jasper Co Health Dpt,,Newton Clinic welcomes walk-ins from 9-11 AM on Saturdays.  Call 641-792-2112 for more information. #covidvaccine #newtoniowa #newtonclinic #iowa  https://t.co/iqKZcuwcG5,en,[],[],['https://pbs.twimg.com/media/E0FGux7XMAQwFOS.png'],0,0,0,"['covidvaccine', 'newtoniowa', 'newtonclinic', 'iowa']",[],https://twitter.com/JasperCountyIA/status/1388538708652183553,False,,1,https://pbs.twimg.com/media/E0FGux7XMAQwFOS.png,,,,,,,[],,,,
1388458176501088258,1388458176501088258,2021-05-01 07:40:00 Eastern Daylight Time,2021-05-01,07:40:00,-0500,814923450708094976,jaspercountyia,Jasper Co Health Dpt,,Join Erik and get your COVID vaccine today.  Check out our website for more information.   https://t.co/VQwnep1Ak5 #vaccinatedfor #covidvaccine #jaspercounty #iowa #colfaxmingo #erikanderson #colfaxiowa #mingoiowa  https://t.co/zIQzXJQ5AB,en,[],['https://bit.ly/3gOvvfH'],['https://pbs.twimg.com/media/E0FdFPxWQAI2QIA.jpg'],0,0,0,"['vaccinatedfor', 'covidvaccine', 'jaspercounty', 'iowa', 'colfaxmingo', 'erikanderson', 'colfaxiowa', 'mingoiowa']",[],https://twitter.com/JasperCountyIA/status/1388458176501088258,False,,1,https://pbs.twimg.com/media/E0FdFPxWQAI2QIA.jpg,,,,,,,[],,,,
1388096040339787778,1388096040339787778,2021-04-30 07:41:00 Eastern Daylight Time,2021-04-30,07:41:00,-0500,814923450708094976,jaspercountyia,Jasper Co Health Dpt,,Join Rita and get your COVID vaccine today.  Check out our website for more information.   https://t.co/VQwnep1Ak5  #vaccinatedfor #covidvaccine #newtoniowa #jaspercounty #iowa #pregnancycenterofcentraliowa #ritabaker  https://t.co/0Ir0l58iaQ,en,[],['https://bit.ly/3gOvvfH'],['https://pbs.twimg.com/media/E0EnISIWEAEfHTC.jpg'],0,0,1,"['vaccinatedfor', 'covidvaccine', 'newtoniowa', 'jaspercounty', 'iowa', 'pregnancycenterofcentraliowa', 'ritabaker']",[],https://twitter.com/JasperCountyIA/status/1388096040339787778,False,,1,https://pbs.twimg.com/media/E0EnISIWEAEfHTC.jpg,,,,,,,[],,,,
1387857971489742851,1387857971489742851,2021-04-29 15:55:00 Eastern Daylight Time,2021-04-29,15:55:00,-0500,814923450708094976,jaspercountyia,Jasper Co Health Dpt,,Join Julie and keep your community safer your COVID vaccine today.  Walk-ins welcome at Newton Clinic.  Check out our website for more information.   https://t.co/VQwnepjbIF #capstone #newtoniowa #vaccinatedfor #covidvaccine #publichealth #iowa  https://t.co/YUp2nHosgm,en,[],['https://bit.ly/3gOvvfH'],['https://pbs.twimg.com/media/E0AV-GHWEAUe3qR.jpg'],0,0,1,"['capstone', 'newtoniowa', 'vaccinatedfor', 'covidvaccine', 'publichealth', 'iowa']",[],https://twitter.com/JasperCountyIA/status/1387857971489742851,False,,1,https://pbs.twimg.com/media/E0AV-GHWEAUe3qR.jpg,,,,,,,[],,,,
1387733401180934146,1387733401180934146,2021-04-29 07:40:00 Eastern Daylight Time,2021-04-29,07:40:00,-0500,814923450708094976,jaspercountyia,Jasper Co Health Dpt,,Be like Mike and get your COVID vaccine today.  Check out our website for more information.   https://t.co/VQwnep1Ak5  #vaccinatedfor #covidvaccine #sullyiowa #jaspercounty #iowa  https://t.co/iMApuBDjJJ,en,[],['https://bit.ly/3gOvvfH'],['https://pbs.twimg.com/media/E0Elsl3WQAQH2PM.jpg'],0,0,1,"['vaccinatedfor', 'covidvaccine', 'sullyiowa', 'jaspercounty', 'iowa']",[],https://twitter.com/JasperCountyIA/status/1387733401180934146,False,,1,https://pbs.twimg.com/media/E0Elsl3WQAQH2PM.jpg,,,,,,,[],,,,
