id,conversation_id,created_at,date,time,timezone,user_id,username,name,place,tweet,language,mentions,urls,photos,replies_count,retweets_count,likes_count,hashtags,cashtags,link,retweet,quote_url,video,thumbnail,near,geo,source,user_rt_id,user_rt,retweet_id,reply_to,retweet_date,translate,trans_src,trans_dest
1465416039857106951,1465416039857106951,2021-11-29 15:23:04 Eastern Standard Time,2021-11-29,15:23:04,-0500,334032791,jeffcohealthmo,JeffCoHealth,,"JCHD Board of Trustees will meet tomorrow, November 30, at 3pm in the Hillsboro office. Click the link for the tentative agenda. 📋   https://t.co/eXI3Nx1v1i  #jeffcomo  https://t.co/AKsqvAYmya",en,[],['http://ow.ly/SNTQ50GYP3b'],['https://pbs.twimg.com/media/FFY0H2GXwAkptTu.jpg'],0,0,0,['jeffcomo'],[],https://twitter.com/JeffCoHealthMO/status/1465416039857106951,False,,1,https://pbs.twimg.com/media/FFY0H2GXwAkptTu.jpg,,,,,,,[],,,,
1465372182645727236,1465372182645727236,2021-11-29 12:28:48 Eastern Standard Time,2021-11-29,12:28:48,-0500,334032791,jeffcohealthmo,JeffCoHealth,"{'type': 'Point', 'coordinates': [40.7207559, -74.0007613]}",Diabetes Awareness   https://t.co/17wvLeHL2e,en,[],['https://www.jeffcohealth.org/blog/2021/11/29/diabetes-awareness'],[],0,0,0,[],[],https://twitter.com/JeffCoHealthMO/status/1465372182645727236,False,,0,,,,,,,,[],,,,
1463605303061192717,1463605303061192717,2021-11-24 15:27:51 Eastern Standard Time,2021-11-24,15:27:51,-0500,334032791,jeffcohealthmo,JeffCoHealth,,Week 46 Respiratory Update: COVID County Status- RED This week is the first time we are utilizing our combined respiratory disease surveillance report. This report includes data on both influenza and COVID for Week 46.   Click the link for the full update:  https://t.co/9FxAdvQmmo  https://t.co/ClVuKYNlYB,en,[],['http://ow.ly/Fhrk50GVXQS'],"['https://pbs.twimg.com/media/FE_FRGOXsAwx6yT.jpg', 'https://pbs.twimg.com/media/FE_FRFXXMAgL-Eg.jpg', 'https://pbs.twimg.com/media/FE_FRFOXEAE-7QL.jpg', 'https://pbs.twimg.com/media/FE_FRF2X0AwjSbH.jpg']",0,1,0,[],[],https://twitter.com/JeffCoHealthMO/status/1463605303061192717,False,,1,https://pbs.twimg.com/media/FE_FRGOXsAwx6yT.jpg,,,,,,,[],,,,
1462813643549122562,1462813643549122562,2021-11-22 11:02:05 Eastern Standard Time,2021-11-22,11:02:05,-0500,334032791,jeffcohealthmo,JeffCoHealth,,Today is Public Health Thank You Day! We would like to thank all our public health partners and our 🎉AMAZING🎉 staff at JCHD for all you do under even the most trying of circumstances to protect and improve the health of all communities.   #jeffcomo #PHTYD #publichealth  https://t.co/RTYcOwecKr,en,[],[],['https://pbs.twimg.com/media/FEz1Qe4XEAIBVBK.jpg'],0,1,2,"['jeffcomo', 'phtyd', 'publichealth']",[],https://twitter.com/JeffCoHealthMO/status/1462813643549122562,False,,1,https://pbs.twimg.com/media/FEz1Qe4XEAIBVBK.jpg,,,,,,,[],,,,
