id,conversation_id,created_at,date,time,timezone,user_id,username,name,place,tweet,language,mentions,urls,photos,replies_count,retweets_count,likes_count,hashtags,cashtags,link,retweet,quote_url,video,thumbnail,near,geo,source,user_rt_id,user_rt,retweet_id,reply_to,retweet_date,translate,trans_src,trans_dest
1464655258764955648,1464655258764955648,2021-11-27 13:00:00 Eastern Standard Time,2021-11-27,13:00:00,-0500,33657166,jeffcoph,Jefferson County Public Health,,Talk with your family’s healthcare provider about the HPV vaccine for your kids. It protects boys and girls against cancers caused by HPV infection. #HPVFreeCO  https://t.co/CacfNGcmmB  https://t.co/LsXv1JriH9,en,[],['http://www.hpvfreeco.org'],['https://pbs.twimg.com/media/E9RHTnCXIAQmAGB.png'],0,0,1,['hpvfreeco'],[],https://twitter.com/JeffcoPH/status/1464655258764955648,False,,1,https://pbs.twimg.com/media/E9RHTnCXIAQmAGB.png,,,,,,,[],,,,
1463915395300007938,1463915395300007938,2021-11-25 12:00:03 Eastern Standard Time,2021-11-25,12:00:03,-0500,33657166,jeffcoph,Jefferson County Public Health,,"Happy Thanksgiving, from all of us at WIC! What are you grateful for this year? What are your wishes for the coming holidays? Share your thoughts with us! #JeffcoWIC  https://t.co/HnJ8oEQrZy  https://t.co/s1Bx2FUtpY",en,[],['http://bit.ly/JeffcoWIC'],['https://pbs.twimg.com/media/FEhwZRHXMAIWQ--.jpg'],20,0,2,['jeffcowic'],[],https://twitter.com/JeffcoPH/status/1463915395300007938,False,,1,https://pbs.twimg.com/media/FEhwZRHXMAIWQ--.jpg,,,,,,,[],,,,
1463568104949260295,1463568104949260295,2021-11-24 13:00:02 Eastern Standard Time,2021-11-24,13:00:02,-0500,33657166,jeffcoph,Jefferson County Public Health,,"Thanksgiving Day is for family and friends. But Thanksgiving weekend is all about you and those amazing leftovers! Before you dig in, keep these tips handy so that leftovers can stay safely stored in the fridge or freezer.  https://t.co/hYrrTbf74f  https://t.co/tIeLBKbR2s",en,[],['https://bit.ly/3FvVGko'],['https://pbs.twimg.com/media/FEhvweBWQAEqfih.png'],5,0,0,[],[],https://twitter.com/JeffcoPH/status/1463568104949260295,False,,1,https://pbs.twimg.com/media/FEhvweBWQAEqfih.png,,,,,,,[],,,,
1463273671414333449,1463273671414333449,2021-11-23 17:30:04 Eastern Standard Time,2021-11-23,17:30:04,-0500,33657166,jeffcoph,Jefferson County Public Health,,"The Jefferson County Board of Health issued Public Health Order 21-006, which requires all individuals ages 3 and older to wear a mask or cloth face covering when in indoor public spaces in Jefferson County, regardless of vaccination status. Read more:  https://t.co/bBUPeGPNeB",en,[],['https://www.jeffco.us/CivicAlerts.aspx?AID=1742'],[],72,7,39,[],[],https://twitter.com/JeffcoPH/status/1463273671414333449,False,,0,,,,,,,,[],,,,
1463220813021073408,1463220813021073408,2021-11-23 14:00:01 Eastern Standard Time,2021-11-23,14:00:01,-0500,33657166,jeffcoph,Jefferson County Public Health,,"Cases of COVID-19 among children have increased, especially w/ transmission of the highly infectious Delta variant. In CO, there have been 39,200+ cases &amp; 200+ hospitalizations among 5-11 yr olds. Getting vaccinated is the best way to protect your child:  https://t.co/XxMvHSWvUi  https://t.co/ubPQvJBkD0",en,[],['http://www.COVIDFreeKids.org'],['https://pbs.twimg.com/media/FEhusRvXEAkF6oq.png'],24,5,8,[],[],https://twitter.com/JeffcoPH/status/1463220813021073408,False,,1,https://pbs.twimg.com/media/FEhusRvXEAkF6oq.png,,,,,,,[],,,,
1462873518635241474,1462873518635241474,2021-11-22 15:00:00 Eastern Standard Time,2021-11-22,15:00:00,-0500,33657166,jeffcoph,Jefferson County Public Health,,"It’s time to get your flu shot! Flu vaccines are safe for everyone 6 months and older. If you’re pregnant, the vaccine can protect you and your baby from the flu. Ask your local WIC staff where your family can get vaccinated. #sleeveup #JeffcoWIC  https://t.co/HnJ8oEQrZy  https://t.co/7WwKyoLalp",en,[],['http://bit.ly/JeffcoWIC'],['https://pbs.twimg.com/media/FEhsyp6XsAQSJIH.jpg'],14,1,4,"['sleeveup', 'jeffcowic']",[],https://twitter.com/JeffcoPH/status/1462873518635241474,False,,1,https://pbs.twimg.com/media/FEhsyp6XsAQSJIH.jpg,,,,,,,[],,,,
1462847102535577603,1462847102535577603,2021-11-22 13:15:02 Eastern Standard Time,2021-11-22,13:15:02,-0500,33657166,jeffcoph,Jefferson County Public Health,,"This holiday season, make sure the COVID-19 virus isn’t invited to the party. Learn more about COVID-19, including how you can stay safe and protect those around you, see full release on holiday safety  https://t.co/IroouHedrW  Happy holidays from all of us at JCPH!  https://t.co/xTjBKL4vtY",en,[],['http://www.jeffco.us/CivicAlerts.aspx?AID=1740'],['https://pbs.twimg.com/media/FE0Tq1rXIAUU-S1.png'],15,3,6,[],[],https://twitter.com/JeffcoPH/status/1462847102535577603,False,,1,https://pbs.twimg.com/media/FE0Tq1rXIAUU-S1.png,,,,,,,[],,,,
1462843323916374021,1462843323916374021,2021-11-22 13:00:01 Eastern Standard Time,2021-11-22,13:00:01,-0500,33657166,jeffcoph,Jefferson County Public Health,,JCPH offices will be closed this Thursday (11/25) and Friday (11/26) due to the holiday. Stay up to date on the latest public health news in Jeffco at  https://t.co/ymmmQZ87Pa.  https://t.co/w46aqxeHKf,en,[],['http://www.jeffco.us/public-health'],['https://pbs.twimg.com/media/FEhsDaDWYAQbeiR.png'],3,0,1,[],[],https://twitter.com/JeffcoPH/status/1462843323916374021,False,,1,https://pbs.twimg.com/media/FEhsDaDWYAQbeiR.png,,,,,,,[],,,,
1462496035259879428,1462496035259879428,2021-11-21 14:00:01 Eastern Standard Time,2021-11-21,14:00:01,-0500,33657166,jeffcoph,Jefferson County Public Health,,"El sexo puede ser complicado, pero cuidar su salud sexual no tiene que ser. Obtenga información sobre las ETS y cómo hacerse la prueba.  https://t.co/OJCo4gnxxP  https://t.co/VFy1oiph9I",es,[],['http://infosexojeffco.org'],['https://pbs.twimg.com/media/FEhq3VeX0AEp6_N.png'],1,0,0,[],[],https://twitter.com/JeffcoPH/status/1462496035259879428,False,,1,https://pbs.twimg.com/media/FEhq3VeX0AEp6_N.png,,,,,,,[],,,,
1462496031954903042,1462496031954903042,2021-11-21 14:00:00 Eastern Standard Time,2021-11-21,14:00:00,-0500,33657166,jeffcoph,Jefferson County Public Health,,"Sex can get complicated, but taking care of your sexual health doesn’t have to be. Get the facts about STIs and how to get tested.  https://t.co/aYeFaKxA5W  https://t.co/c0j5N5HPhd",en,[],['http://Sexfactsjeffco.org'],['https://pbs.twimg.com/media/FEhp4sJXoAAnbzH.png'],0,0,0,[],[],https://twitter.com/JeffcoPH/status/1462496031954903042,False,,1,https://pbs.twimg.com/media/FEhp4sJXoAAnbzH.png,,,,,,,[],,,,
1461786371518046225,1461786371518046225,2021-11-19 15:00:04 Eastern Standard Time,2021-11-19,15:00:04,-0500,33657166,jeffcoph,Jefferson County Public Health,,"Great news: Children 5-11 years old are now able to get the Pfizer-BioNTech COVID-19 vaccine! Getting the vaccine for your child will help protect them from getting the virus, getting seriously ill and spreading it to others. Find more info at  https://t.co/XxMvHSEV2K.  https://t.co/Pc5Jwyz1Kg",en,[],['http://www.COVIDFreeKids.org'],['https://pbs.twimg.com/media/FEhoBAMXEAAReEs.png'],11,1,4,[],[],https://twitter.com/JeffcoPH/status/1461786371518046225,False,,1,https://pbs.twimg.com/media/FEhoBAMXEAAReEs.png,,,,,,,[],,,,
1461786367378268167,1461786367378268167,2021-11-19 15:00:03 Eastern Standard Time,2021-11-19,15:00:03,-0500,33657166,jeffcoph,Jefferson County Public Health,,"Una buena noticia: ¡Los niños de 5 a 11 años ya pueden recibir la vacuna contra el COVID-19 de Pfizer-BioNTech! Conseguir la vacuna para su hijo le ayudará a protegerse de contraer el virus, enfermar gravemente y contagiar a otros. Encuentre más info en:  https://t.co/GU9blj3wAS  https://t.co/IwbR9jawIH",es,[],['https://espanol-covidfreekids.org'],['https://pbs.twimg.com/media/FEhoxb4X0AgsoRw.png'],3,1,0,[],[],https://twitter.com/JeffcoPH/status/1461786367378268167,False,,1,https://pbs.twimg.com/media/FEhoxb4X0AgsoRw.png,,,,,,,[],,,,
1461756156842496016,1461756156842496016,2021-11-19 13:00:00 Eastern Standard Time,2021-11-19,13:00:00,-0500,33657166,jeffcoph,Jefferson County Public Health,,"Thanksgiving is 1 week away – the pressure is on! Cooking this meal does not have to be intimidating. With a few food safety reminders, you can ensure you'll be able to enjoy your Thanksgiving meal while remaining healthy. Tips on how to safely meal prep:  https://t.co/PFMn8WirrK  https://t.co/tsF89sMlw0",en,[],['https://bit.ly/3E9fkBO'],['https://pbs.twimg.com/media/FEhmzRvXEAQbpX4.png'],1,0,0,[],[],https://twitter.com/JeffcoPH/status/1461756156842496016,False,,1,https://pbs.twimg.com/media/FEhmzRvXEAQbpX4.png,,,,,,,[],,,,
1461111169733726210,1461111169733726210,2021-11-17 18:17:03 Eastern Standard Time,2021-11-17,18:17:03,-0500,33657166,jeffcoph,Jefferson County Public Health,,Pediatricians agree — the COVID-19 vaccine helps kids be kids! Watch this video with health care providers across the Denver Metro sharing why it’s important for kids ages 5+ to get vaccinated:  https://t.co/SRxBYTKHuM,en,[],['https://youtu.be/zMFLOmO3H5w'],[],13,0,4,[],[],https://twitter.com/JeffcoPH/status/1461111169733726210,False,,0,,,,,,,,[],,,,
1460748535779844106,1460748535779844106,2021-11-16 18:16:04 Eastern Standard Time,2021-11-16,18:16:04,-0500,33657166,jeffcoph,Jefferson County Public Health,,"Jeffco COVID-19 data update:  - 1,758 new cases (11/08 - 11/14)  - 102 residents currently hospitalized  - 75.6% eligible Jeffco residents vaccinated with at least one dose Find more of the latest Jeffco COVID-19 data at:  https://t.co/16G6BiFVwb  https://t.co/U8BRJ9PL07",en,[],['http://www.jeffco.us/4007/Case-Summary'],['https://pbs.twimg.com/media/FEWfBWdUcAQ7jva.jpg'],11,0,2,[],[],https://twitter.com/JeffcoPH/status/1460748535779844106,False,,1,https://pbs.twimg.com/media/FEWfBWdUcAQ7jva.jpg,,,,,,,[],,,,
1460330323300913152,1460330323300913152,2021-11-15 14:34:15 Eastern Standard Time,2021-11-15,14:34:15,-0500,33657166,jeffcoph,Jefferson County Public Health,,"Don't forget to tune in tonight to a town hall hosted by @DenverChannel, the Metro Area public health departments and @ImmunizeCO. Local pediatricians, family practitioners &amp; public health experts will be answering questions submitted by the public. Tune in at 6:30 tonight!  https://t.co/Qiot6pmNJ9",en,"[{'screen_name': 'denverchannel', 'name': 'denver7 news', 'id': '8731312'}, {'screen_name': 'immunizeco', 'name': 'immunize colorado', 'id': '20519318'}]",[],['https://pbs.twimg.com/media/FEQiWPmVkAE4-Q5.jpg'],3,5,2,[],[],https://twitter.com/JeffcoPH/status/1460330323300913152,False,,1,https://pbs.twimg.com/media/FEQiWPmVkAE4-Q5.jpg,,,,,,,[],,,,
1460322446372868096,1460322446372868096,2021-11-15 14:02:57 Eastern Standard Time,2021-11-15,14:02:57,-0500,33657166,jeffcoph,Jefferson County Public Health,,"Yesterday, @CDPHE published an amended public health order (20-38) that requires that everyone be vaccinated at indoor, unseated events with more than 500 people in counties in the Denver Metro (including Jefferson County).  https://t.co/129TG2e8MB",en,"[{'screen_name': 'cdphe', 'name': 'colorado department of public health & environment', 'id': '331244103'}]",['https://covid19.colorado.gov/press-release/vaccines-at-public-indoor-events-with-500-or-more-people-to-be-required-in-denver'],[],6,3,8,[],[],https://twitter.com/JeffcoPH/status/1460322446372868096,False,,0,,,,,,,,[],,,,
1459278137833844739,1459278137833844739,2021-11-12 16:53:14 Eastern Standard Time,2021-11-12,16:53:14,-0500,33657166,jeffcoph,Jefferson County Public Health,,"Submit your questions about COVID-19 vaccines for kids 5-11 for a town hall hosted by @DenverChannel and local public health and partners! Get questions answered by pediatricians, family practitioners and public health experts. Submit to 360@TheDenverChannel.com or 303-832-0676.  https://t.co/4bOHc8iwzv",en,"[{'screen_name': 'denverchannel', 'name': 'denver7 news', 'id': '8731312'}]",[],['https://pbs.twimg.com/media/FEBlRKyVQAca3Oc.jpg'],5,7,8,[],[],https://twitter.com/JeffcoPH/status/1459278137833844739,False,,1,https://pbs.twimg.com/media/FEBlRKyVQAca3Oc.jpg,,,,,,,[],,,,
1458591437528780803,1458591437528780803,2021-11-10 19:24:32 Eastern Standard Time,2021-11-10,19:24:32,-0500,33657166,jeffcoph,Jefferson County Public Health,,"In honor of #VeteransDay, all JCPH offices are closed on Nov. 11. We are so thankful to all our community's and country's veterans for their service and sacrifice. See below from our partners at @JeffcoHumanSvcs for a podcast detailing services available to all who have served.",en,"[{'screen_name': 'jeffcohumansvcs', 'name': 'jeffco human services', 'id': '844228028427264001'}]",[],[],1,0,1,['veteransday'],[],https://twitter.com/JeffcoPH/status/1458591437528780803,False,https://twitter.com/JeffcoHumanSvcs/status/1458480448070356999,0,,,,,,,,[],,,,
1458574150117703680,1458574150117703680,2021-11-10 18:15:51 Eastern Standard Time,2021-11-10,18:15:51,-0500,33657166,jeffcoph,Jefferson County Public Health,,"Due to high winds, the COVID-19 testing site at the Jefferson County Fairgrounds will be closed the remainder of the day. We apologize for any inconvenience. To learn more about COVID-19 testing options, please visit  https://t.co/ca5n0hItkJ.",en,[],['http://www.jeffco.us/testing'],[],1,1,0,[],[],https://twitter.com/JeffcoPH/status/1458574150117703680,False,,0,,,,,,,,[],,,,
