id,conversation_id,created_at,date,time,timezone,user_id,username,name,place,tweet,language,mentions,urls,photos,replies_count,retweets_count,likes_count,hashtags,cashtags,link,retweet,quote_url,video,thumbnail,near,geo,source,user_rt_id,user_rt,retweet_id,reply_to,retweet_date,translate,trans_src,trans_dest
1425938583614066694,1425938583614066694,2021-08-12 17:53:45 Eastern Daylight Time,2021-08-12,17:53:45,-0500,1227829011180609536,jeffcohealthwi,Jefferson County Health Department WI,,Cautionary Statement on Excess Smoke and Increased Particulate Matter Levels Caused by Fort Atkinson Fire:  https://t.co/JTs6v2hoew,en,[],[],['https://pbs.twimg.com/media/E8nzlDLXEAY-f5F.jpg'],0,0,0,[],[],https://twitter.com/JeffCoHealthWI/status/1425938583614066694,False,,1,https://pbs.twimg.com/media/E8nzlDLXEAY-f5F.jpg,,,,,,,[],,,,
1421116940689543178,1421116940689543178,2021-07-30 10:34:16 Eastern Daylight Time,2021-07-30,10:34:16,-0500,1227829011180609536,jeffcohealthwi,Jefferson County Health Department WI,,"Where’s your favorite camping spot in Wisconsin? Before you head out, treat your clothes, tent, and hammock with permethrin to keep ticks and mosquitoes at bay! Learn more tips at:  https://t.co/aRTUYHGEHZ  https://t.co/vNXQe5cVzg",en,[],['https://b.link/fightthebite'],['https://pbs.twimg.com/media/E7jST0cWQAASf1a.jpg'],0,0,1,[],[],https://twitter.com/JeffCoHealthWI/status/1421116940689543178,False,,1,https://pbs.twimg.com/media/E7jST0cWQAASf1a.jpg,,,,,,,[],,,,
1420419992722550789,1420419992722550789,2021-07-28 12:24:51 Eastern Daylight Time,2021-07-28,12:24:51,-0500,1227829011180609536,jeffcohealthwi,Jefferson County Health Department WI,,"You’ve bought your books and decorations for your dorm, but did you remember to get your COVID-19 vaccine? Here’s three things you should know about the vaccine before you arrive on campus! To learn more or find a COVID-19 vaccine near you, visit  https://t.co/14RZKXrSnI  https://t.co/zWJdTsNn7M",en,[],['https://www.dhs.wisconsin.gov/covid-19/vaccine-get.htm'],['https://pbs.twimg.com/media/E7ZYczqWUAMLEU_.jpg'],0,0,0,[],[],https://twitter.com/JeffCoHealthWI/status/1420419992722550789,False,,1,https://pbs.twimg.com/media/E7ZYczqWUAMLEU_.jpg,,,,,,,[],,,,
1419671488395976707,1419671488395976707,2021-07-26 10:50:33 Eastern Daylight Time,2021-07-26,10:50:33,-0500,1227829011180609536,jeffcohealthwi,Jefferson County Health Department WI,,"Remember, all of the available COVID-19 vaccines require an additional two weeks after the final dose to build full immunity. Go to  https://t.co/14RZKXrSnI to learn about getting your child a COVID-19 vaccine before the new school year.  https://t.co/nw2Ggt2Glw",en,[],['https://www.dhs.wisconsin.gov/covid-19/vaccine-get.htm'],['https://pbs.twimg.com/media/E7Ovr-4XsAgbxPX.png'],0,0,0,[],[],https://twitter.com/JeffCoHealthWI/status/1419671488395976707,False,,1,https://pbs.twimg.com/media/E7Ovr-4XsAgbxPX.png,,,,,,,[],,,,
1415717134806753283,1415717134806753283,2021-07-15 12:57:22 Eastern Daylight Time,2021-07-15,12:57:22,-0500,1227829011180609536,jeffcohealthwi,Jefferson County Health Department WI,,"Where’s your favorite camping spot in Wisconsin? Before you head out, treat your clothes, tent, and hammock with permethrin to keep ticks and mosquitoes at bay! Learn more tips at:  https://t.co/aRTUYHGEHZ #fightthebite  https://t.co/Hpxla08nSr",en,[],['https://b.link/fightthebite'],['https://pbs.twimg.com/media/E6WjMCjXEAsVvwv.jpg'],0,0,0,['fightthebite'],[],https://twitter.com/JeffCoHealthWI/status/1415717134806753283,False,,1,https://pbs.twimg.com/media/E6WjMCjXEAsVvwv.jpg,,,,,,,[],,,,
1415344694192709637,1415344694192709637,2021-07-14 12:17:25 Eastern Daylight Time,2021-07-14,12:17:25,-0500,1227829011180609536,jeffcohealthwi,Jefferson County Health Department WI,,"It’s Tracking Awareness Week! Take a look at some of the unique data that Wisconsin Tracking collects to better inform the decision-making process in Jefferson Co, including community characteristics such as internet and vehicle access.  https://t.co/z3JnNJvcAQ  #PoweredByTracking  https://t.co/RDnr91TQAh",en,[],['https://b.link/community_characteristics'],['https://pbs.twimg.com/media/E6RQfWRWEAEFziC.jpg'],0,0,1,['poweredbytracking'],[],https://twitter.com/JeffCoHealthWI/status/1415344694192709637,False,,1,https://pbs.twimg.com/media/E6RQfWRWEAEFziC.jpg,,,,,,,[],,,,
1414962758005755910,1414962758005755910,2021-07-13 10:59:44 Eastern Daylight Time,2021-07-13,10:59:44,-0500,1227829011180609536,jeffcohealthwi,Jefferson County Health Department WI,,"It’s Tracking Awareness Week! In 2019 there were over 3,500 cases of Lyme disease in Wisconsin. Lyme disease is just one of the unique data topics that Wisconsin Tracking has on their portal so Jefferson County residents can stay informed and stay safe.  https://t.co/W49jMx2Zt5  https://t.co/HoDRH4BUOy",en,[],['https://b.link/lyme_disease'],['https://pbs.twimg.com/media/E6L1H1HWUAAkBBB.png'],0,0,1,[],[],https://twitter.com/JeffCoHealthWI/status/1414962758005755910,False,,1,https://pbs.twimg.com/media/E6L1H1HWUAAkBBB.png,,,,,,,[],,,,
1414626805810700294,1414626805810700294,2021-07-12 12:44:47 Eastern Daylight Time,2021-07-12,12:44:47,-0500,1227829011180609536,jeffcohealthwi,Jefferson County Health Department WI,,"It’s Tracking Awareness Week! Have you seen the new, unique data Wisconsin Tracking has to offer? Check out the community design data to see information on access to parks and schools, commute time, and types of transportation to work in Jefferson County.  https://t.co/fdI16pq45A  https://t.co/MRvCjYiPWy",en,[],['https://b.link/community_design'],['https://pbs.twimg.com/media/E6HDkaLWQAEMvmT.jpg'],0,0,0,[],[],https://twitter.com/JeffCoHealthWI/status/1414626805810700294,False,,1,https://pbs.twimg.com/media/E6HDkaLWQAEMvmT.jpg,,,,,,,[],,,,
1243218619846266882,1243218619846266882,2020-03-26 12:49:51 Eastern Daylight Time,2020-03-26,12:49:51,-0500,1227829011180609536,jeffcohealthwi,Jefferson County Health Department WI,,"For general information on COVID-19, we recommend visiting:  https://t.co/SEjlXPAM9b OR  https://t.co/BlthP6Ricj  For updated case counts by county:  https://t.co/3ZGUxSYY9M  Stay safe and stay home!",en,[],"['https://www.dhs.wisconsin.gov/covid-19/index.htm', 'https://www.cdc.gov/coronavirus/2019-ncov/index.html', 'https://www.dhs.wisconsin.gov/outbreaks/index.htm']",[],2,0,1,[],[],https://twitter.com/JeffCoHealthWI/status/1243218619846266882,False,,0,,,,,,,,[],,,,
1242814522496364545,1242814522496364545,2020-03-25 10:04:07 Eastern Daylight Time,2020-03-25,10:04:07,-0500,1227829011180609536,jeffcohealthwi,Jefferson County Health Department WI,,Here are some answers to the most frequently asked questions to Governor Evers' Safer at Home orders.  #COVID19 #coronavirus    https://t.co/VAA7gAHBwk,en,[],['https://evers.wi.gov/Documents/COVID19/Safer%20at%20Home%20FAQ%203.24.20.pdf'],[],0,0,0,"['covid19', 'coronavirus']",[],https://twitter.com/JeffCoHealthWI/status/1242814522496364545,False,,0,,,,,,,,[],,,,
1242488984745447425,1242488984745447425,2020-03-24 12:30:32 Eastern Daylight Time,2020-03-24,12:30:32,-0500,1227829011180609536,jeffcohealthwi,Jefferson County Health Department WI,,"Your public health nurses are working hard to keep our community safe during these difficult times. Please do your part and practice social distancing - stay home as much as possible, keep 6 feet away from others when in public, and wash your hands for 20 seconds frequently!  https://t.co/LP6VKjQbbJ",en,[],[],['https://pbs.twimg.com/media/ET41IulXgAMVn8Y.jpg'],0,0,0,[],[],https://twitter.com/JeffCoHealthWI/status/1242488984745447425,False,,1,https://pbs.twimg.com/media/ET41IulXgAMVn8Y.jpg,,,,,,,[],,,,
1240670567252008960,1240670567252008960,2020-03-19 12:04:48 Eastern Daylight Time,2020-03-19,12:04:48,-0500,1227829011180609536,jeffcohealthwi,Jefferson County Health Department WI,,"If you are feeling healthy, please consider making an appointment to donate blood. Many drives have been canceled, but you can still schedule an appointment at a blood collection facility. Check out how to make an appointment at  https://t.co/r6gixvUyj3.  https://t.co/kypIYUVRlF",en,[],['http://RedCrossBlood.org'],['https://pbs.twimg.com/media/ETe_QR1WkAEPTIj.png'],0,0,0,[],[],https://twitter.com/JeffCoHealthWI/status/1240670567252008960,False,,1,https://pbs.twimg.com/media/ETe_QR1WkAEPTIj.png,,,,,,,[],,,,
1240307839752704002,1240307839752704002,2020-03-18 12:03:27 Eastern Daylight Time,2020-03-18,12:03:27,-0500,1227829011180609536,jeffcohealthwi,Jefferson County Health Department WI,,The myStrength program provided by Jefferson County now has a module for COVID-19 that may be helpful in managing stress and anxiety during this pandemic. Other modules may also help with mental well being. Access code: Jefferson County  https://t.co/v1wT32p4bX,en,[],[],['https://pbs.twimg.com/media/ETZ1YHtWkAMYZhk.jpg'],0,2,1,[],[],https://twitter.com/JeffCoHealthWI/status/1240307839752704002,False,,1,https://pbs.twimg.com/media/ETZ1YHtWkAMYZhk.jpg,,,,,,,[],,,,
1240287407850782721,1240287407850782721,2020-03-18 10:42:16 Eastern Daylight Time,2020-03-18,10:42:16,-0500,1227829011180609536,jeffcohealthwi,Jefferson County Health Department WI,,Many stores are stepping up and designating specific hours for seniors and other groups who are more at risk from COVID-19 to shop.  Check out a list here:   https://t.co/fLp7aZ3tZe,en,[],['https://www.usatoday.com/story/money/2020/03/17/coronavirus-shopping-stores-introduce-time-for-vulnerable-elderly-pregnant/5074064002/'],[],0,1,0,[],[],https://twitter.com/JeffCoHealthWI/status/1240287407850782721,False,,0,,,,,,,,[],,,,
1239987289784307719,1239987289784307719,2020-03-17 14:49:42 Eastern Daylight Time,2020-03-17,14:49:42,-0500,1227829011180609536,jeffcohealthwi,Jefferson County Health Department WI,,"Actualmente, estamos preguntando que nuestras clientes buscando servicios a nuestra clinica del departamento de salud, por favor llamenos y hacer una cita por telefono. Llamenos a: 920-674-7213. Este es para nuestros servicios de: Prueba cutánea de TB Vacunas Pruebas de embarazo",es,[],[],[],0,0,0,[],[],https://twitter.com/JeffCoHealthWI/status/1239987289784307719,False,,0,,,,,,,,[],,,,
1239983842716499968,1239983842716499968,2020-03-17 14:36:00 Eastern Daylight Time,2020-03-17,14:36:00,-0500,1227829011180609536,jeffcohealthwi,Jefferson County Health Department WI,,"At this time, we are asking any clients seeking services from the Jefferson County Health Department Clinic to call ahead and make an appointment.The best number to call is: 920-674-7275. This would be applicable to our services of: TB skin testing Immunizations Pregnancy Testing",en,[],[],[],0,0,0,[],[],https://twitter.com/JeffCoHealthWI/status/1239983842716499968,False,,0,,,,,,,,[],,,,
1239667786596716544,1239667786596716544,2020-03-16 17:40:06 Eastern Daylight Time,2020-03-16,17:40:06,-0500,1227829011180609536,jeffcohealthwi,Jefferson County Health Department WI,,"Starting tonight at midnight, the state of Wisconsin will be banning mass gatherings of 50 people or more. Follow this link for more details.   https://t.co/p6jM0TprUl",en,[],['https://www.jeffersoncountywi.gov/Health/COVID-19/DHS%20Order%20Mass%20Gatherings%20of%2050%20or%20More.pdf'],[],0,0,0,[],[],https://twitter.com/JeffCoHealthWI/status/1239667786596716544,False,,0,,,,,,,,[],,,,
1239560191038947330,1239560191038947330,2020-03-16 10:32:34 Eastern Daylight Time,2020-03-16,10:32:34,-0500,1227829011180609536,jeffcohealthwi,Jefferson County Health Department WI,,Looking for things to do with your kids while they're off school? Here's a list of education companies offering free subscriptions during the school closures. #coronavirus #COVID19    https://t.co/M6Tte3qsWc,en,[],['https://kidsactivitiesblog.com/135609/list-of-education-companies-offering-free-subscriptions/?fbclid=IwAR0QC2-orRO-7x3FcSjRXhb6GFmt4P3Ij-osgrcXMG4fDSoZZfKKOpfI4yM'],[],0,0,0,"['coronavirus', 'covid19']",[],https://twitter.com/JeffCoHealthWI/status/1239560191038947330,False,,0,,,,,,,,[],,,,
1238601988025319426,1238601988025319426,2020-03-13 19:05:00 Eastern Daylight Time,2020-03-13,19:05:00,-0500,1227829011180609536,jeffcohealthwi,Jefferson County Health Department WI,,"Beginning Wednesday, March 18th, Wisconsin will be closing all public and private schools.  https://t.co/d139ciuQvR",en,[],[],['https://pbs.twimg.com/media/ETBl19AXYAEFuLY.png'],0,0,0,[],[],https://twitter.com/JeffCoHealthWI/status/1238601988025319426,False,,1,https://pbs.twimg.com/media/ETBl19AXYAEFuLY.png,,,,,,,[],,,,
1238597178836291586,1238597178836291586,2020-03-13 18:45:54 Eastern Daylight Time,2020-03-13,18:45:54,-0500,1227829011180609536,jeffcohealthwi,Jefferson County Health Department WI,,We have a lot of information coming out very quickly right now. Please ensure you check all our recent posts so that you are up-to-date. Please help us make sure info is getting to all who need to hear it. Now is the time to show the strength of the Jefferson Community.,en,[],[],[],0,0,0,[],[],https://twitter.com/JeffCoHealthWI/status/1238597178836291586,False,,0,,,,,,,,[],,,,
