id,conversation_id,created_at,date,time,timezone,user_id,username,name,place,tweet,language,mentions,urls,photos,replies_count,retweets_count,likes_count,hashtags,cashtags,link,retweet,quote_url,video,thumbnail,near,geo,source,user_rt_id,user_rt,retweet_id,reply_to,retweet_date,translate,trans_src,trans_dest
1465436681100800004,1465436681100800004,2021-11-29 16:45:05 Eastern Standard Time,2021-11-29,16:45:05,-0500,36764444,jciowaph,JCPH,,Variant of Concern - Omicron 11/26/21 - WHO classified a new COVID-19 variant ✔️No cases found in the U.S. to date. ✔️CDC is continuously monitoring variants and expects Omicron to be identified quickly if it's in the U.S.  https://t.co/DFv5JXBdwQ,en,[],[],['https://pbs.twimg.com/tweet_video_thumb/FFZG5QLWUAUelmP.jpg'],0,1,4,[],[],https://twitter.com/JCIowaPH/status/1465436681100800004,False,,1,https://pbs.twimg.com/tweet_video_thumb/FFZG5QLWUAUelmP.jpg,,,,,,,[],,,,
1465380505847795719,1465380505847795719,2021-11-29 13:01:52 Eastern Standard Time,2021-11-29,13:01:52,-0500,36764444,jciowaph,JCPH,,"There is funding available to bring an idea to life that promotes COVID-19 vaccination (awards up to $1,900). If you are interested -  https://t.co/4Ey4Kf5Vdg    Questions? Email htice@johnsoncountyiowa.gov  https://t.co/wmNvvqui2W",en,[],['https://johnsoncountyiowa.iad1.qualtrics.com/jfe/form/SV_0d0xXGZhc247DG6'],['https://pbs.twimg.com/media/FFYTzeLXwAE955a.jpg'],0,3,7,[],[],https://twitter.com/JCIowaPH/status/1465380505847795719,False,,1,https://pbs.twimg.com/media/FFYTzeLXwAE955a.jpg,,,,,,,[],,,,
1463856292875882498,1463856292875882498,2021-11-25 08:05:12 Eastern Standard Time,2021-11-25,08:05:12,-0500,36764444,jciowaph,JCPH,,Happy Thanksgiving from Johnson County Public Health!  https://t.co/nluAHsfTxL,en,[],[],['https://pbs.twimg.com/media/FFCpin3XIAsjS4J.jpg'],0,1,5,[],[],https://twitter.com/JCIowaPH/status/1463856292875882498,False,,1,https://pbs.twimg.com/media/FFCpin3XIAsjS4J.jpg,,,,,,,[],,,,
1463553689118027777,1463553689118027777,2021-11-24 12:02:45 Eastern Standard Time,2021-11-24,12:02:45,-0500,36764444,jciowaph,JCPH,,Johnson County Public Health offices will be closed on November 25 and 26 in observance of County Holiday and Thanksgiving Day! Thank you!  https://t.co/zefcBsyID5,en,[],[],['https://pbs.twimg.com/media/FE-WUx3WQAYhNdB.jpg'],0,0,1,[],[],https://twitter.com/JCIowaPH/status/1463553689118027777,False,,1,https://pbs.twimg.com/media/FE-WUx3WQAYhNdB.jpg,,,,,,,[],,,,
1463529944902942723,1463529944902942723,2021-11-24 10:28:24 Eastern Standard Time,2021-11-24,10:28:24,-0500,36764444,jciowaph,JCPH,,"Happiest Birthday to our Admin Clerk, Catalina Hernandez! We’re celebrating a day early as we’ll be off tomorrow for Thanksgiving, but we want to wish her the best and thank her for the amazing work she does! Please help us wish a Happy Birthday to Catalina! We appreciate you!  https://t.co/qf8zSagajY",en,[],[],['https://pbs.twimg.com/media/FE-AuroWQAcWA-F.jpg'],0,0,8,[],[],https://twitter.com/JCIowaPH/status/1463529944902942723,False,,1,https://pbs.twimg.com/media/FE-AuroWQAcWA-F.jpg,,,,,,,[],,,,
1463221271190200331,1463221271190200331,2021-11-23 14:01:51 Eastern Standard Time,2021-11-23,14:01:51,-0500,36764444,jciowaph,JCPH,,Vaping nicotine can make feelings of anxiety and depression worse.   https://t.co/SbKAhKG2k1  https://t.co/2hZzDarcbc,en,[],['https://www.thetruth.com/article/mental-health-resources'],['https://pbs.twimg.com/media/FE5n_fQX0AgolRI.jpg'],0,0,1,[],[],https://twitter.com/JCIowaPH/status/1463221271190200331,False,,1,https://pbs.twimg.com/media/FE5n_fQX0AgolRI.jpg,,,,,,,[],,,,
1456743378008350724,1456743378008350724,2021-11-05 18:01:00 Eastern Daylight Time,2021-11-05,18:01:00,-0500,36764444,jciowaph,JCPH,,"Don't forget! Coralville's first ever Pride Festival is tomorrow, Sunday Nov 7th from 12-8 P.M. at Tavern Blue. See you there!  https://t.co/zlbRGte4gU",en,[],[],['https://pbs.twimg.com/media/FDdkYgYWQA8sM8r.jpg'],1,1,4,[],[],https://twitter.com/JCIowaPH/status/1456743378008350724,False,,1,https://pbs.twimg.com/media/FDdkYgYWQA8sM8r.jpg,,,,,,,[],,,,
1456622976271585286,1456622976271585286,2021-11-05 10:02:34 Eastern Daylight Time,2021-11-05,10:02:34,-0500,36764444,jciowaph,JCPH,,"Our WIC program is looking to hire a contracted Breastfeeding Peer Counselor. For an application or more information, please contact Karen Klein at 319-688-5878 or kklein@johnsoncountyiowa.gov. Deadline is November 15!  https://t.co/CvxfW0eDcT",en,[],[],['https://pbs.twimg.com/media/FDb24L9WQAwhmSk.jpg'],0,1,1,[],[],https://twitter.com/JCIowaPH/status/1456622976271585286,False,,1,https://pbs.twimg.com/media/FDb24L9WQAwhmSk.jpg,,,,,,,[],,,,
1455940916708007936,1455940916708007936,2021-11-03 12:52:19 Eastern Daylight Time,2021-11-03,12:52:19,-0500,36764444,jciowaph,JCPH,,"We know many parents want to get their children COVID-19 vaccinations right away. While there are some appointments, you may have to wait a few days. Check here - UIHC, Hy-vee, Walgreens (starts Nov 6), CVS (starts Nov 7). Towncrest, Walmart (soon - no set date) #JoCoVaccinates  https://t.co/mFBXgTqY77",en,[],[],['https://pbs.twimg.com/media/FDSKjAqXMAcYoUv.jpg'],0,4,7,['jocovaccinates'],[],https://twitter.com/JCIowaPH/status/1455940916708007936,False,,1,https://pbs.twimg.com/media/FDSKjAqXMAcYoUv.jpg,,,,,,,[],,,,
1455898915887370241,1455898915887370241,2021-11-03 10:05:25 Eastern Daylight Time,2021-11-03,10:05:25,-0500,36764444,jciowaph,JCPH,,"After 20 months of the pandemic, yesterday was a HUGE day! We received 9,000 doses of the 5-11 yr old Pfizer vaccine. Vaccinating our children brings light to the end of a dark tunnel! More information soon about how &amp; where to schedule your child’s vaccine. #JoCoVaccinates  https://t.co/L7OYMUvc0j",en,[],[],"['https://pbs.twimg.com/media/FDRkWQoXoAUhVOd.jpg', 'https://pbs.twimg.com/media/FDRkWTPXsAMsszN.jpg', 'https://pbs.twimg.com/media/FDRkWSZXEAYw3Bh.jpg']",5,8,63,['jocovaccinates'],[],https://twitter.com/JCIowaPH/status/1455898915887370241,False,,1,https://pbs.twimg.com/media/FDRkWQoXoAUhVOd.jpg,,,,,,,[],,,,
1455173456203505664,1455173456203505664,2021-11-01 10:02:42 Eastern Daylight Time,2021-11-01,10:02:42,-0500,36764444,jciowaph,JCPH,,"Join us in celebrating Coralville's first ever Coralville Pride Festival! For more information, visit  https://t.co/jcRcBI08rc. See you there!  https://t.co/JU4QySHWVo",en,[],['https://coralvillepridefestival.com'],['https://pbs.twimg.com/media/FDHQjBCXIAMhROK.jpg'],0,1,3,[],[],https://twitter.com/JCIowaPH/status/1455173456203505664,False,,1,https://pbs.twimg.com/media/FDHQjBCXIAMhROK.jpg,,,,,,,[],,,,
1454841077794488322,1454841077794488322,2021-10-31 12:01:57 Eastern Daylight Time,2021-10-31,12:01:57,-0500,36764444,jciowaph,JCPH,, https://t.co/f8leQhOt39,und,[],['https://amp.desmoinesregister.com/amp/6125152001?__twitter_impression=true&fbclid=IwAR39_35eLrWRfyUNCjBtvmCpAYtHvWS4TtrTDuLgqtCTmXaAdiTsq9YwQDY'],[],0,0,0,[],[],https://twitter.com/JCIowaPH/status/1454841077794488322,False,,0,,,,,,,,[],,,,
1454116587724738565,1454116587724738565,2021-10-29 12:03:05 Eastern Daylight Time,2021-10-29,12:03:05,-0500,36764444,jciowaph,JCPH,,Oh my GOURD! We wish all treats and no tricks to the parents out there working hard to feed their little PUMPkins!   Give us a call at 319-356-6042 or email at clinic@johnsoncountyiowa.gov for breastfeeding support and stop in to check out our staff's Pumpkin Contest entry!  https://t.co/aBOEeKLSeO,en,[],[],['https://pbs.twimg.com/media/FC4PVMXWYAg2j83.jpg'],0,0,6,[],[],https://twitter.com/JCIowaPH/status/1454116587724738565,False,,1,https://pbs.twimg.com/media/FC4PVMXWYAg2j83.jpg,,,,,,,[],,,,
1454089103201406985,1454089103201406985,2021-10-29 10:13:52 Eastern Daylight Time,2021-10-29,10:13:52,-0500,36764444,jciowaph,JCPH,,Public Health Administration is a real headache this Halloween!  https://t.co/nOzgwnkTkW,en,[],[],['https://pbs.twimg.com/media/FC32VYAWEAAj0q4.jpg'],0,1,8,[],[],https://twitter.com/JCIowaPH/status/1454089103201406985,False,,1,https://pbs.twimg.com/media/FC32VYAWEAAj0q4.jpg,,,,,,,[],,,,
1454055901829255170,1454055901829255170,2021-10-29 08:01:56 Eastern Daylight Time,2021-10-29,08:01:56,-0500,36764444,jciowaph,JCPH,,Hosting a large event? Avoid - especially if vaccination status of attendees &amp; risk-reduction set-up is unknown. -Limit #'s -Hold outdoors -Require masks -Social Distance -Have hand washing/sanitizer &amp; plan for contact tracing Full recommendations -  https://t.co/20MBnrMx4X  https://t.co/40HTmHRdhN,en,[],['https://coronavirus-johnsoncounty.hub.arcgis.com/pages/jcph-event-guidance'],['https://pbs.twimg.com/tweet_video_thumb/FC3YIy2XsAExFsb.jpg'],0,0,3,[],[],https://twitter.com/JCIowaPH/status/1454055901829255170,False,,1,https://pbs.twimg.com/tweet_video_thumb/FC3YIy2XsAExFsb.jpg,,,,,,,[],,,,
1453466567543607298,1453466567543607298,2021-10-27 17:00:08 Eastern Daylight Time,2021-10-27,17:00:08,-0500,36764444,jciowaph,JCPH,,"CDC and the American Academy of Pediatrics recommend that even during COVID-19, children continue to see their doctor for checkups and routinely recommended vaccinations. Contact your doctor or Clinical Services at 319-356-6042. #VaccinesWork #CDC  https://t.co/qg8NRKD46n",en,[],[],[],0,0,2,"['vaccineswork', 'cdc']",[],https://twitter.com/JCIowaPH/status/1453466567543607298,False,,1,https://pbs.twimg.com/ext_tw_video_thumb/1453465322544115714/pu/img/hzdIXz1mX2zK-AK5.jpg,,,,,,,[],,,,
1453451759360385035,1453451759360385035,2021-10-27 16:01:17 Eastern Daylight Time,2021-10-27,16:01:17,-0500,36764444,jciowaph,JCPH,,"Matt, a 5th generation Farmer in Kansas, explains why getting vaccinated against COVID-19 was so important for him, his family, and his farming team.   https://t.co/QAC2EdmWF5",en,[],['https://www.youtube.com/watch?v=z2oRK-Xs6C0&list=PLdSSKSOSBh4kWYa28XlY88ZLaP3__rSZm&index=8'],[],0,0,1,[],[],https://twitter.com/JCIowaPH/status/1453451759360385035,False,,0,,,,,,,,[],,,,
1453096662453440515,1453096662453440515,2021-10-26 16:30:16 Eastern Daylight Time,2021-10-26,16:30:16,-0500,36764444,jciowaph,JCPH,,It’s ok to say no.   #ISTEP #IowaSTEP #Iowa #IA #IowaStudents #MakeADifference #JoinTheMovement #JoinUs #JoinISTEP #TobaccoFree #VapeFree #QuitTobacco #QuitVaping #SayNo #No #RRW  https://t.co/J6d22z7sKu,en,[],[],['https://pbs.twimg.com/media/FCpvttKXIAU75oJ.jpg'],0,0,1,"['istep', 'iowastep', 'iowa', 'ia', 'iowastudents', 'makeadifference', 'jointhemovement', 'joinus', 'joinistep', 'tobaccofree', 'vapefree', 'quittobacco', 'quitvaping', 'sayno', 'no', 'rrw']",[],https://twitter.com/JCIowaPH/status/1453096662453440515,False,,1,https://pbs.twimg.com/media/FCpvttKXIAU75oJ.jpg,,,,,,,[],,,,
1453096652684865536,1453096652684865536,2021-10-26 16:30:13 Eastern Daylight Time,2021-10-26,16:30:13,-0500,36764444,jciowaph,JCPH,,"1st ‘Chapter Champions for Health’ w/ @IowaFSL! This yrly challenge was created to raise awareness and inform members, other UI students, and the community, about public health issues. Congrats for achieving 100% member COVID-19 vaccination: αΚΔΦ, ΑΤΩ, ΔΣΘ, ΑΕΦ, ΑΔΠ, ΑΚΑ, ΣΛΒ  https://t.co/N7vRiaCheW",en,"[{'screen_name': 'iowafsl', 'name': 'iowa fraternity & sorority life', 'id': '119807395'}]",[],"['https://pbs.twimg.com/media/FCpvs9-WQAAnWp8.jpg', 'https://pbs.twimg.com/media/FCpvtBNWYAAGkH3.jpg', 'https://pbs.twimg.com/media/FCpvtBtXEAEd7yp.jpg', 'https://pbs.twimg.com/media/FCpvs_hWYAgJkIr.jpg']",0,3,3,[],[],https://twitter.com/JCIowaPH/status/1453096652684865536,False,,1,https://pbs.twimg.com/media/FCpvs9-WQAAnWp8.jpg,,,,,,,[],,,,
1452667054142758922,1452667054142758922,2021-10-25 12:03:09 Eastern Daylight Time,2021-10-25,12:03:09,-0500,36764444,jciowaph,JCPH,,"To enjoy a sweet and safe Halloween, track local transmission rates, take precautions like wearing a mask and washing your hands, and avoid activities that put you and the children around you at increased risk for COVID-19.  https://t.co/cUAFtKeE4n",en,[],[],['https://pbs.twimg.com/media/FCjo_OqXMAQiDal.png'],1,3,5,[],[],https://twitter.com/JCIowaPH/status/1452667054142758922,False,,1,https://pbs.twimg.com/media/FCjo_OqXMAQiDal.png,,,,,,,[],,,,
