id,conversation_id,created_at,date,time,timezone,user_id,username,name,place,tweet,language,mentions,urls,photos,replies_count,retweets_count,likes_count,hashtags,cashtags,link,retweet,quote_url,video,thumbnail,near,geo,source,user_rt_id,user_rt,retweet_id,reply_to,retweet_date,translate,trans_src,trans_dest
1465745457460781057,1465745457460781057,2021-11-30 13:12:03 Eastern Standard Time,2021-11-30,13:12:03,-0500,161146481,johnstonhealth,Johnston Health,,Support the Johnston Health Foundation this Giving Tuesday!   https://t.co/vP1FX1LBd3,en,[],['https://bit.ly/3CKgjqX'],[],0,0,0,[],[],https://twitter.com/johnstonhealth/status/1465745457460781057,False,,0,,,,,,,,[],,,,
1465351373457874960,1465351373457874960,2021-11-29 11:06:07 Eastern Standard Time,2021-11-29,11:06:07,-0500,161146481,johnstonhealth,Johnston Health,,"We're pleased to highlight our SECU Hospice House team! Above all else, this wonderful group ensures that our end-of-life patients are treated with comfort, dignity and grace. Thank you team!  https://t.co/AilR2U1mtx",en,[],[],['https://pbs.twimg.com/media/FFX5TfPXwAESCIb.jpg'],1,0,6,[],[],https://twitter.com/johnstonhealth/status/1465351373457874960,False,,1,https://pbs.twimg.com/media/FFX5TfPXwAESCIb.jpg,,,,,,,[],,,,
1464970602477989890,1464970602477989890,2021-11-28 09:53:04 Eastern Standard Time,2021-11-28,09:53:04,-0500,161146481,johnstonhealth,Johnston Health,,Improve your quality of life with help from the Johnston Health Diabetes Center in Smithfield. #DiabetesMonth  https://t.co/uUgaLGSWWP,en,[],['https://bit.ly/2Py877C'],[],0,1,1,['diabetesmonth'],[],https://twitter.com/johnstonhealth/status/1464970602477989890,False,,0,,,,,,,,[],,,,
1464649234926514179,1464649234926514179,2021-11-27 12:36:04 Eastern Standard Time,2021-11-27,12:36:04,-0500,161146481,johnstonhealth,Johnston Health,,"We're happy to highlight the addition of walking maps to our UNC Health app!   Convenience is just a touch away when you download this helpful app, see for yourself!  https://t.co/0URD7qLO2I",en,[],[],['https://pbs.twimg.com/media/FFN6trWXMAQdfko.jpg'],1,0,2,[],[],https://twitter.com/johnstonhealth/status/1464649234926514179,False,,1,https://pbs.twimg.com/media/FFN6trWXMAQdfko.jpg,,,,,,,[],,,,
1464649234045714435,1464649234045714435,2021-11-27 12:36:03 Eastern Standard Time,2021-11-27,12:36:03,-0500,161146481,johnstonhealth,Johnston Health,,Try cardiopulmonary rehab to strengthen your heart and lungs so you can enjoy a better quality of life.    https://t.co/A9rq5ESRFf  https://t.co/5tiJkJNzdQ,en,[],['https://bit.ly/3op7Br6'],['https://pbs.twimg.com/media/FFN6tdCXEA8n0q_.jpg'],0,0,0,[],[],https://twitter.com/johnstonhealth/status/1464649234045714435,False,,1,https://pbs.twimg.com/media/FFN6tdCXEA8n0q_.jpg,,,,,,,[],,,,
1464240538148917249,1464240538148917249,2021-11-26 09:32:03 Eastern Standard Time,2021-11-26,09:32:03,-0500,161146481,johnstonhealth,Johnston Health,,Make your time at Johnston Health more comfortable by taking advantage of services and amenities for patients and visitors.  https://t.co/uIPbllf2Bt  https://t.co/zG4kFQaR70,en,[],['https://bit.ly/3cEBtfG'],['https://pbs.twimg.com/media/FFIHAggXEAY4fcg.jpg'],0,0,0,[],[],https://twitter.com/johnstonhealth/status/1464240538148917249,False,,1,https://pbs.twimg.com/media/FFIHAggXEAY4fcg.jpg,,,,,,,[],,,,
1463975294063329285,1463975294063329285,2021-11-25 15:58:04 Eastern Standard Time,2021-11-25,15:58:04,-0500,161146481,johnstonhealth,Johnston Health,,Happy Thanksgiving from your friends and family at Johnston Health!  https://t.co/N04AZl5J3R,en,[],[],['https://pbs.twimg.com/media/FFEVxGhXoAEwDJo.jpg'],0,0,5,[],[],https://twitter.com/johnstonhealth/status/1463975294063329285,False,,1,https://pbs.twimg.com/media/FFEVxGhXoAEwDJo.jpg,,,,,,,[],,,,
1463665499716440071,1463665499716440071,2021-11-24 19:27:03 Eastern Standard Time,2021-11-24,19:27:03,-0500,161146481,johnstonhealth,Johnston Health,,"The way we live today is different than it was years ago, but one thing that hasn't changed is our need for self-care. Make an appointment with one of our health care providers today.  https://t.co/hKB0mN9qK1  https://t.co/tumu7qWgow",en,[],['https://bit.ly/3Hzd0qd'],['https://pbs.twimg.com/media/FE_8AzHXwAIM5OX.jpg'],0,0,2,[],[],https://twitter.com/johnstonhealth/status/1463665499716440071,False,,1,https://pbs.twimg.com/media/FE_8AzHXwAIM5OX.jpg,,,,,,,[],,,,
1463253785468456970,1463253785468456970,2021-11-23 16:11:03 Eastern Standard Time,2021-11-23,16:11:03,-0500,161146481,johnstonhealth,Johnston Health,,We're excited to recognize clinical pharmacist Sherry Holloman as our Ambassador of the month!   This title is awarded to professionals that go above and beyond to give patients the standard-setting care in our safe promise.  https://t.co/vnNuCfn0nX,en,[],[],['https://pbs.twimg.com/media/FE6Fjt3XMAslqzu.jpg'],0,0,4,[],[],https://twitter.com/johnstonhealth/status/1463253785468456970,False,,1,https://pbs.twimg.com/media/FE6Fjt3XMAslqzu.jpg,,,,,,,[],,,,
