id,conversation_id,created_at,date,time,timezone,user_id,username,name,place,tweet,language,mentions,urls,photos,replies_count,retweets_count,likes_count,hashtags,cashtags,link,retweet,quote_url,video,thumbnail,near,geo,source,user_rt_id,user_rt,retweet_id,reply_to,retweet_date,translate,trans_src,trans_dest
1465411551435927553,1465411551435927553,2021-11-29 15:05:14 Eastern Standard Time,2021-11-29,15:05:14,-0500,180922539,kitsaphealth,Kitsap Public Health,,Join us Wednesday for a Kitsap World AIDS Day virtual event. Find the full program and Zoom information here:  https://t.co/Q983zY3GWT,en,[],['https://lnks.gd/2/bVP9V7'],[],0,0,0,[],[],https://twitter.com/KitsapHealth/status/1465411551435927553,False,,0,,,,,,,,[],,,,
1461849853651263492,1461849853651263492,2021-11-19 19:12:19 Eastern Standard Time,2021-11-19,19:12:19,-0500,180922539,kitsaphealth,Kitsap Public Health,,COVID-19 Weekly Outlook: Tips for safer holiday gatherings; vaccination or test now required for large events.  https://t.co/RJw0aznNqj,en,[],['https://lnks.gd/2/bLMnxM'],[],1,1,0,[],[],https://twitter.com/KitsapHealth/status/1461849853651263492,False,,0,,,,,,,,[],,,,
1459293228776235008,1459293228776235008,2021-11-12 17:53:12 Eastern Standard Time,2021-11-12,17:53:12,-0500,180922539,kitsaphealth,Kitsap Public Health,,"COVID-19 Weekly Outlook: Cases fall to lowest point since July, but holiday season poses a challenge.  https://t.co/rw1VSSQDv0",en,[],['https://lnks.gd/2/b-2j_H'],[],0,0,0,[],[],https://twitter.com/KitsapHealth/status/1459293228776235008,False,,0,,,,,,,,[],,,,
1458581286205935618,1458581286205935618,2021-11-10 18:44:12 Eastern Standard Time,2021-11-10,18:44:12,-0500,180922539,kitsaphealth,Kitsap Public Health,,Update on COVID-19 vaccination clinics for kids ages 5-11. Learn more:  https://t.co/JZ1tsBPI8Q,en,[],['https://lnks.gd/2/b7xh5q'],[],1,2,0,[],[],https://twitter.com/KitsapHealth/status/1458581286205935618,False,,0,,,,,,,,[],,,,
1456753141274267653,1456753141274267653,2021-11-05 18:39:48 Eastern Daylight Time,2021-11-05,18:39:48,-0500,180922539,kitsaphealth,Kitsap Public Health,,COVID-19 Weekly Outlook: Vaccination rollout begins for children 5-11; you can help support our outreach efforts.  https://t.co/xd6WHCdExn,en,[],['https://lnks.gd/2/b3NVL_'],[],0,0,0,[],[],https://twitter.com/KitsapHealth/status/1456753141274267653,False,,0,,,,,,,,[],,,,
1456051397036814338,1456051397036814338,2021-11-03 20:11:19 Eastern Daylight Time,2021-11-03,20:11:19,-0500,180922539,kitsaphealth,Kitsap Public Health,,Children ages 5-11 are now eligible for COVID-19 vaccination. Learn more:  https://t.co/z9Vqu4YCXa,en,[],['https://lnks.gd/2/Zxx6jM'],[],0,2,2,[],[],https://twitter.com/KitsapHealth/status/1456051397036814338,False,,0,,,,,,,,[],,,,
1455688663602536453,1455688663602536453,2021-11-02 20:09:57 Eastern Daylight Time,2021-11-02,20:09:57,-0500,180922539,kitsaphealth,Kitsap Public Health,,"Kitsap Public Health Board to hold special meeting Thursday, Nov. 4.  https://t.co/QWCvNQ7h61",en,[],['https://lnks.gd/2/Zwq99B'],[],0,0,0,[],[],https://twitter.com/KitsapHealth/status/1455688663602536453,False,,0,,,,,,,,[],,,,
1454184322316046337,1454184322316046337,2021-10-29 16:32:14 Eastern Daylight Time,2021-10-29,16:32:14,-0500,180922539,kitsaphealth,Kitsap Public Health,,COVID-19 Weekly Outlook: Kitsap reaches vaccination milestone; shots for kids 5-11 expected soon.  https://t.co/W8ZcIYHbdc,en,[],['https://lnks.gd/2/Zt3R9h'],[],2,3,1,[],[],https://twitter.com/KitsapHealth/status/1454184322316046337,False,,0,,,,,,,,[],,,,
1453859622889066500,1453859622889066500,2021-10-28 19:02:00 Eastern Daylight Time,2021-10-28,19:02:00,-0500,180922539,kitsaphealth,Kitsap Public Health,,"Kitsap Public Health Board to hold online meeting Tuesday, Nov. 2.  https://t.co/bd47znpPSw",en,[],['https://lnks.gd/2/Zqvm7r'],[],1,1,0,[],[],https://twitter.com/KitsapHealth/status/1453859622889066500,False,,0,,,,,,,,[],,,,
1419757553328656404,1419757553328656404,2021-07-26 16:32:33 Eastern Daylight Time,2021-07-26,16:32:33,-0500,180922539,kitsaphealth,Kitsap Public Health,,Kitsap County's health officer has joined health officers from seven other Washington counties to recommend masking in indoor public settings where the vaccination status of those around you is unknown. Read the full statement:   https://t.co/tvJC8ThQD7,en,[],['https://lnks.gd/2/WbWvZb'],[],3,5,2,[],[],https://twitter.com/KitsapHealth/status/1419757553328656404,False,,0,,,,,,,,[],,,,
1418321692234076173,1418321692234076173,2021-07-22 17:26:57 Eastern Daylight Time,2021-07-22,17:26:57,-0500,180922539,kitsaphealth,Kitsap Public Health,,COVID-19 Weekly Outlook Newsletter: Cases are ticking up in Kitsap County. Read about the trends we are tracking.  https://t.co/y3VXhf3qOO,en,[],['https://lnks.gd/2/WX2J6B'],[],0,2,0,[],[],https://twitter.com/KitsapHealth/status/1418321692234076173,False,,0,,,,,,,,[],,,,
1416181741098782721,1416181741098782721,2021-07-16 19:43:33 Eastern Daylight Time,2021-07-16,19:43:33,-0500,180922539,kitsaphealth,Kitsap Public Health,,Corrected hours for Seabeck vaccination clinic on July 18:  https://t.co/n1bLSrrV1l,en,[],['https://lnks.gd/2/WRDmJH'],[],0,0,0,[],[],https://twitter.com/KitsapHealth/status/1416181741098782721,False,,0,,,,,,,,[],,,,
1415448754363187202,1415448754363187202,2021-07-14 19:10:55 Eastern Daylight Time,2021-07-14,19:10:55,-0500,180922539,kitsaphealth,Kitsap Public Health,,"COVID-19 Weekly Outlook Newsletter: Now is the time to be thinking ""Vax to School;"" Kitsap's fully vaccinated rate tops 60%.   https://t.co/jK45M08Vjr",en,[],['https://lnks.gd/2/WMq7RW'],[],2,0,0,[],[],https://twitter.com/KitsapHealth/status/1415448754363187202,False,,0,,,,,,,,[],,,,
1415391856561635328,1415391856561635328,2021-07-14 15:24:49 Eastern Daylight Time,2021-07-14,15:24:49,-0500,180922539,kitsaphealth,Kitsap Public Health,,We lifted our advisory today for the Island Lake County Park swimming beach.  https://t.co/s9wiYbBHQ3,en,[],['https://lnks.gd/2/WMZ9jL'],[],0,3,1,[],[],https://twitter.com/KitsapHealth/status/1415391856561635328,False,,0,,,,,,,,[],,,,
1415389361579900934,1415389361579900934,2021-07-14 15:14:55 Eastern Daylight Time,2021-07-14,15:14:55,-0500,180922539,kitsaphealth,Kitsap Public Health,,We have lifted no-contact advisories for the Illahee State Park and Lions Park swimming beaches. Samples collected this week showed bacteria had returned to safer levels.  https://t.co/QtdlVdee8T,en,[],['https://lnks.gd/2/WMMbp8'],[],0,2,1,[],[],https://twitter.com/KitsapHealth/status/1415389361579900934,False,,0,,,,,,,,[],,,,
1415087005210497034,1415087005210497034,2021-07-13 19:13:27 Eastern Daylight Time,2021-07-13,19:13:27,-0500,180922539,kitsaphealth,Kitsap Public Health,,"From farmers markets to festivals and public libraries, there is no shortage of vaccination opportunities in Kitsap in July. Learn more:  https://t.co/rVjMExe7va #vaxupkitsap",en,[],['https://lnks.gd/2/WLmp9Z'],[],1,4,3,['vaxupkitsap'],[],https://twitter.com/KitsapHealth/status/1415087005210497034,False,,0,,,,,,,,[],,,,
1413637350714978311,1413637350714978311,2021-07-09 19:13:03 Eastern Daylight Time,2021-07-09,19:13:03,-0500,180922539,kitsaphealth,Kitsap Public Health,,Officials warn of increase in local deaths connected to fentanyl as drug overdose deaths rise statewide.  https://t.co/bbd0LqDHy7,en,[],['https://lnks.gd/2/WHqLHW'],[],2,0,0,[],[],https://twitter.com/KitsapHealth/status/1413637350714978311,False,,0,,,,,,,,[],,,,
1413563327884713987,1413563327884713987,2021-07-09 14:18:54 Eastern Daylight Time,2021-07-09,14:18:54,-0500,180922539,kitsaphealth,Kitsap Public Health,,We issued advisories for the Illahee State Park and Lions Park swimming beaches today due to high bacteria levels.  https://t.co/Jnd80HKrr0,en,[],['https://lnks.gd/2/WHMX7-'],[],0,4,3,[],[],https://twitter.com/KitsapHealth/status/1413563327884713987,False,,0,,,,,,,,[],,,,
1413542595431653380,1413542595431653380,2021-07-09 12:56:31 Eastern Daylight Time,2021-07-09,12:56:31,-0500,180922539,kitsaphealth,Kitsap Public Health,,We have temporarily closed the swimming beach at Island Lake County Park due to high levels of E. coli bacteria in the water.  https://t.co/miam2j7V9F,en,[],['https://lnks.gd/2/WHHMth'],[],0,3,2,[],[],https://twitter.com/KitsapHealth/status/1413542595431653380,False,,0,,,,,,,,[],,,,
1412543075617017860,1412543075617017860,2021-07-06 18:44:47 Eastern Daylight Time,2021-07-06,18:44:47,-0500,180922539,kitsaphealth,Kitsap Public Health,,We are offering a dozen COVID-19 vaccination clinics over the next two weeks. Evening and weekend options available! Learn more:  https://t.co/gxrL7lV0xH #vaxupkitsap,en,[],['https://lnks.gd/2/WB3Vrp'],[],0,1,0,['vaxupkitsap'],[],https://twitter.com/KitsapHealth/status/1412543075617017860,False,,0,,,,,,,,[],,,,
