id,conversation_id,created_at,date,time,timezone,user_id,username,name,place,tweet,language,mentions,urls,photos,replies_count,retweets_count,likes_count,hashtags,cashtags,link,retweet,quote_url,video,thumbnail,near,geo,source,user_rt_id,user_rt,retweet_id,reply_to,retweet_date,translate,trans_src,trans_dest
1465744667413204993,1465744667413204993,2021-11-30 13:08:55 Eastern Standard Time,2021-11-30,13:08:55,-0500,1325130608,lincolncountyhd,LincolnCoHealthDept (MO),,Thank you for filling up our clinics! We have limited COVID-19 vaccine clinic openings. Please check back frequently- we are always adding dates and times!  https://t.co/LSGtAhOXlt  https://t.co/J8qQGAROyF,en,[],['http://www.lchdmo.org/covid19-vaccine'],['https://pbs.twimg.com/media/FFde9PlXsAoDP8k.jpg'],0,0,0,[],[],https://twitter.com/LincolnCountyHD/status/1465744667413204993,False,,1,https://pbs.twimg.com/media/FFde9PlXsAoDP8k.jpg,,,,,,,[],,,,
1464033415066443779,1464033415066443779,2021-11-25 19:49:01 Eastern Standard Time,2021-11-25,19:49:01,-0500,1325130608,lincolncountyhd,LincolnCoHealthDept (MO),,Food safety tip! Refrigerate leftovers in small portions within 2 hours of cooking.  https://t.co/prH5z85QLq  https://t.co/EpS428FELf,en,[],['https://loom.ly/kNr3prg'],['https://pbs.twimg.com/media/FFFKobdXwAsjs4L.jpg'],0,0,0,[],[],https://twitter.com/LincolnCountyHD/status/1464033415066443779,False,,1,https://pbs.twimg.com/media/FFFKobdXwAsjs4L.jpg,,,,,,,[],,,,
1463873626726453258,1463873626726453258,2021-11-25 09:14:04 Eastern Standard Time,2021-11-25,09:14:04,-0500,1325130608,lincolncountyhd,LincolnCoHealthDept (MO),,"We hope you are enjoying time with your families. Our office is closed for Thanksgiving. We will reopen on Monday, November 29th, 2021.  https://t.co/znXNiZWZeV",en,[],[],['https://pbs.twimg.com/media/FFC5TjvWYAQC12b.jpg'],0,0,0,[],[],https://twitter.com/LincolnCountyHD/status/1463873626726453258,False,,1,https://pbs.twimg.com/media/FFC5TjvWYAQC12b.jpg,,,,,,,[],,,,
1463560839068536834,1463560839068536834,2021-11-24 12:31:10 Eastern Standard Time,2021-11-24,12:31:10,-0500,1325130608,lincolncountyhd,LincolnCoHealthDept (MO),,Cooking for a group this week? Please be sure to keep hot foods at their proper temperature! Cooked foods should be held at or above 140 degrees.  https://t.co/0bNtuBF5Qu,en,[],[],['https://pbs.twimg.com/media/FE-c09BXMAU6si5.jpg'],0,0,0,[],[],https://twitter.com/LincolnCountyHD/status/1463560839068536834,False,,1,https://pbs.twimg.com/media/FE-c09BXMAU6si5.jpg,,,,,,,[],,,,
1463547213095870465,1463547213095870465,2021-11-24 11:37:01 Eastern Standard Time,2021-11-24,11:37:01,-0500,1325130608,lincolncountyhd,LincolnCoHealthDept (MO),,Free COVID-19 testing TODAY in Winfield. County Market parking lot from 10 a.m. until 6 p.m. No appointment required.  https://t.co/Hb4Hv55PGp,en,[],[],['https://pbs.twimg.com/media/FE-QbzVXsA4uxDy.jpg'],0,0,0,[],[],https://twitter.com/LincolnCountyHD/status/1463547213095870465,False,,1,https://pbs.twimg.com/media/FE-QbzVXsA4uxDy.jpg,,,,,,,[],,,,
1463193774218256388,1463193774218256388,2021-11-23 12:12:35 Eastern Standard Time,2021-11-23,12:12:35,-0500,1325130608,lincolncountyhd,LincolnCoHealthDept (MO),,REMINDER: Passport services are closed this week!  https://t.co/OhsOToSYXZ,en,[],[],['https://pbs.twimg.com/media/FE5O-59XwAQ10di.jpg'],0,0,0,[],[],https://twitter.com/LincolnCountyHD/status/1463193774218256388,False,,1,https://pbs.twimg.com/media/FE5O-59XwAQ10di.jpg,,,,,,,[],,,,
1463182643869138947,1463178670378524675,2021-11-23 11:28:21 Eastern Standard Time,2021-11-23,11:28:21,-0500,1325130608,lincolncountyhd,LincolnCoHealthDept (MO),, https://t.co/dgqNP3R1u1,und,[],['https://www.instagram.com/stressfree_lc/'],[],0,0,0,[],[],https://twitter.com/LincolnCountyHD/status/1463182643869138947,False,,0,,,,,,,,[],,,,
1463178670378524675,1463178670378524675,2021-11-23 11:12:34 Eastern Standard Time,2021-11-23,11:12:34,-0500,1325130608,lincolncountyhd,LincolnCoHealthDept (MO),,Holidays can be stressful. Where are you at today?  https://t.co/2FpGH4Xcx6,en,[],[],['https://pbs.twimg.com/media/FE5BPzaXIAQ8V1j.jpg'],1,0,0,[],[],https://twitter.com/LincolnCountyHD/status/1463178670378524675,False,,1,https://pbs.twimg.com/media/FE5BPzaXIAQ8V1j.jpg,,,,,,,[],,,,
1462887110994759698,1462887110994759698,2021-11-22 15:54:01 Eastern Standard Time,2021-11-22,15:54:01,-0500,1325130608,lincolncountyhd,LincolnCoHealthDept (MO),,"There are three ways to thaw your turkey safely — in the refrigerator, in cold water, or in the microwave oven. Learn more here:  https://t.co/MroTnjTWhw  https://t.co/o9Tuf8RDyp",en,[],['https://www.fsis.usda.gov/food-safety/safe-food-handling-and-preparation/poultry/lets-talk-turkey-roasting'],['https://pbs.twimg.com/media/FE04ExwXIAcrWvY.jpg'],0,0,0,[],[],https://twitter.com/LincolnCountyHD/status/1462887110994759698,False,,1,https://pbs.twimg.com/media/FE04ExwXIAcrWvY.jpg,,,,,,,[],,,,
1462855320573779973,1462855320573779973,2021-11-22 13:47:41 Eastern Standard Time,2021-11-22,13:47:41,-0500,1325130608,lincolncountyhd,LincolnCoHealthDept (MO),,We will be closed for Thanksgiving on Thursday November 25th and Friday November 26th.  https://t.co/voswL5w8Wp,en,[],[],['https://pbs.twimg.com/media/FE0bKUqXMA4UgmM.jpg'],0,0,0,[],[],https://twitter.com/LincolnCountyHD/status/1462855320573779973,False,,1,https://pbs.twimg.com/media/FE0bKUqXMA4UgmM.jpg,,,,,,,[],,,,
1461497455342718976,1461497455342718976,2021-11-18 19:52:01 Eastern Standard Time,2021-11-18,19:52:01,-0500,1325130608,lincolncountyhd,LincolnCoHealthDept (MO),,"Have you started thinking about thawing your frozen turkey? There are three ways to thaw your turkey safely — in the refrigerator, in cold water, or in the microwave oven. Learn more here:  https://t.co/MroTnjTWhw  https://t.co/X0JHcHkkwj",en,[],['https://www.fsis.usda.gov/food-safety/safe-food-handling-and-preparation/poultry/lets-talk-turkey-roasting'],"['https://pbs.twimg.com/media/FEhIMN1WUAQWMJg.jpg', 'https://pbs.twimg.com/media/FEhIMNQXwAAZ8R6.jpg']",0,0,0,[],[],https://twitter.com/LincolnCountyHD/status/1461497455342718976,False,,1,https://pbs.twimg.com/media/FEhIMN1WUAQWMJg.jpg,,,,,,,[],,,,
1461138518462414850,1461138518462414850,2021-11-17 20:05:44 Eastern Standard Time,2021-11-17,20:05:44,-0500,1325130608,lincolncountyhd,LincolnCoHealthDept (MO),,Passport services will be closed Monday 11/22/2021 through Friday 11/26/2021. We will reopen on Monday 11/29/2021.  https://t.co/JYAds3Bw1q,en,[],[],['https://pbs.twimg.com/media/FEcBvQ8WQAI3IZh.jpg'],0,0,0,[],[],https://twitter.com/LincolnCountyHD/status/1461138518462414850,False,,1,https://pbs.twimg.com/media/FEcBvQ8WQAI3IZh.jpg,,,,,,,[],,,,
1461026887602425861,1461026887602425861,2021-11-17 12:42:09 Eastern Standard Time,2021-11-17,12:42:09,-0500,1325130608,lincolncountyhd,LincolnCoHealthDept (MO),,"FREE COVID-19 TESTING TODAY! Wednesday, November 17th in Winfield! County Market parking lot. Results in 24-48 hours. open until 6pm!  https://t.co/Ec6KdXycJq",en,[],[],['https://pbs.twimg.com/media/FEacNkGWUAkKQQL.jpg'],0,0,0,[],[],https://twitter.com/LincolnCountyHD/status/1461026887602425861,False,,1,https://pbs.twimg.com/media/FEacNkGWUAkKQQL.jpg,,,,,,,[],,,,
1460993119432986628,1460993119432986628,2021-11-17 10:27:58 Eastern Standard Time,2021-11-17,10:27:58,-0500,1325130608,lincolncountyhd,LincolnCoHealthDept (MO),,We are feeling thankful today! Let us know below what you're thankful for.  https://t.co/rE0dChR7Tn,en,[],[],"['https://pbs.twimg.com/media/FEZ9f6_WQAUNzAt.jpg', 'https://pbs.twimg.com/media/FEZ9f6RXEAwtHky.jpg', 'https://pbs.twimg.com/media/FEZ9f6CXoAYXMAA.jpg', 'https://pbs.twimg.com/media/FEZ9f7cXwAUJQuw.jpg']",0,0,0,[],[],https://twitter.com/LincolnCountyHD/status/1460993119432986628,False,,1,https://pbs.twimg.com/media/FEZ9f6_WQAUNzAt.jpg,,,,,,,[],,,,
1460667508365615115,1460667508365615115,2021-11-16 12:54:06 Eastern Standard Time,2021-11-16,12:54:06,-0500,1325130608,lincolncountyhd,LincolnCoHealthDept (MO),,Please scan the QR code and take the 5-10 minute Participant Satisfaction Survey. All feedback is anonymous and will help Missouri WIC improve the services provided to YOU! You can also click here:  https://t.co/I6vH4g7DSU  https://t.co/6VTvoBikF1,en,[],['https://loom.ly/mh7snEI'],['https://pbs.twimg.com/media/FEVVW9GXEAc55pR.png'],0,0,1,[],[],https://twitter.com/LincolnCountyHD/status/1460667508365615115,False,,1,https://pbs.twimg.com/media/FEVVW9GXEAc55pR.png,,,,,,,[],,,,
1460320921290428418,1460320921290428418,2021-11-15 13:56:53 Eastern Standard Time,2021-11-15,13:56:53,-0500,1325130608,lincolncountyhd,LincolnCoHealthDept (MO),,We are celebrating with TBHS  by participating in spirit week! Congrats and on to the next win!! WE LOVE TO SEE IT! @Linc_R3  @TBHSTrojans  #wearetroy #wevegotyourback  https://t.co/qCrvrYqePf,en,"[{'screen_name': 'linc_r3', 'name': 'community relations', 'id': '398116873'}, {'screen_name': 'tbhstrojans', 'name': 'tbhs_ad', 'id': '538172869'}]",[],['https://pbs.twimg.com/media/FEQZvJNXEAAj42w.jpg'],0,2,14,"['wearetroy', 'wevegotyourback']",[],https://twitter.com/LincolnCountyHD/status/1460320921290428418,False,,1,https://pbs.twimg.com/media/FEQZvJNXEAAj42w.jpg,,,,,,,[],,,,
1460094400109989891,1460094400109989891,2021-11-14 22:56:46 Eastern Standard Time,2021-11-14,22:56:46,-0500,1325130608,lincolncountyhd,LincolnCoHealthDept (MO),,COVID vaccine clinic tomorrow (Monday!) Make an appointment here:  https://t.co/701lc7jV7u  https://t.co/XrsPrjFTP0,en,[],['https://healow.com/apps/practice/lincoln-county-health-department-5423?v=1&fbclid=IwAR3-lyrRRkTixkVl-XNpK6QWW_9-taU0ZcNmYQdK11q8RiqAsPPSnwbW4TY'],['https://pbs.twimg.com/media/FENMGT1WYAM7RZW.jpg'],0,0,2,[],[],https://twitter.com/LincolnCountyHD/status/1460094400109989891,False,,1,https://pbs.twimg.com/media/FENMGT1WYAM7RZW.jpg,,,,,,,[],,,,
1459631510018002944,1459631510018002944,2021-11-13 16:17:25 Eastern Standard Time,2021-11-13,16:17:25,-0500,1325130608,lincolncountyhd,LincolnCoHealthDept (MO),,Happy World Kindness Day &lt;3  https://t.co/jhD0zNWizl,en,[],[],['https://pbs.twimg.com/media/FEGnH44XIAE43lh.jpg'],0,0,0,[],[],https://twitter.com/LincolnCountyHD/status/1459631510018002944,False,,1,https://pbs.twimg.com/media/FEGnH44XIAE43lh.jpg,,,,,,,[],,,,
1459629908376891396,1459629908376891396,2021-11-13 16:11:03 Eastern Standard Time,2021-11-13,16:11:03,-0500,1325130608,lincolncountyhd,LincolnCoHealthDept (MO),,"Safe Kids Eastern Quad Counties volunteers attended a flu shot clinic with Cardinal Glennon this morning! We gave out helmets, gun locks, and information about our car seat program. Follow their Facebook page to learn more!  https://t.co/ASo1DMFh1t",en,[],[],['https://pbs.twimg.com/media/FEGlpRJXMAEWjed.jpg'],0,0,0,[],[],https://twitter.com/LincolnCountyHD/status/1459629908376891396,False,,1,https://pbs.twimg.com/media/FEGlpRJXMAEWjed.jpg,,,,,,,[],,,,
