id,conversation_id,created_at,date,time,timezone,user_id,username,name,place,tweet,language,mentions,urls,photos,replies_count,retweets_count,likes_count,hashtags,cashtags,link,retweet,quote_url,video,thumbnail,near,geo,source,user_rt_id,user_rt,retweet_id,reply_to,retweet_date,translate,trans_src,trans_dest
1465715998837723138,1465715998837723138,2021-11-30 11:15:00 Eastern Standard Time,2021-11-30,11:15:00,-0500,66561298,lcpublichealth,Linn Public Health,,"Continue to practice the 3 W's: wear a mask, wait 6 feet apart, and wash your hands. These mitigation measures continue to be important.  https://t.co/i4xkfIfD7W",en,[],[],['https://pbs.twimg.com/media/FCovgQiXsAEX1WS.jpg'],0,2,6,[],[],https://twitter.com/LCPublicHealth/status/1465715998837723138,False,,1,https://pbs.twimg.com/media/FCovgQiXsAEX1WS.jpg,,,,,,,[],,,,
1464262677614764039,1464262677614764039,2021-11-26 11:00:01 Eastern Standard Time,2021-11-26,11:00:01,-0500,66561298,lcpublichealth,Linn Public Health,,"New law. Lower prices. More people qualify. With = financial help, most customers can get health coverage for under $10 a month. Apply by Dec. 15 and #GetCovered starting on Jan 1.  https://t.co/KRZYJh1zLP  https://t.co/cCpia1HUDP",en,[],['https://www.healthcare.gov/get-coverage'],['https://pbs.twimg.com/media/FDXn3b_WUAMHSMm.jpg'],0,1,1,['getcovered'],[],https://twitter.com/LCPublicHealth/status/1464262677614764039,False,,1,https://pbs.twimg.com/media/FDXn3b_WUAMHSMm.jpg,,,,,,,[],,,,
1463537896455954437,1463537896455954437,2021-11-24 11:00:00 Eastern Standard Time,2021-11-24,11:00:00,-0500,66561298,lcpublichealth,Linn Public Health,,"As we approach the holiday season, the best way to keep your children safe and healthy is by getting them the #COVID19 vaccine. Children ages 5 and up are eligible. Learn more:  https://t.co/aB87yX6JUr  https://t.co/Xo5kiXVBrf",en,[],['https://www.linncountyiowa.gov/1494/COVID-19-VACCINE'],['https://pbs.twimg.com/media/FEWH565X0AYQqsD.jpg'],0,2,3,['covid19'],[],https://twitter.com/LCPublicHealth/status/1463537896455954437,False,,1,https://pbs.twimg.com/media/FEWH565X0AYQqsD.jpg,,,,,,,[],,,,
1463190616129650694,1463190616129650694,2021-11-23 12:00:02 Eastern Standard Time,2021-11-23,12:00:02,-0500,66561298,lcpublichealth,Linn Public Health,,"Subscribe to receive local COVID-19 Status Updates by using our NotifyMe tool and selecting ""COVID-19 Status Update"" under the News Flash category at  https://t.co/lqPJ8Xxs9G.  https://t.co/v7NMVoKsZC",en,[],['https://www.linncounty.org/list.aspx'],['https://pbs.twimg.com/media/FCoXkedXIA4F1ab.jpg'],0,0,0,[],[],https://twitter.com/LCPublicHealth/status/1463190616129650694,False,,1,https://pbs.twimg.com/media/FCoXkedXIA4F1ab.jpg,,,,,,,[],,,,
1462873525518168066,1462873525518168066,2021-11-22 15:00:02 Eastern Standard Time,2021-11-22,15:00:02,-0500,66561298,lcpublichealth,Linn Public Health,,"Over 11 million children and teens age 12-17 have already gotten vaccinated against COVID-19, and now children age 5-11 are eligible for the #COVID19 vaccine. Learn more about getting your child a safe, effective, and free #vaccine:  https://t.co/aB87yX6JUr  https://t.co/8O0qkb0kwg",en,[],['https://www.linncountyiowa.gov/1494/COVID-19-VACCINE'],['https://pbs.twimg.com/media/FEWAT2JXoAIENDv.jpg'],0,0,1,"['covid19', 'vaccine']",[],https://twitter.com/LCPublicHealth/status/1462873525518168066,False,,1,https://pbs.twimg.com/media/FEWAT2JXoAIENDv.jpg,,,,,,,[],,,,
