id,conversation_id,created_at,date,time,timezone,user_id,username,name,place,tweet,language,mentions,urls,photos,replies_count,retweets_count,likes_count,hashtags,cashtags,link,retweet,quote_url,video,thumbnail,near,geo,source,user_rt_id,user_rt,retweet_id,reply_to,retweet_date,translate,trans_src,trans_dest
1465466864700641282,1465466864700641282,2021-11-29 18:45:02 Eastern Standard Time,2021-11-29,18:45:02,-0500,403628387,toledolucashd,Toledo-Lucas County Health Department,,"Your health can change a life. If you are healthy when you have a baby, your baby is healthier.We help with your health. Call 419-213-8434 or visit  https://t.co/VXTQT1EU1U #HealthyStart #PreconceptionHealth  https://t.co/AyucHqpvHh",en,[],['https://bit.ly/HealthyStartLucas'],['https://pbs.twimg.com/media/FFZiWQwXwAcYvfO.jpg'],0,0,0,"['healthystart', 'preconceptionhealth']",[],https://twitter.com/ToledoLucasHD/status/1465466864700641282,False,,1,https://pbs.twimg.com/media/FFZiWQwXwAcYvfO.jpg,,,,,,,[],,,,
1463855397786292225,1463855397786292225,2021-11-25 08:01:38 Eastern Standard Time,2021-11-25,08:01:38,-0500,403628387,toledolucashd,Toledo-Lucas County Health Department,,"The Health Department is closed on Thursday, Nov 25 and Friday, Nov 26 in observance of the Thanksgiving holiday. Normal hours will resume Monday at 8:00 am. Have a safe and happy holiday.  https://t.co/1hCl1CZO7c",en,[],[],['https://pbs.twimg.com/media/FFCoudoXsAE4XVF.jpg'],0,0,0,[],[],https://twitter.com/ToledoLucasHD/status/1463855397786292225,False,,1,https://pbs.twimg.com/media/FFCoudoXsAE4XVF.jpg,,,,,,,[],,,,
1463560344341827591,1463560344341827591,2021-11-24 12:29:12 Eastern Standard Time,2021-11-24,12:29:12,-0500,403628387,toledolucashd,Toledo-Lucas County Health Department,,"‼️🚨UPDATE: ALL #COVID19 TEST KITS ARE GONE as of 12:00 pm Wednesday, Nov 24 🚨‼️ We hope to get additional kits before the Christmas holiday.",en,[],[],[],0,0,1,['covid19'],[],https://twitter.com/ToledoLucasHD/status/1463560344341827591,False,,0,,,,,,,,[],,,,
1463496393365102592,1463496393365102592,2021-11-24 08:15:05 Eastern Standard Time,2021-11-24,08:15:05,-0500,403628387,toledolucashd,Toledo-Lucas County Health Department,,"TLCHD is hoping to minimize the spread of #COVID-19 this #Thanksgiving holiday by offering FREE rapid test pick-up:   Wednesday, November 24 at UAW Hall on Ashland.  Limit: 6 tests per car.  https://t.co/HK594roj5W",en,[],[],['https://pbs.twimg.com/media/FE9iNuUWQAAV4Cn.jpg'],0,0,1,"['covid', 'thanksgiving']",[],https://twitter.com/ToledoLucasHD/status/1463496393365102592,False,,1,https://pbs.twimg.com/media/FE9iNuUWQAAV4Cn.jpg,,,,,,,[],,,,
1463340843478171648,1463340843478171648,2021-11-23 21:56:59 Eastern Standard Time,2021-11-23,21:56:59,-0500,403628387,toledolucashd,Toledo-Lucas County Health Department,,"‼️Over 6.500 Rapid #COVID19 test kits were given out today ‼️  A special THANK YOU to our volunteers from The Movement and to @TARTA_Toledo for providing a warm area to stage our testing kits.  If you are in need of testing kits, 🛑 out to the @UAW Local 12, Wednesday from 9a-3p.  https://t.co/zsFBKv7qdA",en,"[{'screen_name': 'tarta_toledo', 'name': 'tarta', 'id': '93955858'}, {'screen_name': 'uaw', 'name': 'uaw', 'id': '15854702'}]",[],"['https://pbs.twimg.com/media/FE7UuTLWYA4lXPj.jpg', 'https://pbs.twimg.com/media/FE7UuSfWUAEZvnC.jpg', 'https://pbs.twimg.com/media/FE7UuSeXoAYoLz0.jpg', 'https://pbs.twimg.com/media/FE7UuSdWUAU5Xnz.jpg']",0,0,8,['covid19'],[],https://twitter.com/ToledoLucasHD/status/1463340843478171648,False,,1,https://pbs.twimg.com/media/FE7UuTLWYA4lXPj.jpg,,,,,,,[],,,,
1463247251359289356,1463247251359289356,2021-11-23 15:45:05 Eastern Standard Time,2021-11-23,15:45:05,-0500,403628387,toledolucashd,Toledo-Lucas County Health Department,,Premature Birth Report Card: Ohio received a D+ in 2020. Michigan a C+. 2021 data will be coming out soon.  https://t.co/LINiUlAN0y  #MarchofDimes #prematurebirth #HealthyStart,en,[],['https://www.marchofdimes.org/mission/reportcard.aspx'],[],0,1,0,"['marchofdimes', 'prematurebirth', 'healthystart']",[],https://twitter.com/ToledoLucasHD/status/1463247251359289356,False,,0,,,,,,,,[],,,,
1463130486914658308,1463130486914658308,2021-11-23 08:01:06 Eastern Standard Time,2021-11-23,08:01:06,-0500,403628387,toledolucashd,Toledo-Lucas County Health Department,,"TLCHD is hoping to minimize the spread of #COVID-19 this holiday season. FREE rapid test pick- up:  -Tuesday, November 23 at the Lucas County Rec Center AND at UAW Hall on Ashland. -Wednesday, November 24 at UAW Hall on Ashland.  Limit 6 kits per car.  https://t.co/PXuh3Mo8RH",en,[],[],['https://pbs.twimg.com/media/FE4VbJDXoAkBduv.jpg'],0,4,8,['covid'],[],https://twitter.com/ToledoLucasHD/status/1463130486914658308,False,,1,https://pbs.twimg.com/media/FE4VbJDXoAkBduv.jpg,,,,,,,[],,,,
