id,conversation_id,created_at,date,time,timezone,user_id,username,name,place,tweet,language,mentions,urls,photos,replies_count,retweets_count,likes_count,hashtags,cashtags,link,retweet,quote_url,video,thumbnail,near,geo,source,user_rt_id,user_rt,retweet_id,reply_to,retweet_date,translate,trans_src,trans_dest
1465366208211992579,1465366208211992579,2021-11-29 12:05:03 Eastern Standard Time,2021-11-29,12:05:03,-0500,705226724,madisoncountyhd,"Madison Co HD, KY",,"Según  https://t.co/vsIhkLUv3q, ""actualizado al 24 de noviembre de 2021. No hay informes en cumplimiento del Día de Acción de Gracias, jueves 25 de noviembre de 2021. Los informes se reanudarán el lunes 29 de noviembre de 2021"".  https://t.co/Kl6eHG50Pz",es,[],['https://bit.ly/3llvAZx'],['https://pbs.twimg.com/media/FFYGzKzXIAcgLx9.jpg'],0,0,0,[],[],https://twitter.com/MadisonCountyHD/status/1465366208211992579,False,,1,https://pbs.twimg.com/media/FFYGzKzXIAcgLx9.jpg,,,,,,,[],,,,
1465364986579070988,1465364986579070988,2021-11-29 12:00:12 Eastern Standard Time,2021-11-29,12:00:12,-0500,705226724,madisoncountyhd,"Madison Co HD, KY",,"Per  https://t.co/vsIhkLUv3q, ""current as of November 24, 2021. No reports in observance of Thanksgiving Day, Thursday, November 25, 2021. Reports will resume on Monday, November 29, 2021.""  https://t.co/qkgAKQfgAb",en,[],['https://bit.ly/3llvAZx'],['https://pbs.twimg.com/media/FFYFsEzX0AIBuIg.jpg'],0,0,0,[],[],https://twitter.com/MadisonCountyHD/status/1465364986579070988,False,,1,https://pbs.twimg.com/media/FFYFsEzX0AIBuIg.jpg,,,,,,,[],,,,
1462829494159425542,1462829494159425542,2021-11-22 12:05:04 Eastern Standard Time,2021-11-22,12:05:04,-0500,705226724,madisoncountyhd,"Madison Co HD, KY",, https://t.co/ywIVWjMX6A,und,[],[],['https://pbs.twimg.com/media/FE0Dq-rX0AY1hgz.jpg'],0,0,0,[],[],https://twitter.com/MadisonCountyHD/status/1462829494159425542,False,,1,https://pbs.twimg.com/media/FE0Dq-rX0AY1hgz.jpg,,,,,,,[],,,,
1462828306890465290,1462828306890465290,2021-11-22 12:00:21 Eastern Standard Time,2021-11-22,12:00:21,-0500,705226724,madisoncountyhd,"Madison Co HD, KY",, https://t.co/ELJkzFVggJ,und,[],[],['https://pbs.twimg.com/media/FE0Cl4jXwAEosRJ.jpg'],0,0,0,[],[],https://twitter.com/MadisonCountyHD/status/1462828306890465290,False,,1,https://pbs.twimg.com/media/FE0Cl4jXwAEosRJ.jpg,,,,,,,[],,,,
