id,conversation_id,created_at,date,time,timezone,user_id,username,name,place,tweet,language,mentions,urls,photos,replies_count,retweets_count,likes_count,hashtags,cashtags,link,retweet,quote_url,video,thumbnail,near,geo,source,user_rt_id,user_rt,retweet_id,reply_to,retweet_date,translate,trans_src,trans_dest
1446152294731554821,1446152294731554821,2021-10-07 12:35:49 Eastern Daylight Time,2021-10-07,12:35:49,-0500,1336396484359712769,s7healthdept,Southern Seven Health Department & Head Start,,"Vienna Head Start Early Learning Center reminded parents to enroll their child in Head Start during the Heritage Festival Parade in Vienna on October 2.  For more information about Head Start, call 618-634-2297 or visit  https://t.co/dvuealnaD0.  https://t.co/i1NCcb6XAy",en,[],['http://www.southern7.org'],['https://pbs.twimg.com/media/FBHDruVWEA4VM8h.jpg'],0,0,0,[],[],https://twitter.com/S7HealthDept/status/1446152294731554821,False,,1,https://pbs.twimg.com/media/FBHDruVWEA4VM8h.jpg,,,,,,,[],,,,
1445842304959406090,1445842304959406090,2021-10-06 16:04:02 Eastern Daylight Time,2021-10-06,16:04:02,-0500,1336396484359712769,s7healthdept,Southern Seven Health Department & Head Start,,"October is Head Start Awareness Month.  Southern Seven Head Start Mounds Early Learning Center held a Proclamation Day on October 5 that included a Proclamation signing by Mounds Mayor Nathan Johnson, Jr.  Head Start sites in the region will celebrate throughout the month.  https://t.co/dQbKEPa6ti",en,[],[],['https://pbs.twimg.com/media/FBCp3pRWQAECHyt.jpg'],0,1,2,[],[],https://twitter.com/S7HealthDept/status/1445842304959406090,False,,1,https://pbs.twimg.com/media/FBCp3pRWQAECHyt.jpg,,,,,,,[],,,,
1445793283054178304,1445793283054178304,2021-10-06 12:49:14 Eastern Daylight Time,2021-10-06,12:49:14,-0500,1336396484359712769,s7healthdept,Southern Seven Health Department & Head Start,, https://t.co/YoDVrA8umM,und,[],[],['https://pbs.twimg.com/media/FBB9QuHXMAYnKtM.png'],0,1,0,[],[],https://twitter.com/S7HealthDept/status/1445793283054178304,False,,1,https://pbs.twimg.com/media/FBB9QuHXMAYnKtM.png,,,,,,,[],,,,
1443669360158126080,1443669360158126080,2021-09-30 16:09:32 Eastern Daylight Time,2021-09-30,16:09:32,-0500,1336396484359712769,s7healthdept,Southern Seven Health Department & Head Start,,"Southern Seven Head Start is welcoming Fall with lots of decorating and activities.  From building roads for taking long walks to coloring apples. To learn more about Head Start, call 618-634-2297 or visit  https://t.co/dvuealnaD0.  https://t.co/rch0jZY4fV",en,[],['http://www.southern7.org'],"['https://pbs.twimg.com/media/FAjxfhfXEAQ8Yuh.jpg', 'https://pbs.twimg.com/media/FAjxhvYWYAE1LYo.jpg']",0,0,0,[],[],https://twitter.com/S7HealthDept/status/1443669360158126080,False,,1,https://pbs.twimg.com/media/FAjxfhfXEAQ8Yuh.jpg,,,,,,,[],,,,
1443614824718610442,1443614824718610442,2021-09-30 12:32:49 Eastern Daylight Time,2021-09-30,12:32:49,-0500,1336396484359712769,s7healthdept,Southern Seven Health Department & Head Start,,S7HD shares OC Light S FIT Collection video  https://t.co/YNJI2DE6r3 via @YouTube,en,"[{'screen_name': 'youtube', 'name': 'youtube', 'id': '10228272'}]",['https://youtu.be/hDrOPEkMIn0'],[],0,0,0,[],[],https://twitter.com/S7HealthDept/status/1443614824718610442,False,,0,,,,,,,,[],,,,
1441071960235167744,1441071960235167744,2021-09-23 12:08:23 Eastern Daylight Time,2021-09-23,12:08:23,-0500,1336396484359712769,s7healthdept,Southern Seven Health Department & Head Start,,"Southern Seven Head Start encourages practice of necessary life skills, like cooking and creating through play and social interaction; as these students enrolled at Hardin County Head Start are doing.  To learn more about Southern Seven Head Start, call 618-634-2297 or visit  https://t.co/FXRFiFjyh1",en,[],[],"['https://pbs.twimg.com/media/E_-205vWQAANSVO.jpg', 'https://pbs.twimg.com/media/E_-205vXIAAJxeS.jpg', 'https://pbs.twimg.com/media/E_-205tX0AMPaae.jpg']",0,0,0,[],[],https://twitter.com/S7HealthDept/status/1441071960235167744,False,,1,https://pbs.twimg.com/media/E_-205vWQAANSVO.jpg,,,,,,,[],,,,
1437423841194778634,1437423841194778634,2021-09-13 10:32:04 Eastern Daylight Time,2021-09-13,10:32:04,-0500,1336396484359712769,s7healthdept,Southern Seven Health Department & Head Start,,Come on...You know you want to! :)  https://t.co/CYLeWFQhQu,en,[],[],['https://pbs.twimg.com/media/E_LBTvxWUAwBeyo.jpg'],0,0,0,[],[],https://twitter.com/S7HealthDept/status/1437423841194778634,False,,1,https://pbs.twimg.com/media/E_LBTvxWUAwBeyo.jpg,,,,,,,[],,,,
1437422050331795456,1437422050331795456,2021-09-13 10:24:57 Eastern Daylight Time,2021-09-13,10:24:57,-0500,1336396484359712769,s7healthdept,Southern Seven Health Department & Head Start,, https://t.co/P8X25ciG6L,und,[],[],['https://pbs.twimg.com/media/E_K_uRJXIAoFcZf.png'],0,0,0,[],[],https://twitter.com/S7HealthDept/status/1437422050331795456,False,,1,https://pbs.twimg.com/media/E_K_uRJXIAoFcZf.png,,,,,,,[],,,,
1437421893968093184,1437421893968093184,2021-09-13 10:24:20 Eastern Daylight Time,2021-09-13,10:24:20,-0500,1336396484359712769,s7healthdept,Southern Seven Health Department & Head Start,,Power outages can happen any time of year.  Be ready! Visit  https://t.co/zEjyX3wq6j to learn more.  https://t.co/vyj9OMyjOk,en,[],['http://www.ready.gov'],['https://pbs.twimg.com/media/E_K_gwuWYAk5y0u.jpg'],0,0,0,[],[],https://twitter.com/S7HealthDept/status/1437421893968093184,False,,1,https://pbs.twimg.com/media/E_K_gwuWYAk5y0u.jpg,,,,,,,[],,,,
1436328389032488967,1436328389032488967,2021-09-10 09:59:08 Eastern Daylight Time,2021-09-10,09:59:08,-0500,1336396484359712769,s7healthdept,Southern Seven Health Department & Head Start,, https://t.co/Wu6AxFtcBb,und,[],[],['https://pbs.twimg.com/media/E-7dDV9WYAA2Rym.jpg'],0,0,0,[],[],https://twitter.com/S7HealthDept/status/1436328389032488967,False,,1,https://pbs.twimg.com/media/E-7dDV9WYAA2Rym.jpg,,,,,,,[],,,,
1436328358174941185,1436328358174941185,2021-09-10 09:59:00 Eastern Daylight Time,2021-09-10,09:59:00,-0500,1336396484359712769,s7healthdept,Southern Seven Health Department & Head Start,, https://t.co/DJ7iNV38NJ,und,[],[],['https://pbs.twimg.com/media/E-7dBfgXMAMvqi8.jpg'],0,0,0,[],[],https://twitter.com/S7HealthDept/status/1436328358174941185,False,,1,https://pbs.twimg.com/media/E-7dBfgXMAMvqi8.jpg,,,,,,,[],,,,
1435700761736982531,1435700761736982531,2021-09-08 16:25:10 Eastern Daylight Time,2021-09-08,16:25:10,-0500,1336396484359712769,s7healthdept,Southern Seven Health Department & Head Start,,"September is National Preparedness Month.  Make it a monthly habit to update your family's medical needs including doctors, prescriptions and emergency contacts.  These will come in handy should you need to leave your home in an emergency.  https://t.co/FHYLrsVmDh",en,[],[],['https://pbs.twimg.com/media/E-yhZY7WEAEfrLQ.jpg'],0,0,0,[],[],https://twitter.com/S7HealthDept/status/1435700761736982531,False,,1,https://pbs.twimg.com/media/E-yhZY7WEAEfrLQ.jpg,,,,,,,[],,,,
1433904389325041666,1433904389325041666,2021-09-03 17:27:01 Eastern Daylight Time,2021-09-03,17:27:01,-0500,1336396484359712769,s7healthdept,Southern Seven Health Department & Head Start,,Here's your chance to walk through a giant colon. 😊 To help slow the spread of COVID-19 masks are recommended at this event even though it will be outside.  And there will be plenty of room to social distance safely.  We hope you'll join us.  https://t.co/soxk4qkyYu,en,[],[],['https://pbs.twimg.com/media/E-ZAZ1aXIAYVxgx.jpg'],0,0,0,[],[],https://twitter.com/S7HealthDept/status/1433904389325041666,False,,1,https://pbs.twimg.com/media/E-ZAZ1aXIAYVxgx.jpg,,,,,,,[],,,,
1433865848150794274,1433865848150794274,2021-09-03 14:53:52 Eastern Daylight Time,2021-09-03,14:53:52,-0500,1336396484359712769,s7healthdept,Southern Seven Health Department & Head Start,,The Federal Communications Commission (FCC) created this temporary program to help eligible individuals and households afford internet service during the pandemic. Visit ( https://t.co/yjXBhjMhDk).,en,[],['http://getemergencybroadband.org'],[],0,0,0,[],[],https://twitter.com/S7HealthDept/status/1433865848150794274,False,,0,,,,,,,,[],,,,
1433858402736910340,1433858402736910340,2021-09-03 14:24:17 Eastern Daylight Time,2021-09-03,14:24:17,-0500,1336396484359712769,s7healthdept,Southern Seven Health Department & Head Start,,"Before your cookout this Labor Day weekend, review these tips for grill safety while you cook.  https://t.co/W2JXmPP5dz",en,[],[],['https://pbs.twimg.com/media/E-YWmQpWEAM_Mk-.jpg'],0,0,0,[],[],https://twitter.com/S7HealthDept/status/1433858402736910340,False,,1,https://pbs.twimg.com/media/E-YWmQpWEAM_Mk-.jpg,,,,,,,[],,,,
1433858302363017220,1433858302363017220,2021-09-03 14:23:53 Eastern Daylight Time,2021-09-03,14:23:53,-0500,1336396484359712769,s7healthdept,Southern Seven Health Department & Head Start,,"Before your cookout this Labor Day weekend, review these tips for grill safety while you cook.  https://t.co/RrrItCjc5J",en,[],[],['https://pbs.twimg.com/media/E-YWhYOXoAMYGDP.jpg'],0,0,0,[],[],https://twitter.com/S7HealthDept/status/1433858302363017220,False,,1,https://pbs.twimg.com/media/E-YWhYOXoAMYGDP.jpg,,,,,,,[],,,,
1433858055817646082,1433858055817646082,2021-09-03 14:22:54 Eastern Daylight Time,2021-09-03,14:22:54,-0500,1336396484359712769,s7healthdept,Southern Seven Health Department & Head Start,,"Before your cookout this Labor Day weekend, review these tips for grill safety while you cook.  https://t.co/T9tuOhOAtQ",en,[],[],['https://pbs.twimg.com/media/E-YWSJXXoBEdr-g.jpg'],0,0,0,[],[],https://twitter.com/S7HealthDept/status/1433858055817646082,False,,1,https://pbs.twimg.com/media/E-YWSJXXoBEdr-g.jpg,,,,,,,[],,,,
1433857644910022660,1433857644910022660,2021-09-03 14:21:16 Eastern Daylight Time,2021-09-03,14:21:16,-0500,1336396484359712769,s7healthdept,Southern Seven Health Department & Head Start,,"September is National Preparedness Month.  When making your family plan, don't forget any personal needs like childcare, and care for your pets.  Learn more at  https://t.co/hR035ZRnSP or  https://t.co/zEjyX3wq6j.  https://t.co/D73BbyUdoM",en,[],"['https://www.cdc.gov/prepyourhealth/toolkits/takeaction.htm', 'http://www.ready.gov']",['https://pbs.twimg.com/media/E-YV55FXoAEQ17g.jpg'],0,0,0,[],[],https://twitter.com/S7HealthDept/status/1433857644910022660,False,,1,https://pbs.twimg.com/media/E-YV55FXoAEQ17g.jpg,,,,,,,[],,,,
1433855335790481412,1433855335790481412,2021-09-03 14:12:06 Eastern Daylight Time,2021-09-03,14:12:06,-0500,1336396484359712769,s7healthdept,Southern Seven Health Department & Head Start,,You could win a $50 Amazon Gift Card just for completing and returning a FIT kit.  Click on the pic to learn more.  https://t.co/aaXzm47LvW,en,[],[],['https://pbs.twimg.com/media/E-YTsBJWYAIitdo.png'],0,0,0,[],[],https://twitter.com/S7HealthDept/status/1433855335790481412,False,,1,https://pbs.twimg.com/media/E-YTsBJWYAIitdo.png,,,,,,,[],,,,
1433466758913007620,1433466758913007620,2021-09-02 12:28:02 Eastern Daylight Time,2021-09-02,12:28:02,-0500,1336396484359712769,s7healthdept,Southern Seven Health Department & Head Start,, https://t.co/kzoVQW3XRu,und,[],[],['https://pbs.twimg.com/media/E-SyYmDWEAAjmem.png'],0,0,0,[],[],https://twitter.com/S7HealthDept/status/1433466758913007620,False,,1,https://pbs.twimg.com/media/E-SyYmDWEAAjmem.png,,,,,,,[],,,,
