id,conversation_id,created_at,date,time,timezone,user_id,username,name,place,tweet,language,mentions,urls,photos,replies_count,retweets_count,likes_count,hashtags,cashtags,link,retweet,quote_url,video,thumbnail,near,geo,source,user_rt_id,user_rt,retweet_id,reply_to,retweet_date,translate,trans_src,trans_dest
1465728015216828428,1465728015216828428,2021-11-30 12:02:45 Eastern Standard Time,2021-11-30,12:02:45,-0500,36956369,medinahealth,Medina County Health Department,,Need a way to safely dispose of unwanted prescription drugs and medication? Its as easy as 1-2-3!  Get a free Deterra bag today  Ask for them at any pharmacy counter in any Medina County @Drug_Mart location   Or you can also pick one up at Hope Recovery Community  https://t.co/XYPQWRmmcM,en,"[{'screen_name': 'drug_mart', 'name': 'discount drug mart', 'id': '86954988'}]",[],['https://pbs.twimg.com/media/FFdP3FHWQAMi0oH.jpg'],0,2,3,[],[],https://twitter.com/MedinaHealth/status/1465728015216828428,False,,1,https://pbs.twimg.com/media/FFdP3FHWQAMi0oH.jpg,,,,,,,[],,,,
1465689674358403090,1465689674358403090,2021-11-30 09:30:24 Eastern Standard Time,2021-11-30,09:30:24,-0500,36956369,medinahealth,Medina County Health Department,,"Are you looking for primary care from home? Medina County Health offers telehealth appointments for the entire family.  To schedule an appointment, call us at 330-723-9688, option 1.  https://t.co/0Yb5aCsWQN",en,[],[],['https://pbs.twimg.com/media/FFcs_WXXMAEHyXt.jpg'],0,1,1,[],[],https://twitter.com/MedinaHealth/status/1465689674358403090,False,,1,https://pbs.twimg.com/media/FFcs_WXXMAEHyXt.jpg,,,,,,,[],,,,
1463945676782555144,1463945676782555144,2021-11-25 14:00:22 Eastern Standard Time,2021-11-25,14:00:22,-0500,36956369,medinahealth,Medina County Health Department,,You’re only a turkey if you don’t drive sober. #BuzzedDriving is drunk driving.  https://t.co/FVlNvI7IGI,en,[],[],[],0,0,0,['buzzeddriving'],[],https://twitter.com/MedinaHealth/status/1463945676782555144,False,,1,https://pbs.twimg.com/ext_tw_video_thumb/1463944547742982144/pu/img/31FlmpZ6ebBw3DKx.jpg,,,,,,,[],,,,
1463840371713183748,1463840371713183748,2021-11-25 07:01:56 Eastern Standard Time,2021-11-25,07:01:56,-0500,36956369,medinahealth,Medina County Health Department,,"We will be closed today, November 25th for Thanksgiving, and tomorrow November 26th. We will resume normal office hours on Monday November 29th.  Have a Happy and Safe Thanksgiving!  https://t.co/vjAf6YDSN7",en,[],[],['https://pbs.twimg.com/media/FFCbD61X0AE-Ktt.jpg'],0,0,0,[],[],https://twitter.com/MedinaHealth/status/1463840371713183748,False,,1,https://pbs.twimg.com/media/FFCbD61X0AE-Ktt.jpg,,,,,,,[],,,,
1463613693178966020,1463613693178966020,2021-11-24 16:01:11 Eastern Standard Time,2021-11-24,16:01:11,-0500,36956369,medinahealth,Medina County Health Department,,Preparing a holiday meal this Thanksgiving? Cook your turkey thoroughly and always use a food thermometer. Learn more about meal prep for the holidays:   https://t.co/vMK7Xplcne.  https://t.co/yspPtgvBy7,en,[],['https://bit.ly/2OSgp9o'],['https://pbs.twimg.com/media/FE_M5fBWQAADSk3.jpg'],0,0,0,[],[],https://twitter.com/MedinaHealth/status/1463613693178966020,False,,1,https://pbs.twimg.com/media/FE_M5fBWQAADSk3.jpg,,,,,,,[],,,,
1463545472791027719,1463545472791027719,2021-11-24 11:30:06 Eastern Standard Time,2021-11-24,11:30:06,-0500,36956369,medinahealth,Medina County Health Department,,Don’t drive sauced – leave that to the cranberries. #BuzzedDriving is drunk driving.  https://t.co/FybL21m39g,en,[],[],[],0,0,0,['buzzeddriving'],[],https://twitter.com/MedinaHealth/status/1463545472791027719,False,,1,https://pbs.twimg.com/ext_tw_video_thumb/1463544215695147015/pu/img/-NZvEPx8YLSQEKAZ.jpg,,,,,,,[],,,,
1463212010628423688,1463212010628423688,2021-11-23 13:25:03 Eastern Standard Time,2021-11-23,13:25:03,-0500,36956369,medinahealth,Medina County Health Department,,The first step in understanding your breast cancer risk: find out if any relatives have had breast cancer and at what ages. Use this checklist to help you take action.  https://t.co/ewvCva4vH4  https://t.co/76397zzza8,en,[],['https://bit.ly/2knsRm2'],['https://pbs.twimg.com/media/FE5fkfjXEAMAqTB.jpg'],0,0,0,[],[],https://twitter.com/MedinaHealth/status/1463212010628423688,False,,1,https://pbs.twimg.com/media/FE5fkfjXEAMAqTB.jpg,,,,,,,[],,,,
1462772870292119556,1462772870292119556,2021-11-22 08:20:03 Eastern Standard Time,2021-11-22,08:20:03,-0500,36956369,medinahealth,Medina County Health Department,,"#PHTYD recognizes the tremendous resilience of the #publichealthworkforce – local public health officials, epidemiologists, educators, &amp; many others – in the face of the #COVID19 pandemic, promoting &amp; protecting the health of our communities. Say thanks today! #PublicHealthHeroes  https://t.co/s1YHDsKYdW",en,[],[],['https://pbs.twimg.com/media/FEzQLLFWYAYipyy.jpg'],0,3,7,"['phtyd', 'publichealthworkforce', 'covid19', 'publichealthheroes']",[],https://twitter.com/MedinaHealth/status/1462772870292119556,False,,1,https://pbs.twimg.com/media/FEzQLLFWYAYipyy.jpg,,,,,,,[],,,,
