id,conversation_id,created_at,date,time,timezone,user_id,username,name,place,tweet,language,mentions,urls,photos,replies_count,retweets_count,likes_count,hashtags,cashtags,link,retweet,quote_url,video,thumbnail,near,geo,source,user_rt_id,user_rt,retweet_id,reply_to,retweet_date,translate,trans_src,trans_dest
1235259931588206592,1235259931588206592,2020-03-04 12:44:52 Eastern Standard Time,2020-03-04,12:44:52,-0500,1230490837311803392,mercountyhealth,Mercer County Health District,,Ohio currently has zero confirmed cases of #COVID19. We continue to work with ODH &amp; CDC. MCHD is prepared and we urge citizens to be prepared and not scared.  https://t.co/dt7Es7FaUF,en,[],['https://mchdohio.org/wp-content/uploads/2020/03/Press-Release-COVID-19-March-4.pdf'],[],0,1,1,['covid19'],[],https://twitter.com/MerCountyHealth/status/1235259931588206592,False,,0,,,,,,,,[],,,,
1234474833792159745,1234474833792159745,2020-03-02 08:45:10 Eastern Standard Time,2020-03-02,08:45:10,-0500,1230490837311803392,mercountyhealth,Mercer County Health District,,Join us March 3 to promote World Birth Defects Day to improve prevention &amp; research worldwide #WorldBDDay   https://t.co/Uizip0ryHM,en,[],['http://bit.ly/2EveSmc'],[],0,2,2,['worldbdday'],[],https://twitter.com/MerCountyHealth/status/1234474833792159745,False,,0,,,,,,,,[],,,,
1233397590840008704,1233397590840008704,2020-02-28 09:24:35 Eastern Standard Time,2020-02-28,09:24:35,-0500,1230490837311803392,mercountyhealth,Mercer County Health District,,The MCHD 1st quarter 2020 Food Safety Newsletter focuses on preventing the spread of diseases by properly sanitizing surfaces. You can view the newsletter here:  https://t.co/LyJQe2wH7s,en,[],['https://mchdohio.org/wp-content/uploads/2020/02/1st-quarter-2020-Food-Safety-Newsletter.pdf'],[],0,1,1,[],[],https://twitter.com/MerCountyHealth/status/1233397590840008704,False,,0,,,,,,,,[],,,,
1233031143462785024,1233031143462785024,2020-02-27 09:08:27 Eastern Standard Time,2020-02-27,09:08:27,-0500,1230490837311803392,mercountyhealth,Mercer County Health District,,"The MCHD staff participated in our annual education day on Tuesday. During one of the sessions, staff practiced putting on (donning) and taking off (doffing) personal protective equipment. #prepared  https://t.co/pcJ9GszVVh",en,[],[],['https://pbs.twimg.com/media/ERybSfTX0AED3lN.jpg'],0,1,1,['prepared'],[],https://twitter.com/MerCountyHealth/status/1233031143462785024,False,,1,https://pbs.twimg.com/media/ERybSfTX0AED3lN.jpg,,,,,,,[],,,,
1230868135596654597,1230868135596654597,2020-02-21 09:53:26 Eastern Standard Time,2020-02-21,09:53:26,-0500,1230490837311803392,mercountyhealth,Mercer County Health District,,"Vaping increases the risk of oral cancer, heart disease, damages your blood cells, and can lead to gum disease. Students are encouraged to take the Stop The Vape pledge by February 28, 2020 to save your smile and for your chance to receive an iPad.  https://t.co/cTpze3ovmi",en,[],[],['https://pbs.twimg.com/media/ERTsCyfWsAIi7qG.jpg'],1,2,2,[],[],https://twitter.com/MerCountyHealth/status/1230868135596654597,False,,1,https://pbs.twimg.com/media/ERTsCyfWsAIi7qG.jpg,,,,,,,[],,,,
1230496496505835521,1230496496505835521,2020-02-20 09:16:40 Eastern Standard Time,2020-02-20,09:16:40,-0500,1230490837311803392,mercountyhealth,Mercer County Health District,,Get Smart: Know When Antibiotics Work!  https://t.co/ghrJh8mcmW,en,[],[],['https://pbs.twimg.com/media/EROaCp9XkAAvGh6.jpg'],0,1,1,[],[],https://twitter.com/MerCountyHealth/status/1230496496505835521,False,,1,https://pbs.twimg.com/media/EROaCp9XkAAvGh6.jpg,,,,,,,[],,,,
