id,conversation_id,created_at,date,time,timezone,user_id,username,name,place,tweet,language,mentions,urls,photos,replies_count,retweets_count,likes_count,hashtags,cashtags,link,retweet,quote_url,video,thumbnail,near,geo,source,user_rt_id,user_rt,retweet_id,reply_to,retweet_date,translate,trans_src,trans_dest
1465754009289969668,1465754009289969668,2021-11-30 13:46:02 Eastern Standard Time,2021-11-30,13:46:02,-0500,1448387671336779778,mercedcountydph,Merced County Public Health,,"As of Mon., Nov. 29, 2021, there are 45,466 confirmed cases of COVID-19 (novel coronavirus) in Merced County. There are 720 probable active cases in Merced County, with 187 of those being pediatric cases (those under 18 years of age), and 671 have died.   https://t.co/8xrTQ9KwrU  https://t.co/fSQWKzUDbH",en,[],['https://tinyurl.com/MCDPHCOVID'],['https://pbs.twimg.com/media/FFdngCjUcAEGpXJ.jpg'],0,0,0,[],[],https://twitter.com/MercedCountyDPH/status/1465754009289969668,False,,1,https://pbs.twimg.com/media/FFdngCjUcAEGpXJ.jpg,,,,,,,[],,,,
1465742424060272643,1465742424060272643,2021-11-30 13:00:00 Eastern Standard Time,2021-11-30,13:00:00,-0500,1448387671336779778,mercedcountydph,Merced County Public Health,,"¡Obtenga su vacuna contra COVID-19 hoy! También están disponibles las pruebas de COVID-19 sin costo.  FECHA: MARTES, 30 DE NOVIEMBRE DE 2021 HORARIO: 4:00 PM - 7:00 PM UBICACIÓN:PLAYHOUSE MERCED, 425 W. MAIN ST. MERCED, CA 95340  No se necesita cita.  https://t.co/u8RaSB5itR",es,[],[],['https://pbs.twimg.com/media/FFZuXJ2VUAIF8zO.jpg'],0,0,0,[],[],https://twitter.com/MercedCountyDPH/status/1465742424060272643,False,,1,https://pbs.twimg.com/media/FFZuXJ2VUAIF8zO.jpg,,,,,,,[],,,,
1465500834427334656,1465500834427334656,2021-11-29 21:00:01 Eastern Standard Time,2021-11-29,21:00:01,-0500,1448387671336779778,mercedcountydph,Merced County Public Health,,Mental health affects so many aspects of daily life.   See flyer for more information. ____ La salud mental afecta muchos aspectos de la vida diaria.  Consulte el folleto para obtener más información. #DiabetesAwarenessMonth #Diabetes #DiabetesPrevention #MercedCountyPublicHealth  https://t.co/p7HbCChjeA,es,[],[],"['https://pbs.twimg.com/media/FFZYUn9UYAQWQIs.png', 'https://pbs.twimg.com/media/FFZYXIhVIAISQFm.png']",0,0,2,"['diabetesawarenessmonth', 'diabetes', 'diabetesprevention', 'mercedcountypublichealth']",[],https://twitter.com/MercedCountyDPH/status/1465500834427334656,False,,1,https://pbs.twimg.com/media/FFZYUn9UYAQWQIs.png,,,,,,,[],,,,
1465500830828691461,1465500830828691461,2021-11-29 21:00:00 Eastern Standard Time,2021-11-29,21:00:00,-0500,1448387671336779778,mercedcountydph,Merced County Public Health,,"¡Obtenga su vacuna contra COVID-19 mañana! También están disponibles las pruebas de COVID-19 sin costo.  FECHA: MARTES, 30 DE NOVIEMBRE DE 2021 HORARIO: 4:00 PM - 7:00 PM UBICACIÓN:PLAYHOUSE MERCED, 425 W. MAIN ST. MERCED, CA 95340  No se necesita cita.  https://t.co/wA9Fghpuoh",es,[],[],['https://pbs.twimg.com/media/FFZtk5PUUAI71oR.jpg'],0,0,0,[],[],https://twitter.com/MercedCountyDPH/status/1465500830828691461,False,,1,https://pbs.twimg.com/media/FFZtk5PUUAI71oR.jpg,,,,,,,[],,,,
1465399677222719488,1465399677222719488,2021-11-29 14:18:03 Eastern Standard Time,2021-11-29,14:18:03,-0500,1448387671336779778,mercedcountydph,Merced County Public Health,,"As of Sun., Nov. 29, 2021, there are 45,417 confirmed cases of COVID-19 (novel coronavirus) in Merced County. There are 714 probable active cases in Merced County, with 186 of those being pediatric cases (those under 18 years of age), and 670 have died.   https://t.co/8xrTQ9KwrU  https://t.co/74Ps2qWIjF",en,[],['https://tinyurl.com/MCDPHCOVID'],['https://pbs.twimg.com/media/FFYlOlIUYAM84E_.jpg'],0,0,0,[],[],https://twitter.com/MercedCountyDPH/status/1465399677222719488,False,,1,https://pbs.twimg.com/media/FFYlOlIUYAM84E_.jpg,,,,,,,[],,,,
1463900292227821574,1463900292227821574,2021-11-25 11:00:02 Eastern Standard Time,2021-11-25,11:00:02,-0500,1448387671336779778,mercedcountydph,Merced County Public Health,,"Todas las oficinas del Departamento de Salud Pública del Condado de Merced estarán cerradas el dia Jue., 25 de nov. al Vie., 26 de nov. en observancia del Día de Acción De Gracias.  El horario normal de todas las oficinas resumirán el Lun., 29 de nov. de 2021.  https://t.co/PfrXZTJo1H",es,[],[],['https://pbs.twimg.com/media/FE_-7e_VgAQPkjY.jpg'],0,0,0,[],[],https://twitter.com/MercedCountyDPH/status/1463900292227821574,False,,1,https://pbs.twimg.com/media/FE_-7e_VgAQPkjY.jpg,,,,,,,[],,,,
1463900291120697354,1463900291120697354,2021-11-25 11:00:02 Eastern Standard Time,2021-11-25,11:00:02,-0500,1448387671336779778,mercedcountydph,Merced County Public Health,,"All offices at the Merced County Department of Public Health will be closed on Thursday, November 25, through Friday, November 26, 2021 in observance of Thanksgiving Day. Regular business hours will resume for all offices on Monday, November 29, 2021.  https://t.co/splP9rBxAA",en,[],[],['https://pbs.twimg.com/media/FE_-z8BVEAgjAvg.jpg'],0,0,0,[],[],https://twitter.com/MercedCountyDPH/status/1463900291120697354,False,,1,https://pbs.twimg.com/media/FE_-z8BVEAgjAvg.jpg,,,,,,,[],,,,
1463885195535273994,1463885195535273994,2021-11-25 10:00:02 Eastern Standard Time,2021-11-25,10:00:02,-0500,1448387671336779778,mercedcountydph,Merced County Public Health,,"RECORDATORIO: No hay clínicas de vacunación de COVID-19 programadas para el MARTES, 23 DE NOVEIMBRE AL LUNES, 29 DE NOVIEMBRE DE 2021. Consulte el folleto para obtener más detalles. #MercedCountyPublicHealth #COVID19 #Coronavirus  https://t.co/Wl50hovPPP",es,[],[],['https://pbs.twimg.com/media/FE_-kNcVcAMM20m.png'],0,0,0,"['mercedcountypublichealth', 'covid19', 'coronavirus']",[],https://twitter.com/MercedCountyDPH/status/1463885195535273994,False,,1,https://pbs.twimg.com/media/FE_-kNcVcAMM20m.png,,,,,,,[],,,,
1463885184281972739,1463885184281972739,2021-11-25 10:00:00 Eastern Standard Time,2021-11-25,10:00:00,-0500,1448387671336779778,mercedcountydph,Merced County Public Health,,"REMINDER: No COVID-19 Vaccine Clinics are scheduled for TUESDAY, NOVEMBER 23, - MONDAY, NOVEMBER 29, 2021. See the flyer for more details.  https://t.co/AAye3Yqkgl",en,[],[],['https://pbs.twimg.com/media/FE_-eZAVgAE7AN_.png'],0,0,0,[],[],https://twitter.com/MercedCountyDPH/status/1463885184281972739,False,,1,https://pbs.twimg.com/media/FE_-eZAVgAE7AN_.png,,,,,,,[],,,,
1463570276285751299,1463570276285751299,2021-11-24 13:08:40 Eastern Standard Time,2021-11-24,13:08:40,-0500,1448387671336779778,mercedcountydph,Merced County Public Health,,"As of Tue., Nov. 23, 2021, there are 45,207 confirmed cases of COVID-19 (novel coronavirus) in Merced County. There are 795 probable active cases in Merced County, with 203 of those being pediatric cases (those under 18 years of age), and 670 have died.   https://t.co/8xrTQ9KwrU  https://t.co/rMaQ74LIpv",en,[],['https://tinyurl.com/MCDPHCOVID'],['https://pbs.twimg.com/media/FE-lHi7VcAQ-M6V.jpg'],0,0,0,[],[],https://twitter.com/MercedCountyDPH/status/1463570276285751299,False,,1,https://pbs.twimg.com/media/FE-lHi7VcAQ-M6V.jpg,,,,,,,[],,,,
1463211476332601348,1463211476332601348,2021-11-23 13:22:55 Eastern Standard Time,2021-11-23,13:22:55,-0500,1448387671336779778,mercedcountydph,Merced County Public Health,,"As of Mon., Nov. 22, 2021, there are 45,164 confirmed cases of COVID-19 (novel coronavirus) in Merced County. There are 822 probable active cases in Merced County, with 226 of those being pediatric cases (those under 18 years of age), and 666 have died.   https://t.co/8xrTQ9KwrU  https://t.co/9GKUeajrhV",en,[],['https://tinyurl.com/MCDPHCOVID'],['https://pbs.twimg.com/media/FE5e0m7VgAQvKiA.jpg'],0,0,0,[],[],https://twitter.com/MercedCountyDPH/status/1463211476332601348,False,,1,https://pbs.twimg.com/media/FE5e0m7VgAQvKiA.jpg,,,,,,,[],,,,
1462877268405932033,1462877268405932033,2021-11-22 15:14:54 Eastern Standard Time,2021-11-22,15:14:54,-0500,1448387671336779778,mercedcountydph,Merced County Public Health,,"In honor of Public Health Thank You Day, we want to thank our Public Health workforce.   We are incredibly grateful for your commitment to keeping our community safe and healthy.  Thank you for all that you do!  https://t.co/1r0bUDna56",en,[],[],['https://pbs.twimg.com/media/FE0vFQJVIAEkSxy.jpg'],0,0,2,[],[],https://twitter.com/MercedCountyDPH/status/1462877268405932033,False,,1,https://pbs.twimg.com/media/FE0vFQJVIAEkSxy.jpg,,,,,,,[],,,,
1462845309403340803,1462845309403340803,2021-11-22 13:07:54 Eastern Standard Time,2021-11-22,13:07:54,-0500,1448387671336779778,mercedcountydph,Merced County Public Health,,"As of Sun., Nov. 21, 2021, there are 45,124 confirmed cases of COVID-19 (novel coronavirus) in Merced County. There are 808 probable active cases in Merced County, with 220 of those being pediatric cases (those under 18 years of age), and 662 have died.   https://t.co/8xrTQ9KwrU  https://t.co/U1UfsslA8r",en,[],['https://tinyurl.com/MCDPHCOVID'],['https://pbs.twimg.com/media/FE0SDV8VQAAbF_S.jpg'],0,0,0,[],[],https://twitter.com/MercedCountyDPH/status/1462845309403340803,False,,1,https://pbs.twimg.com/media/FE0SDV8VQAAbF_S.jpg,,,,,,,[],,,,
1462541329305673731,1462541329305673731,2021-11-21 17:00:00 Eastern Standard Time,2021-11-21,17:00:00,-0500,1448387671336779778,mercedcountydph,Merced County Public Health,,El personal de COPE de Salud Pública sigue ofreciendo talleres gratuitos para el Manejo del Estrés y Cuidado Personal!  Para registrarse puede contactar al personal de COPE de Salud Pública usando PublicHealthCOPE@countyofmerced.com o llame al 209-381-1169 or 209-381-1165.  https://t.co/HDZoS78j2V,es,[],[],['https://pbs.twimg.com/media/FElGlOVVcAQJLua.png'],0,0,0,[],[],https://twitter.com/MercedCountyDPH/status/1462541329305673731,False,,1,https://pbs.twimg.com/media/FElGlOVVcAQJLua.png,,,,,,,[],,,,
1462511134897025031,1462511134897025031,2021-11-21 15:00:01 Eastern Standard Time,2021-11-21,15:00:01,-0500,1448387671336779778,mercedcountydph,Merced County Public Health,,Vacuna de refuerzo contra COVID-19: ¡Ahora disponibles a través de las clínicas móviles de vacunación de COVID-19 del Condado de Merced!  Consulte el folleto para obtener más información.  https://t.co/Jc7HGmpmoU,es,[],[],['https://pbs.twimg.com/media/FElGeEDVIAgHvoc.png'],0,0,0,[],[],https://twitter.com/MercedCountyDPH/status/1462511134897025031,False,,1,https://pbs.twimg.com/media/FElGeEDVIAgHvoc.png,,,,,,,[],,,,
1462511133076738048,1462511133076738048,2021-11-21 15:00:00 Eastern Standard Time,2021-11-21,15:00:00,-0500,1448387671336779778,mercedcountydph,Merced County Public Health,,COVID-19 Vaccine Boosters: Now offered through the Merced County COVID-19 Mobile Vaccination Clinics!  See flyer for more information!  https://t.co/mctg3ZjW7d,en,[],[],['https://pbs.twimg.com/media/FElGSi4VgAEVcNQ.png'],0,0,0,[],[],https://twitter.com/MercedCountyDPH/status/1462511133076738048,False,,1,https://pbs.twimg.com/media/FElGSi4VgAEVcNQ.png,,,,,,,[],,,,
1462451335098290176,1462451335098290176,2021-11-21 11:02:23 Eastern Standard Time,2021-11-21,11:02:23,-0500,1448387671336779778,mercedcountydph,Merced County Public Health,,"¡Obtenga su vacuna contra COVID-19 HOY!  También están disponibles las pruebas de COVID-19 sin costo.  FECHA: DOMINGO, 21 DE NOVIEMBRE DE 2021 HORARIO: 8:00 AM - 2:00 PM UBICACIÓN: IGLESIA DEL SAGRADO CORAZON, 9317 AMISTAD ST., PLANADA, CA 95365  https://t.co/p9PNcz48l0",es,[],[],"['https://pbs.twimg.com/media/FEurvBqVIAIJCGE.jpg', 'https://pbs.twimg.com/media/FEurvB9VEAEj3Pc.jpg', 'https://pbs.twimg.com/media/FEurvG2VcAAI9Z2.jpg']",0,0,0,[],[],https://twitter.com/MercedCountyDPH/status/1462451335098290176,False,,1,https://pbs.twimg.com/media/FEurvBqVIAIJCGE.jpg,,,,,,,[],,,,
1462304405567393797,1462304405567393797,2021-11-21 01:18:33 Eastern Standard Time,2021-11-21,01:18:33,-0500,1448387671336779778,mercedcountydph,Merced County Public Health,,"Due to the upcoming holiday, the Merced County COVID-19 Mobile Vaccination Clinic will only be available for vaccinations on Sunday, November 21 - Monday, November 22, 2021.  https://t.co/vvm3oZygrq",en,[],[],['https://pbs.twimg.com/media/FEsmG1HVUAIgsHQ.jpg'],0,0,0,[],[],https://twitter.com/MercedCountyDPH/status/1462304405567393797,False,,1,https://pbs.twimg.com/media/FEsmG1HVUAIgsHQ.jpg,,,,,,,[],,,,
1462304255679746049,1462304255679746049,2021-11-21 01:17:57 Eastern Standard Time,2021-11-21,01:17:57,-0500,1448387671336779778,mercedcountydph,Merced County Public Health,,"Debido al día de acción de gracias, la Clínica Móvil de Vacunación de COVID-19 del Condado de Merced solo estará disponible para vacunación del domingo 21 de noviembre al lunes 22 de noviembre de 2021.  https://t.co/uPSmsC0bTj",es,[],[],['https://pbs.twimg.com/media/FEsl-FZVkAAixQo.jpg'],0,0,0,[],[],https://twitter.com/MercedCountyDPH/status/1462304255679746049,False,,1,https://pbs.twimg.com/media/FEsl-FZVkAAixQo.jpg,,,,,,,[],,,,
