id,conversation_id,created_at,date,time,timezone,user_id,username,name,place,tweet,language,mentions,urls,photos,replies_count,retweets_count,likes_count,hashtags,cashtags,link,retweet,quote_url,video,thumbnail,near,geo,source,user_rt_id,user_rt,retweet_id,reply_to,retweet_date,translate,trans_src,trans_dest
1248303993392107525,1248303993392107525,2020-04-09 13:37:19 Eastern Daylight Time,2020-04-09,13:37:19,-0500,1204142407199137793,mercercountyhd,Mercer County Health Department,,"A reminder about our change in hours tomorrow, April 10, 2020.  https://t.co/CA7cHiD2k8",en,[],[],['https://pbs.twimg.com/media/EVLd3RGUwAEY2kD.jpg'],0,1,0,[],[],https://twitter.com/MercerCountyHD/status/1248303993392107525,False,,1,https://pbs.twimg.com/media/EVLd3RGUwAEY2kD.jpg,,,,,,,[],,,,
1247507331061108738,1247507331061108738,2020-04-07 08:51:39 Eastern Daylight Time,2020-04-07,08:51:39,-0500,1204142407199137793,mercercountyhd,Mercer County Health Department,,"Join us in celebrating National Public Health Week, April 6-12th, 2020!   We are continually working hard to keep Mercer County safe and healthy, and we're honored to get to share this week with all of you.  https://t.co/egnB4NfHvR",en,[],[],['https://pbs.twimg.com/media/EVAJTbSXYAIbZtH.jpg'],0,0,0,[],[],https://twitter.com/MercerCountyHD/status/1247507331061108738,False,,1,https://pbs.twimg.com/media/EVAJTbSXYAIbZtH.jpg,,,,,,,[],,,,
1240272258779820032,1240272258779820032,2020-03-18 09:42:04 Eastern Daylight Time,2020-03-18,09:42:04,-0500,1204142407199137793,mercercountyhd,Mercer County Health Department,,Here are the latest status updates on our Mercer County restaurants and food service establishments:    https://t.co/jfOMjlPica,en,[],['https://docs.google.com/spreadsheets/d/1nN3Rz7QfJ5LjGiH89bNeBUc1h38yFQz1Zp_vUAej-08/edit?usp=sharing'],[],0,0,1,[],[],https://twitter.com/MercerCountyHD/status/1240272258779820032,False,,0,,,,,,,,[],,,,
1217875257144610818,1217875257144610818,2020-01-16 13:24:22 Eastern Standard Time,2020-01-16,13:24:22,-0500,1204142407199137793,mercercountyhd,Mercer County Health Department,,"According to the CDC, KY ranks #1 in new cervical cancer cases in the US.  All women are at risk for cervical cancer.  Tell the women in your life about the importance of regular screenings and encourage them to contact a health care provider to schedule a  screening.  https://t.co/twSmsll3k4",en,[],[],['https://pbs.twimg.com/media/EObDFfwX0AA0EK9.jpg'],0,1,2,[],[],https://twitter.com/MercerCountyHD/status/1217875257144610818,False,,1,https://pbs.twimg.com/media/EObDFfwX0AA0EK9.jpg,,,,,,,[],,,,
1204459580719292418,1204459580719292418,2019-12-10 12:55:16 Eastern Standard Time,2019-12-10,12:55:16,-0500,1204142407199137793,mercercountyhd,Mercer County Health Department,,FYI  https://t.co/tez2BZZnwp,und,[],[],['https://pbs.twimg.com/media/ELcZmoHWkAM-x4s.jpg'],0,0,0,[],[],https://twitter.com/MercerCountyHD/status/1204459580719292418,False,,1,https://pbs.twimg.com/media/ELcZmoHWkAM-x4s.jpg,,,,,,,[],,,,
