id,conversation_id,created_at,date,time,timezone,user_id,username,name,place,tweet,language,mentions,urls,photos,replies_count,retweets_count,likes_count,hashtags,cashtags,link,retweet,quote_url,video,thumbnail,near,geo,source,user_rt_id,user_rt,retweet_id,reply_to,retweet_date,translate,trans_src,trans_dest
1047147664629030912,1047146248766132224,2018-10-02 11:33:52 Eastern Daylight Time,2018-10-02,11:33:52,-0500,971436314414501888,mcdphealth,Midland County Health Department,,@MichiganHHS A5 @MCDPHealth We LOVED this bulletin board and used it at our Annual Breastfeeding Awareness Walk in Midland County. #MISafeSleep,en,"[{'screen_name': 'mcdphealth', 'name': 'midland county health department', 'id': '971436314414501888'}]",[],[],1,0,1,['misafesleep'],[],https://twitter.com/MCDPHealth/status/1047147664629030912,False,,0,,,,,,,,"[{'screen_name': 'MichiganHHS', 'name': 'Michigan HHS Dept', 'id': '57338289'}]",,,,
1047147189632417794,1047143272123179012,2018-10-02 11:31:59 Eastern Daylight Time,2018-10-02,11:31:59,-0500,971436314414501888,mcdphealth,Midland County Health Department,,@MichiganHHS A3 @MCDPHealth We need to allow for more discussions on real life situations that caregivers struggle with. We realize that it's not as easy as ABC. #MISafeSleep,en,"[{'screen_name': 'mcdphealth', 'name': 'midland county health department', 'id': '971436314414501888'}]",[],[],0,0,2,['misafesleep'],[],https://twitter.com/MCDPHealth/status/1047147189632417794,False,,0,,,,,,,,"[{'screen_name': 'MichiganHHS', 'name': 'Michigan HHS Dept', 'id': '57338289'}]",,,,
1047146537678180357,1047141746503819265,2018-10-02 11:29:24 Eastern Daylight Time,2018-10-02,11:29:24,-0500,971436314414501888,mcdphealth,Midland County Health Department,,@MichiganHHS A2 @MCDPHealth We stress having all agencies and providers utilize the same Infant Safe Sleep messaging. We try to include ALL caregivers; not just parents. #MISafeSleep,en,"[{'screen_name': 'mcdphealth', 'name': 'midland county health department', 'id': '971436314414501888'}]",[],[],0,0,3,['misafesleep'],[],https://twitter.com/MCDPHealth/status/1047146537678180357,False,,0,,,,,,,,"[{'screen_name': 'MichiganHHS', 'name': 'Michigan HHS Dept', 'id': '57338289'}]",,,,
1047145884000165889,1047140208439910401,2018-10-02 11:26:48 Eastern Daylight Time,2018-10-02,11:26:48,-0500,971436314414501888,mcdphealth,Midland County Health Department,,@MichiganHHS A1 @MCDPHealth Hung Infant Safe Sleep posters throughout our county at various places of business and agencies. We posted Safe sleep messages regularly on our Facebook page. We organized an Facebook competition with a prize of a gift certificate from a local child's boutique.,en,"[{'screen_name': 'mcdphealth', 'name': 'midland county health department', 'id': '971436314414501888'}]",[],[],1,0,3,[],[],https://twitter.com/MCDPHealth/status/1047145884000165889,False,,0,,,,,,,,"[{'screen_name': 'MichiganHHS', 'name': 'Michigan HHS Dept', 'id': '57338289'}]",,,,
1047143798214725637,1047139476848500736,2018-10-02 11:18:31 Eastern Daylight Time,2018-10-02,11:18:31,-0500,971436314414501888,mcdphealth,Midland County Health Department,,@MichiganHHS The Midland County Health Department. # MISafeSleep @MCDPHealth,en,"[{'screen_name': 'mcdphealth', 'name': 'midland county health department', 'id': '971436314414501888'}]",[],[],1,0,1,[],[],https://twitter.com/MCDPHealth/status/1047143798214725637,False,,0,,,,,,,,"[{'screen_name': 'MichiganHHS', 'name': 'Michigan HHS Dept', 'id': '57338289'}]",,,,
1045338558972784641,1045338558972784641,2018-09-27 11:45:08 Eastern Daylight Time,2018-09-27,11:45:08,-0500,971436314414501888,mcdphealth,Midland County Health Department,,"For more info on symptoms of viral meningitis and how it's spread, click here:  https://t.co/zdT5wGaKHK",en,[],['https://www.cdc.gov/meningitis/viral.html'],[],0,0,0,[],[],https://twitter.com/MCDPHealth/status/1045338558972784641,False,https://twitter.com/ABC12WJRT/status/1045017663783817216,0,,,,,,,,[],,,,
1045316588713529344,1045316588713529344,2018-09-27 10:17:50 Eastern Daylight Time,2018-09-27,10:17:50,-0500,971436314414501888,mcdphealth,Midland County Health Department,,It is recommended by the CDC to get your flu shot this year before the end of October! You can come to one of our flu clinics here @MCDPHealth #FluSeason,en,"[{'screen_name': 'mcdphealth', 'name': 'midland county health department', 'id': '971436314414501888'}]",[],[],0,0,0,['fluseason'],[],https://twitter.com/MCDPHealth/status/1045316588713529344,False,https://twitter.com/WNEMTV5news/status/1045251712649449472,0,,,,,,,,[],,,,
1043190030557229056,1043190030557229056,2018-09-21 13:27:39 Eastern Daylight Time,2018-09-21,13:27:39,-0500,971436314414501888,mcdphealth,Midland County Health Department,,Breastmilk is not a biohazard. We can help caregivers care for breastfed babies. @MIBFNetwork #learnshareconnect  https://t.co/sU7lnSK15n,en,"[{'screen_name': 'mibfnetwork', 'name': 'mibfn', 'id': '97246193'}]",[],['https://pbs.twimg.com/media/DnonytkWwAEKd2L.jpg'],0,10,14,['learnshareconnect'],[],https://twitter.com/MCDPHealth/status/1043190030557229056,False,,1,https://pbs.twimg.com/media/DnonytkWwAEKd2L.jpg,,,,,,,[],,,,
1043165417374724097,1043165417374724097,2018-09-21 11:49:51 Eastern Daylight Time,2018-09-21,11:49:51,-0500,971436314414501888,mcdphealth,Midland County Health Department,,Coming together to #supportallmoms @MIBFNetwork quarterly network meeting  https://t.co/4Z6cjfBlOg,en,"[{'screen_name': 'mibfnetwork', 'name': 'mibfn', 'id': '97246193'}]",[],['https://pbs.twimg.com/media/DnoRZ2JXsAE8maU.jpg'],0,0,1,['supportallmoms'],[],https://twitter.com/MCDPHealth/status/1043165417374724097,False,,1,https://pbs.twimg.com/media/DnoRZ2JXsAE8maU.jpg,,,,,,,[],,,,
