id,conversation_id,created_at,date,time,timezone,user_id,username,name,place,tweet,language,mentions,urls,photos,replies_count,retweets_count,likes_count,hashtags,cashtags,link,retweet,quote_url,video,thumbnail,near,geo,source,user_rt_id,user_rt,retweet_id,reply_to,retweet_date,translate,trans_src,trans_dest
1456016179462488068,1456016179462488068,2021-11-03 17:51:23 Eastern Daylight Time,2021-11-03,17:51:23,-0500,1238562617334980608,countymono,Mono County Health Department,,Mono County Vaccination &amp; Resource Clinics! 🚨 COVID-19 vaccine • Booster shot • Flu shot  https://t.co/IueMCUaN5p,en,[],[],"['https://pbs.twimg.com/media/FDTO4_mUcAUdg_A.jpg', 'https://pbs.twimg.com/media/FDTO4_4UUAYq_sn.jpg']",0,0,0,[],[],https://twitter.com/CountyMono/status/1456016179462488068,False,,1,https://pbs.twimg.com/media/FDTO4_mUcAUdg_A.jpg,,,,,,,[],,,,
1449128324094066689,1449128324094066689,2021-10-15 17:41:30 Eastern Daylight Time,2021-10-15,17:41:30,-0500,1238562617334980608,countymono,Mono County Health Department,,Anticipated pipeline of vaccine approvals.  https://t.co/pjX4DHAvTP,en,[],[],['https://pbs.twimg.com/media/FBxWh_pVkAESoD-.jpg'],0,0,1,[],[],https://twitter.com/CountyMono/status/1449128324094066689,False,,1,https://pbs.twimg.com/media/FBxWh_pVkAESoD-.jpg,,,,,,,[],,,,
1442522035964366848,1442522035964366848,2021-09-27 12:10:28 Eastern Daylight Time,2021-09-27,12:10:28,-0500,1238562617334980608,countymono,Mono County Health Department,,Flu and COVID vaccine clinic today from 2-4pm at the Wheeler Crest Fire Station! ❤️  Flu and Covid Vaccination available at each clinic. Both vaccines can be given at the same time.  https://t.co/YDV58cyqMu,en,[],[],['https://pbs.twimg.com/media/FATeJW9VcAAoyYY.jpg'],1,0,0,[],[],https://twitter.com/CountyMono/status/1442522035964366848,False,,1,https://pbs.twimg.com/media/FATeJW9VcAAoyYY.jpg,,,,,,,[],,,,
1441189221511819267,1441189221511819267,2021-09-23 19:54:21 Eastern Daylight Time,2021-09-23,19:54:21,-0500,1238562617334980608,countymono,Mono County Health Department,,"Usted trabaja duro para criar una familia saludable, deje que WIC le ayude. WIC es un programa de nutrición para mujeres, bebes y niños. 760-924-4610  https://t.co/p8V36AqYhc",es,[],[],['https://pbs.twimg.com/media/FAAh9UYVIAEj9lw.jpg'],0,0,0,[],[],https://twitter.com/CountyMono/status/1441189221511819267,False,,1,https://pbs.twimg.com/media/FAAh9UYVIAEj9lw.jpg,,,,,,,[],,,,
1440338758478417936,1440338758478417936,2021-09-21 11:34:54 Eastern Daylight Time,2021-09-21,11:34:54,-0500,1238562617334980608,countymono,Mono County Health Department,,MONO COUNTY PUBLIC HEALTH 2021 FLU/COVID CLINIC SCHEDULE! ❤️  Flu and Covid Vaccination available at each clinic. Both vaccines can be given at the same time.  https://t.co/yFpGczfVcK,en,[],[],['https://pbs.twimg.com/media/E_0cd5bVgAMtM4D.jpg'],1,0,0,[],[],https://twitter.com/CountyMono/status/1440338758478417936,False,,1,https://pbs.twimg.com/media/E_0cd5bVgAMtM4D.jpg,,,,,,,[],,,,
1439972484535652354,1439972484535652354,2021-09-20 11:19:28 Eastern Daylight Time,2021-09-20,11:19:28,-0500,1238562617334980608,countymono,Mono County Health Department,,MONO COUNTY ISSUES TEMPORARY SCHOOL CLOSURE ORDER FOR MAMMOTH MIDDLE SCHOOL AND MAMMOTH HIGH SCHOOL.  https://t.co/0fvyysdTUv,en,[],[],"['https://pbs.twimg.com/media/E_vPV48VcAYYIIS.jpg', 'https://pbs.twimg.com/media/E_vPV4_VIAIEW7h.jpg']",0,0,0,[],[],https://twitter.com/CountyMono/status/1439972484535652354,False,,1,https://pbs.twimg.com/media/E_vPV48VcAYYIIS.jpg,,,,,,,[],,,,
1427359534566166530,1427359534566166530,2021-08-16 16:00:06 Eastern Daylight Time,2021-08-16,16:00:06,-0500,1238562617334980608,countymono,Mono County Health Department,,Full Vaccination Schedule:  https://t.co/9DTSFTPdZy  Full Testing Schedule:  https://t.co/4PnISBvfjx  https://t.co/B1janDaVt9,en,[],"['https://coronavirus.monocounty.ca.gov/pages/vaccinations', 'https://coronavirus.monocounty.ca.gov/pages/health']",['https://pbs.twimg.com/media/E87_7nWVUBs7sfo.jpg'],0,0,0,[],[],https://twitter.com/CountyMono/status/1427359534566166530,False,,1,https://pbs.twimg.com/media/E87_7nWVUBs7sfo.jpg,,,,,,,[],,,,
1424876323562954755,1424876323562954755,2021-08-09 19:32:43 Eastern Daylight Time,2021-08-09,19:32:43,-0500,1238562617334980608,countymono,Mono County Health Department,, https://t.co/5Zi8djPLJg,und,[],[],"['https://pbs.twimg.com/media/E8YtdszVEAAXUSc.jpg', 'https://pbs.twimg.com/media/E8YtdsuVIAIP0kv.jpg', 'https://pbs.twimg.com/media/E8YtdsxVkAALA0X.jpg']",0,0,0,[],[],https://twitter.com/CountyMono/status/1424876323562954755,False,,1,https://pbs.twimg.com/media/E8YtdszVEAAXUSc.jpg,,,,,,,[],,,,
1424452026851725312,1424452026851725312,2021-08-08 15:26:42 Eastern Daylight Time,2021-08-08,15:26:42,-0500,1238562617334980608,countymono,Mono County Health Department,,"HAPPENING NOW! POP-UP COVID-19 VACCINE AND TESTING CLINIC  Mono County Public Health will be hosting a pop-up walk-in COVID-19 vaccine and testing clinic in Bridgeport on Sunday, August 8th from 11am - 2pm.  🔹 08/08: Bridgeport Clinic 11am - 2pm -  Bridgeport Inn (205 Main St.)  https://t.co/KziTLYG3Q3",en,[],[],['https://pbs.twimg.com/media/E8SrkVuUYAMvLFy.jpg'],0,0,0,[],[],https://twitter.com/CountyMono/status/1424452026851725312,False,,1,https://pbs.twimg.com/media/E8SrkVuUYAMvLFy.jpg,,,,,,,[],,,,
1422609392189517832,1422609392189517832,2021-08-03 13:24:44 Eastern Daylight Time,2021-08-03,13:24:44,-0500,1238562617334980608,countymono,Mono County Health Department,,EL CONDADO DE MONO ORDENA USO DE MASCARILLAS EN INTERIORES SIGUIENDO EL AUMENTO EN CASOS LOCALES DE COVID-19   Se le urge a los residentes y visitantes no vacunados hacer citas de vacunación para combatir la altamente transmisible variante delta  https://t.co/4c4VJ07rhf,es,[],[],"['https://pbs.twimg.com/media/E74fswQVIAM2udD.jpg', 'https://pbs.twimg.com/media/E74fswSVoAQHYVY.jpg']",0,0,0,[],[],https://twitter.com/CountyMono/status/1422609392189517832,False,,1,https://pbs.twimg.com/media/E74fswQVIAM2udD.jpg,,,,,,,[],,,,
1422582583137771525,1422582583137771525,2021-08-03 11:38:12 Eastern Daylight Time,2021-08-03,11:38:12,-0500,1238562617334980608,countymono,Mono County Health Department,,MONO COUNTY ISSUES INDOOR MASK ORDER FOLLOWING INCREASE IN LOCAL COVID-19 CASES.  https://t.co/L2WINMimmC,en,[],[],"['https://pbs.twimg.com/media/E74HULPVgAAjY1U.jpg', 'https://pbs.twimg.com/media/E74HULRVIAUS2TN.jpg']",0,0,0,[],[],https://twitter.com/CountyMono/status/1422582583137771525,False,,1,https://pbs.twimg.com/media/E74HULPVgAAjY1U.jpg,,,,,,,[],,,,
1421142400177610763,1421142400177610763,2021-07-30 12:15:26 Eastern Daylight Time,2021-07-30,12:15:26,-0500,1238562617334980608,countymono,Mono County Health Department,,"Given recent developments with COVID-19 (Coronavirus) pandemic within the state and county, we will be hosting a COVID-19 Community Conversation on Thursday, August 5th at 5:30PM.  Please mark your calendar, and share this event with your network.  https://t.co/z6x921aB4D",en,[],[],['https://pbs.twimg.com/media/E7jpevSVUAALzrT.jpg'],0,0,0,[],[],https://twitter.com/CountyMono/status/1421142400177610763,False,,1,https://pbs.twimg.com/media/E7jpevSVUAALzrT.jpg,,,,,,,[],,,,
1421135320297271298,1421135320297271298,2021-07-30 11:47:18 Eastern Daylight Time,2021-07-30,11:47:18,-0500,1238562617334980608,countymono,Mono County Health Department,,"In response to increased demand, Mono County Public Health will be hosting a pop-up walk-in COVID-19 vaccine and testing clinic in Bridgeport on Wednesday, August 4th from 10am - 11am.  🔹 08/04: Bridgeport Clinic 10am - 11am -  Bridgeport Memorial Hall (73 N. School Street)  https://t.co/knqzEf8LaW",en,[],[],['https://pbs.twimg.com/media/E7jjCnTUcAEBWaE.jpg'],0,0,0,[],[],https://twitter.com/CountyMono/status/1421135320297271298,False,,1,https://pbs.twimg.com/media/E7jjCnTUcAEBWaE.jpg,,,,,,,[],,,,
1420523489606258689,1420523489606258689,2021-07-28 19:16:06 Eastern Daylight Time,2021-07-28,19:16:06,-0500,1238562617334980608,countymono,Mono County Health Department,, https://t.co/BQdz55y7mU,und,[],[],"['https://pbs.twimg.com/media/E7a2hJnVIAUYW1s.jpg', 'https://pbs.twimg.com/media/E7a2hJnUUAEuL5W.jpg', 'https://pbs.twimg.com/media/E7a2hJoVUAAiJH7.jpg']",0,1,0,[],[],https://twitter.com/CountyMono/status/1420523489606258689,False,,1,https://pbs.twimg.com/media/E7a2hJnVIAUYW1s.jpg,,,,,,,[],,,,
1415741330869735425,1415741330869735425,2021-07-15 14:33:31 Eastern Daylight Time,2021-07-15,14:33:31,-0500,1238562617334980608,countymono,Mono County Health Department,,MONO COUNTY COVID-19 CASES INCREASE FOLLOWING STATEWIDE REOPENING  https://t.co/er2xbbdjVA,en,[],[],['https://pbs.twimg.com/media/E6W5O-IVgAEe3Iu.jpg'],1,0,0,[],[],https://twitter.com/CountyMono/status/1415741330869735425,False,,1,https://pbs.twimg.com/media/E6W5O-IVgAEe3Iu.jpg,,,,,,,[],,,,
1405654230560501760,1405654230560501760,2021-06-17 18:30:59 Eastern Daylight Time,2021-06-17,18:30:59,-0500,1238562617334980608,countymono,Mono County Health Department,,Boletín De COVID 👉  https://t.co/fgHziwmri7  https://t.co/P3sYBScOvG,es,[],['https://coronavirus.espanol.monocounty.ca.gov/pages/espanol'],"['https://pbs.twimg.com/media/E4HjEY-VkAE7eY8.jpg', 'https://pbs.twimg.com/media/E4HjEY7VIAEkJ-R.jpg', 'https://pbs.twimg.com/media/E4HjEY-VUAAdM5C.jpg', 'https://pbs.twimg.com/media/E4HjEY9UYAMcw_-.jpg']",0,0,0,[],[],https://twitter.com/CountyMono/status/1405654230560501760,False,,1,https://pbs.twimg.com/media/E4HjEY-VkAE7eY8.jpg,,,,,,,[],,,,
1405653542879195136,1405653542879195136,2021-06-17 18:28:15 Eastern Daylight Time,2021-06-17,18:28:15,-0500,1238562617334980608,countymono,Mono County Health Department,,"Mono County COVID Newsletter June 17, 2021 👉  https://t.co/YcwjKK87Ej  https://t.co/QYTn8SP0Nk",en,[],['https://coronavirus.monocounty.ca.gov/pages/briefing'],"['https://pbs.twimg.com/media/E4HicY4VEAUgAP0.jpg', 'https://pbs.twimg.com/media/E4HicY5VgAM03aU.jpg', 'https://pbs.twimg.com/media/E4HicY5VcAEUbpN.jpg', 'https://pbs.twimg.com/media/E4HicY5VUAAlr6Z.jpg']",0,0,0,[],[],https://twitter.com/CountyMono/status/1405653542879195136,False,,1,https://pbs.twimg.com/media/E4HicY4VEAUgAP0.jpg,,,,,,,[],,,,
1404907984182857730,1404907984182857730,2021-06-15 17:05:40 Eastern Daylight Time,2021-06-15,17:05:40,-0500,1238562617334980608,countymono,Mono County Health Department,,"CALIFORNIA SE MUEVE ""MÁS ALLÁ DEL PLAN"" - LO QUE ESTA REAPERTURA SIGNIFICA PARA EL CONDADO DE MONO. 2/2  https://t.co/vhcKpflotV",es,[],[],"['https://pbs.twimg.com/media/E388O0CVcAAVh2P.jpg', 'https://pbs.twimg.com/media/E388O0GVUAELK7Z.jpg', 'https://pbs.twimg.com/media/E388O0QVcAIh06Y.jpg']",0,0,0,[],[],https://twitter.com/CountyMono/status/1404907984182857730,False,,1,https://pbs.twimg.com/media/E388O0CVcAAVh2P.jpg,,,,,,,[],,,,
1404907787369336834,1404907787369336834,2021-06-15 17:04:53 Eastern Daylight Time,2021-06-15,17:04:53,-0500,1238562617334980608,countymono,Mono County Health Department,,"CALIFORNIA SE MUEVE ""MÁS ALLÁ DEL PLAN"" - LO QUE ESTA REAPERTURA SIGNIFICA PARA EL CONDADO DE MONO. 1/2  https://t.co/WUkizOIkFx",es,[],[],"['https://pbs.twimg.com/media/E388L3uVUAQcv98.jpg', 'https://pbs.twimg.com/media/E388L3uVoAAKDzp.jpg', 'https://pbs.twimg.com/media/E388L3uVEAEz-KH.jpg', 'https://pbs.twimg.com/media/E388L3uVUAIzKTJ.jpg']",0,0,0,[],[],https://twitter.com/CountyMono/status/1404907787369336834,False,,1,https://pbs.twimg.com/media/E388L3uVUAQcv98.jpg,,,,,,,[],,,,
1404850340743180293,1404850340743180293,2021-06-15 13:16:36 Eastern Daylight Time,2021-06-15,13:16:36,-0500,1238562617334980608,countymono,Mono County Health Department,,CALIFORNIA MOVES “BEYOND THE BLUEPRINT” - WHAT THIS REOPENING MEANS FOR MONO COUNTY. 2/2  https://t.co/SNTBnD2R9k,en,[],[],['https://pbs.twimg.com/media/E38H8E8UYAAjjEv.jpg'],1,0,0,[],[],https://twitter.com/CountyMono/status/1404850340743180293,False,,1,https://pbs.twimg.com/media/E38H8E8UYAAjjEv.jpg,,,,,,,[],,,,
