id,conversation_id,created_at,date,time,timezone,user_id,username,name,place,tweet,language,mentions,urls,photos,replies_count,retweets_count,likes_count,hashtags,cashtags,link,retweet,quote_url,video,thumbnail,near,geo,source,user_rt_id,user_rt,retweet_id,reply_to,retweet_date,translate,trans_src,trans_dest
808361040626880512,808361040626880512,2016-12-12 12:21:05 Eastern Standard Time,2016-12-12,12:21:05,-0500,289086360,montezumahealth,MtzCtyPublicHealth,,Two documented cases of flu in Mtz County. Our walk-in flu clinics are open for 2 more Tuesdays: Dec 13 &amp; Dec 20. Open 9:30-10:30 only!,en,[],[],[],0,0,0,[],[],https://twitter.com/MontezumaHealth/status/808361040626880512,False,,0,,,,,,,,[],,,,
785524347008012288,785524347008012288,2016-10-10 12:56:13 Eastern Daylight Time,2016-10-10,12:56:13,-0500,289086360,montezumahealth,MtzCtyPublicHealth,,Oops! Put the wrong phone number for our flu clinics. It's 970-565-3056.  We're booked for several weeks on flu shot appointments; call now!,en,[],[],[],0,0,1,[],[],https://twitter.com/MontezumaHealth/status/785524347008012288,False,,0,,,,,,,,[],,,,
785509676024668160,785509676024668160,2016-10-10 11:57:55 Eastern Daylight Time,2016-10-10,11:57:55,-0500,289086360,montezumahealth,MtzCtyPublicHealth,,"MCPHD has flu shots for kids and adults! Walk in clinics are Tuesday from 9:30-1:30, or call us at 970-565-3056 for a Monday clinic appt.",en,[],[],[],0,0,0,[],[],https://twitter.com/MontezumaHealth/status/785509676024668160,False,,0,,,,,,,,[],,,,
771739560686387201,771739560686387201,2016-09-02 12:00:24 Eastern Daylight Time,2016-09-02,12:00:24,-0500,289086360,montezumahealth,MtzCtyPublicHealth,,Emergency preparedness supplies calculator  https://t.co/3QGbF9u44g,en,[],['https://www.colorado.gov/pacific/cdphe/emergency-preparedness-supplies-calculator'],[],0,0,0,[],[],https://twitter.com/MontezumaHealth/status/771739560686387201,False,,0,,,,,,,,[],,,,
766321725810184192,766321725810184192,2016-08-18 13:11:51 Eastern Daylight Time,2016-08-18,13:11:51,-0500,289086360,montezumahealth,MtzCtyPublicHealth,,"#FDA bans sale of  #ecigarettes to minors starting Monday, August 8th.  https://t.co/3wikSv8jap",en,[],['http://cbsn.ws/25XH8mg'],[],0,0,0,"['fda', 'ecigarettes']",[],https://twitter.com/MontezumaHealth/status/766321725810184192,False,,0,,,,,,,,[],,,,
766285801344733185,766285801344733185,2016-08-18 10:49:06 Eastern Daylight Time,2016-08-18,10:49:06,-0500,289086360,montezumahealth,MtzCtyPublicHealth,,Are your kids behind on #backtoschool #vaccinations? Call now for an appt. We're booked 5 weeks out. 970-565-3056.,en,[],[],[],0,0,0,"['backtoschool', 'vaccinations']",[],https://twitter.com/MontezumaHealth/status/766285801344733185,False,,0,,,,,,,,[],,,,
765975683633819648,765965168920506369,2016-08-17 14:16:48 Eastern Daylight Time,2016-08-17,14:16:48,-0500,289086360,montezumahealth,MtzCtyPublicHealth,,@Dolocnty1 @montezumacoepr  Agreed. Maybe an intermediate class in the near future!,en,[],[],[],0,0,1,[],[],https://twitter.com/MontezumaHealth/status/765975683633819648,False,,0,,,,,,,,"[{'screen_name': 'Dolocnty1', 'name': 'Margret Daves', 'id': '765953664347439104'}, {'screen_name': 'montezumacoepr', 'name': 'Karen Dickson', 'id': '3071871397'}]",,,,
765965228655808512,765965228655808512,2016-08-17 13:35:16 Eastern Daylight Time,2016-08-17,13:35:16,-0500,289086360,montezumahealth,MtzCtyPublicHealth,,I can't believe I have @GunnyH2005 taking a Twitter class!,en,"[{'screen_name': 'gunnyh2005', 'name': 'paul_hollar', 'id': '765952901156052992'}]",[],[],0,0,2,[],[],https://twitter.com/MontezumaHealth/status/765965228655808512,False,,0,,,,,,,,[],,,,
765963439260901377,765963439260901377,2016-08-17 13:28:09 Eastern Daylight Time,2016-08-17,13:28:09,-0500,289086360,montezumahealth,MtzCtyPublicHealth,,Confusion comes so quickly with social media. #brainfreeze  https://t.co/eHnfP50sYY,en,[],['https://twitter.com/MontezumaHealth/status/765961098725949440'],[],0,0,0,['brainfreeze'],[],https://twitter.com/MontezumaHealth/status/765963439260901377,False,https://twitter.com/MontezumaHealth/status/765961098725949440,0,,,,,,,,[],,,,
765961098725949440,765961098725949440,2016-08-17 13:18:51 Eastern Daylight Time,2016-08-17,13:18:51,-0500,289086360,montezumahealth,MtzCtyPublicHealth,,#mctwitterclass is teaching us about using Twitter more effectively. We need lots of help!,en,[],[],[],0,0,4,['mctwitterclass'],[],https://twitter.com/MontezumaHealth/status/765961098725949440,False,,0,,,,,,,,[],,,,
765955932874420224,765955932874420224,2016-08-17 12:58:19 Eastern Daylight Time,2016-08-17,12:58:19,-0500,289086360,montezumahealth,MtzCtyPublicHealth,,Learning #Twitter is hard. Taking yet another class on how to keep up with this kind of social media. Thanks @nyquistify !,en,"[{'screen_name': 'nyquistify', 'name': 'lindsay nyquist', 'id': '300466005'}]",[],[],0,0,0,['twitter'],[],https://twitter.com/MontezumaHealth/status/765955932874420224,False,,0,,,,,,,,[],,,,
606161523774398465,606161523774398465,2015-06-03 14:12:23 Eastern Daylight Time,2015-06-03,14:12:23,-0500,289086360,montezumahealth,MtzCtyPublicHealth,,Free hanta virus cleanup kits at MCPHD while supplies last!  http://t.co/7NL5mbaagv,en,[],[],['https://pbs.twimg.com/media/CGmErlFUYAAa_Mp.jpg'],0,0,0,[],[],https://twitter.com/MontezumaHealth/status/606161523774398465,False,,1,https://pbs.twimg.com/media/CGmErlFUYAAa_Mp.jpg,,,,,,,[],,,,
593803476024438785,593803476024438785,2015-04-30 11:45:55 Eastern Daylight Time,2015-04-30,11:45:55,-0500,289086360,montezumahealth,MtzCtyPublicHealth,,Recall of local Navajo Pride flour.  http://t.co/j2WboX0YzY,en,[],['http://www.fda.gov/Safety/Recalls/ucm445036.htm?source=govdelivery&utm_medium=email&utm_source=govdelivery'],[],0,1,0,[],[],https://twitter.com/MontezumaHealth/status/593803476024438785,False,,0,,,,,,,,[],,,,
588709523793182720,588709523793182720,2015-04-16 10:24:22 Eastern Daylight Time,2015-04-16,10:24:22,-0500,289086360,montezumahealth,MtzCtyPublicHealth,,There are TWO National Stress Awareness Days - today is one of them. What do you do to relieve stress? (The other is Nov. 5),en,[],[],[],0,0,0,[],[],https://twitter.com/MontezumaHealth/status/588709523793182720,False,,0,,,,,,,,[],,,,
587980283669954561,587980283669954561,2015-04-14 10:06:38 Eastern Daylight Time,2015-04-14,10:06:38,-0500,289086360,montezumahealth,MtzCtyPublicHealth,,"It's a RED FLAG WARNING in SW Colorado today! High winds, low humidity. NO BURNING! #COFire",en,[],[],[],0,0,0,['cofire'],[],https://twitter.com/MontezumaHealth/status/587980283669954561,False,,0,,,,,,,,[],,,,
587635237414285312,587635237414285312,2015-04-13 11:15:32 Eastern Daylight Time,2015-04-13,11:15:32,-0500,289086360,montezumahealth,MtzCtyPublicHealth,,A La Plata County resident has died from #hantavirus. Take precautions where there are mice.   http://t.co/eclCdVhoIz,en,[],['http://1.usa.gov/1CP6iTd'],[],0,0,0,['hantavirus'],[],https://twitter.com/MontezumaHealth/status/587635237414285312,False,,0,,,,,,,,[],,,,
586678243303886848,586678243303886848,2015-04-10 19:52:47 Eastern Daylight Time,2015-04-10,19:52:47,-0500,289086360,montezumahealth,MtzCtyPublicHealth,,Taking a walk in Disappointment Valley.  https://t.co/fjPIjLt82y,en,[],['https://instagram.com/p/1UEPa3RPCY/'],[],0,0,0,[],[],https://twitter.com/MontezumaHealth/status/586678243303886848,False,,0,,,,,,,,[],,,,
586570900616585216,586570900616585216,2015-04-10 12:46:15 Eastern Daylight Time,2015-04-10,12:46:15,-0500,289086360,montezumahealth,MtzCtyPublicHealth,,It's #GoBlue day and we wore our t-shirts! April is #ChildAbusePreventionMonth #MCPHD  http://t.co/DB2DsP4WZE,en,[],[],['https://pbs.twimg.com/media/CCPrIBKUgAAHSFH.jpg'],0,0,0,"['goblue', 'childabusepreventionmonth', 'mcphd']",[],https://twitter.com/MontezumaHealth/status/586570900616585216,False,,1,https://pbs.twimg.com/media/CCPrIBKUgAAHSFH.jpg,,,,,,,[],,,,
586161868860825602,586161868860825602,2015-04-09 09:40:54 Eastern Daylight Time,2015-04-09,09:40:54,-0500,289086360,montezumahealth,MtzCtyPublicHealth,,Sabra Dipping Company Issues Nationwide Voluntary Recall of Select SKUs of Its Classic Hummus  http://t.co/UAsr2jWkOU,en,[],['http://www.fda.gov/Safety/Recalls/ucm441863.htm?source=govdelivery&utm_medium=email&utm_source=govdelivery#.VSaBGUOTFNk.twitter'],[],0,0,0,[],[],https://twitter.com/MontezumaHealth/status/586161868860825602,False,,0,,,,,,,,[],,,,
583730238837760000,583730238837760000,2015-04-02 16:38:28 Eastern Daylight Time,2015-04-02,16:38:28,-0500,289086360,montezumahealth,MtzCtyPublicHealth,,Ebola test is negative for patient at Medical Center of the Rockies  https://t.co/9do4xXDw5j,en,[],['https://www.colorado.gov/pacific/cdphe/news/ebola-test-negative'],[],0,0,0,[],[],https://twitter.com/MontezumaHealth/status/583730238837760000,False,,0,,,,,,,,[],,,,
