id,conversation_id,created_at,date,time,timezone,user_id,username,name,place,tweet,language,mentions,urls,photos,replies_count,retweets_count,likes_count,hashtags,cashtags,link,retweet,quote_url,video,thumbnail,near,geo,source,user_rt_id,user_rt,retweet_id,reply_to,retweet_date,translate,trans_src,trans_dest
1465452558995107850,1465452558995107850,2021-11-29 17:48:11 Eastern Standard Time,2021-11-29,17:48:11,-0500,1239576131285716992,montco_ph,Montgomery County Public Health,,"The emergence of the Omicron variant further emphasizes the importance of vaccination, boosters, and other prevention efforts. Vaccines are our best tool to avoid serious illness &amp; hospitalization.   Learn more:  https://t.co/RvWCzKYTP3.  https://t.co/T7jw15Ky8Z",en,[],['https://bit.ly/3mrK4Z5'],['https://pbs.twimg.com/media/FFZVVZlXsAEj-sI.jpg'],1,4,6,[],[],https://twitter.com/MontCo_PH/status/1465452558995107850,False,,1,https://pbs.twimg.com/media/FFZVVZlXsAEj-sI.jpg,,,,,,,[],,,,
1463884784451653636,1463884784451653636,2021-11-25 09:58:24 Eastern Standard Time,2021-11-25,09:58:24,-0500,1239576131285716992,montco_ph,Montgomery County Public Health,, https://t.co/16kbciJkwo,und,[],[],['https://pbs.twimg.com/media/FFDDY--XEAAEAU_.jpg'],0,0,4,[],[],https://twitter.com/MontCo_PH/status/1463884784451653636,False,,1,https://pbs.twimg.com/media/FFDDY--XEAAEAU_.jpg,,,,,,,[],,,,
1463649802684616709,1463649802684616709,2021-11-24 18:24:40 Eastern Standard Time,2021-11-24,18:24:40,-0500,1239576131285716992,montco_ph,Montgomery County Public Health,,"The Testing Positivity Rate for Montgomery County has decreased to 4%. Source: UT Health, School of Public Health",en,[],[],[],0,0,5,[],[],https://twitter.com/MontCo_PH/status/1463649802684616709,False,,0,,,,,,,,[],,,,
1463649744463577099,1463649744463577099,2021-11-24 18:24:27 Eastern Standard Time,2021-11-24,18:24:27,-0500,1239576131285716992,montco_ph,Montgomery County Public Health,,We continue to encourage those who have not been vaccinated for COVID-19 to do so. People 5 years of age and above are eligible for the Pfizer vaccine. Booster shots are also available. You can find more information on vaccines here:  https://t.co/lN3HZLciTN.,en,[],['https://www.cdc.gov/coronavirus/2019-ncov/vaccines/keythingstoknow.html?s_cid=10493:cdc%20covid%20vaccine:sem.ga:p:RG:GM:gen:PTN:FY21'],[],0,1,2,[],[],https://twitter.com/MontCo_PH/status/1463649744463577099,False,,0,,,,,,,,[],,,,
1463649534077288457,1463649532214923271,2021-11-24 18:23:36 Eastern Standard Time,2021-11-24,18:23:36,-0500,1239576131285716992,montco_ph,Montgomery County Public Health,, https://t.co/48Q2F6ocVR,und,[],['https://www.arcgis.com/apps/dashboards/45e18cba105c478697c76acbbf86a6bc'],[],0,0,1,[],[],https://twitter.com/MontCo_PH/status/1463649534077288457,False,,0,,,,,,,,[],,,,
1463649532214923271,1463649532214923271,2021-11-24 18:23:36 Eastern Standard Time,2021-11-24,18:23:36,-0500,1239576131285716992,montco_ph,Montgomery County Public Health,, https://t.co/78tA3WN1dW,und,[],[],['https://pbs.twimg.com/media/FE_tfQAXwAYZ6O3.jpg'],1,0,2,[],[],https://twitter.com/MontCo_PH/status/1463649532214923271,False,,1,https://pbs.twimg.com/media/FE_tfQAXwAYZ6O3.jpg,,,,,,,[],,,,
1463648728682835976,1463648728682835976,2021-11-24 18:20:24 Eastern Standard Time,2021-11-24,18:20:24,-0500,1239576131285716992,montco_ph,Montgomery County Public Health,, https://t.co/ndODKRM8b3,und,[],[],"['https://pbs.twimg.com/media/FE_swqzWYAEszv5.jpg', 'https://pbs.twimg.com/media/FE_swqyX0AQA4qi.jpg']",0,0,1,[],[],https://twitter.com/MontCo_PH/status/1463648728682835976,False,,1,https://pbs.twimg.com/media/FE_swqzWYAEszv5.jpg,,,,,,,[],,,,
