id,conversation_id,created_at,date,time,timezone,user_id,username,name,place,tweet,language,mentions,urls,photos,replies_count,retweets_count,likes_count,hashtags,cashtags,link,retweet,quote_url,video,thumbnail,near,geo,source,user_rt_id,user_rt,retweet_id,reply_to,retweet_date,translate,trans_src,trans_dest
1465723591295705091,1465723591295705091,2021-11-30 11:45:10 Eastern Standard Time,2021-11-30,11:45:10,-0500,1093058394,publichealthoc,Public Health Oakland,,"Immunization records for Michigan adults can now be located online and either downloaded, saved or printed.  https://t.co/auPCuRnVqA  https://t.co/SpgMohUWwS",en,[],['https://bit.ly/3yfsVo3'],['https://pbs.twimg.com/media/FFdL1B5X0AUxUqh.jpg'],0,0,1,[],[],https://twitter.com/publichealthOC/status/1465723591295705091,False,,1,https://pbs.twimg.com/media/FFdL1B5X0AUxUqh.jpg,,,,,,,[],,,,
1465697555140939778,1465697555140939778,2021-11-30 10:01:43 Eastern Standard Time,2021-11-30,10:01:43,-0500,1093058394,publichealthoc,Public Health Oakland,,Rub your hands together with soap and warm water for at least 20 seconds when washing your hands. Don't forget to scrub your wrists &amp; between your fingers.  https://t.co/kCZmif3RK1  https://t.co/hiwHV3ABcd,en,[],['https://bit.ly/3cmGXcO'],['https://pbs.twimg.com/media/FFc0KMsVkAUhlDf.jpg'],0,1,2,[],[],https://twitter.com/publichealthOC/status/1465697555140939778,False,,1,https://pbs.twimg.com/media/FFc0KMsVkAUhlDf.jpg,,,,,,,[],,,,
1465686964007575556,1465686964007575556,2021-11-30 09:19:38 Eastern Standard Time,2021-11-30,09:19:38,-0500,1093058394,publichealthoc,Public Health Oakland,,"NEWS RELEASE: COVID-19 Omicron variant illustrates importance of getting vaccinated, including booster doses, wearing masks, other mitigation strategies.  Read the full press release:  https://t.co/FbBg6lrcRO",en,[],['https://bit.ly/3d1DjHx'],[],0,0,1,[],[],https://twitter.com/publichealthOC/status/1465686964007575556,False,,0,,,,,,,,[],,,,
1465667297419436033,1465667297419436033,2021-11-30 08:01:29 Eastern Standard Time,2021-11-30,08:01:29,-0500,1093058394,publichealthoc,Public Health Oakland,,Dizziness or overwhelming tiredness during or after giving birth can be a warning sign of something more serious. Seek medical care right away.  https://t.co/SXcmO83Oqs @CDCgov  https://t.co/r03PMF85vL,en,"[{'screen_name': 'cdcgov', 'name': 'cdc', 'id': '146569971'}]",['https://bit.ly/3kdXnZI'],['https://pbs.twimg.com/media/FFcYo2aXMBQQwiJ.jpg'],0,0,1,[],[],https://twitter.com/publichealthOC/status/1465667297419436033,False,,1,https://pbs.twimg.com/media/FFcYo2aXMBQQwiJ.jpg,,,,,,,[],,,,
1465444218105643021,1465444218105643021,2021-11-29 17:15:02 Eastern Standard Time,2021-11-29,17:15:02,-0500,1093058394,publichealthoc,Public Health Oakland,,It can take up to 10 times longer to stop in snowy or icy weather. Driving slow on snowy and icy roads allows the driver a longer reaction time. @NOAA  https://t.co/ECMN3ylxzJ,en,"[{'screen_name': 'noaa', 'name': 'noaa', 'id': '14342564'}]",[],['https://pbs.twimg.com/media/FFZNwCIWUAYhQGn.jpg'],0,0,2,[],[],https://twitter.com/publichealthOC/status/1465444218105643021,False,,1,https://pbs.twimg.com/media/FFZNwCIWUAYhQGn.jpg,,,,,,,[],,,,
1465414031418793985,1465414031418793985,2021-11-29 15:15:05 Eastern Standard Time,2021-11-29,15:15:05,-0500,1093058394,publichealthoc,Public Health Oakland,,#DYK smoking can cause diabetes?  Read what the Surgeon General had to say about smoking and diabetes here  https://t.co/XVAtqFiAdI  https://t.co/Diy6jlKNZ4,en,[],['https://bit.ly/3l2wICf'],['https://pbs.twimg.com/media/FFYyS4wXEAMDnZM.jpg'],0,0,1,['dyk'],[],https://twitter.com/publichealthOC/status/1465414031418793985,False,,1,https://pbs.twimg.com/media/FFYyS4wXEAMDnZM.jpg,,,,,,,[],,,,
1465383023894044682,1465382614064320512,2021-11-29 13:11:53 Eastern Standard Time,2021-11-29,13:11:53,-0500,1093058394,publichealthoc,Public Health Oakland,,None of these clinics work for your schedule? Visit  https://t.co/PoWXqRpF2v for more options.,en,[],['http://oaklandcountyvaccine.com'],[],0,0,0,[],[],https://twitter.com/publichealthOC/status/1465383023894044682,False,,0,,,,,,,,[],,,,
1465383000024260609,1465382614064320512,2021-11-29 13:11:47 Eastern Standard Time,2021-11-29,13:11:47,-0500,1093058394,publichealthoc,Public Health Oakland,,"Friday, Dec. 3 ✔ Walled Lake Central High School (Commerce Charter Twp), 4-7:30 p.m.  Saturday, Dec. 4 ✔ Troy High School, 9 a.m.-4 p.m.  Sunday, Dec. 5 ✔ Rochester High School, 9 a.m.-4 p.m.",en,[],[],[],1,0,0,[],[],https://twitter.com/publichealthOC/status/1465383000024260609,False,,0,,,,,,,,[],,,,
1465382855979249670,1465382614064320512,2021-11-29 13:11:13 Eastern Standard Time,2021-11-29,13:11:13,-0500,1093058394,publichealthoc,Public Health Oakland,,"Monday, Nov. 29 ✔ Waterford Oaks Activity Center (Waterford), 2-6 p.m. ✔ Hazel Park High School, 4-7:30 p.m.  Tuesday, Nov. 30 ✔ Southfield High School, 4-7:30 p.m. ✔ Pontiac High School, 4-7:30 p.m.   Wednesday, Dec. 1 ✔ Karl Richter Center (Holly), 4-7:30 p.m.",en,[],[],[],1,0,0,[],[],https://twitter.com/publichealthOC/status/1465382855979249670,False,,0,,,,,,,,[],,,,
1465382678170157061,1465382614064320512,2021-11-29 13:10:30 Eastern Standard Time,2021-11-29,13:10:30,-0500,1093058394,publichealthoc,Public Health Oakland,,Review eligibility information at  https://t.co/gEPz7tIpE7  Anyone under 18 must have a parent/guardian present. Appointments are strongly recommended but walk-ins are welcome. Call 1-800-848-5533 for an appointment.,en,[],['http://bit.ly/39OWhiY'],[],1,1,1,[],[],https://twitter.com/publichealthOC/status/1465382678170157061,False,,0,,,,,,,,[],,,,
1465382614064320512,1465382614064320512,2021-11-29 13:10:15 Eastern Standard Time,2021-11-29,13:10:15,-0500,1093058394,publichealthoc,Public Health Oakland,,"We are hosting walk-up &amp; pre-registration #COVID19 vaccine clinics for eligible #OaklandCounty residents. Everyone age 5 &amp; older is eligible to receive a vaccine. We continue to offer pediatric, first, second, third, &amp; booster doses of COVID-19 vaccine at community clinics.  https://t.co/egYCGHlQNJ",en,[],[],['https://pbs.twimg.com/media/FFYVsoEXIAgTWQN.jpg'],2,1,2,"['covid19', 'oaklandcounty']",[],https://twitter.com/publichealthOC/status/1465382614064320512,False,,1,https://pbs.twimg.com/media/FFYVsoEXIAgTWQN.jpg,,,,,,,[],,,,
1465381308604035078,1465381308604035078,2021-11-29 13:05:04 Eastern Standard Time,2021-11-29,13:05:04,-0500,1093058394,publichealthoc,Public Health Oakland,,"If you want to #KnowYourStatus, call or text 248-464-3251 to schedule an #HIV-only testing appointment for free &amp; get results in 20 minutes!  https://t.co/StQQNCckMu #OaklandCounty",en,[],['http://bit.ly/2wWVF7T'],[],0,0,1,"['knowyourstatus', 'hiv', 'oaklandcounty']",[],https://twitter.com/publichealthOC/status/1465381308604035078,False,,0,,,,,,,,[],,,,
1465335150791831552,1465335150791831552,2021-11-29 10:01:39 Eastern Standard Time,2021-11-29,10:01:39,-0500,1093058394,publichealthoc,Public Health Oakland,,Fully vaccinated people 18 years or older may be eligible for a #COVID19 vaccine booster. Learn when you can receive a booster dose:  https://t.co/zB9f0GztD2 @CDCgov  https://t.co/13VtkbwRJI,en,"[{'screen_name': 'cdcgov', 'name': 'cdc', 'id': '146569971'}]",['https://bit.ly/39OWhiY'],['https://pbs.twimg.com/media/FFXqjf2XMAI67gP.jpg'],0,1,3,['covid19'],[],https://twitter.com/publichealthOC/status/1465335150791831552,False,,1,https://pbs.twimg.com/media/FFXqjf2XMAI67gP.jpg,,,,,,,[],,,,
1465312147949375492,1465312147949375492,2021-11-29 08:30:14 Eastern Standard Time,2021-11-29,08:30:14,-0500,1093058394,publichealthoc,Public Health Oakland,,Experiencing #COVID19 symptoms? Call 1-800-848-5533 for more information about our free drive-through testing clinic.  https://t.co/8n9OBAKgpt  https://t.co/jjhm0TBJnx,en,[],['https://bit.ly/2VsnaTy'],['https://pbs.twimg.com/media/FFXVoiUXMAcRWrh.jpg'],1,3,7,['covid19'],[],https://twitter.com/publichealthOC/status/1465312147949375492,False,,1,https://pbs.twimg.com/media/FFXVoiUXMAcRWrh.jpg,,,,,,,[],,,,
1465054145682018309,1465054145682018309,2021-11-28 15:25:02 Eastern Standard Time,2021-11-28,15:25:02,-0500,1093058394,publichealthoc,Public Health Oakland,,Don’t think you have time to add exercise to your day? It might be easier than you think. Try these tips -  https://t.co/GKCBIxhvRy,en,[],['http://bit.ly/2l1Ept3'],[],0,0,0,[],[],https://twitter.com/publichealthOC/status/1465054145682018309,False,,0,,,,,,,,[],,,,
1465007600198635531,1465007600198635531,2021-11-28 12:20:05 Eastern Standard Time,2021-11-28,12:20:05,-0500,1093058394,publichealthoc,Public Health Oakland,,In quarantine or isolation due to #COVID19? Use this easy calculator to know when to end isolation or quarantine:  https://t.co/K8JW6KcR5Z  https://t.co/9evEjtKCCC,en,[],['https://bit.ly/3oH6BRp'],['https://pbs.twimg.com/media/FFTApN6X0AoY7eq.jpg'],3,4,10,['covid19'],[],https://twitter.com/publichealthOC/status/1465007600198635531,False,,1,https://pbs.twimg.com/media/FFTApN6X0AoY7eq.jpg,,,,,,,[],,,,
1464955998867800070,1464955998867800070,2021-11-28 08:55:02 Eastern Standard Time,2021-11-28,08:55:02,-0500,1093058394,publichealthoc,Public Health Oakland,,#DYK how mRNA COVID vaccines work?  https://t.co/XBqhUxa6pM @CDCgov  https://t.co/6hgx3LRjUC,en,"[{'screen_name': 'cdcgov', 'name': 'cdc', 'id': '146569971'}]",['https://bit.ly/3xzTKEf'],['https://pbs.twimg.com/media/FFSRt60XwAkba6E.jpg'],18,7,16,['dyk'],[],https://twitter.com/publichealthOC/status/1464955998867800070,False,,1,https://pbs.twimg.com/media/FFSRt60XwAkba6E.jpg,,,,,,,[],,,,
1464670503323451395,1464670503323451395,2021-11-27 14:00:34 Eastern Standard Time,2021-11-27,14:00:34,-0500,1093058394,publichealthoc,Public Health Oakland,,Where can I get a booster dose of a #COVID19 vaccine? Find a location near you:  https://t.co/1XYP0dNyMn @CDCgov  https://t.co/yfwIzFfJTc,en,"[{'screen_name': 'cdcgov', 'name': 'cdc', 'id': '146569971'}]",['https://www.vaccines.gov/'],['https://pbs.twimg.com/media/FFOOD49WYAECqay.jpg'],1,5,8,['covid19'],[],https://twitter.com/publichealthOC/status/1464670503323451395,False,,1,https://pbs.twimg.com/media/FFOOD49WYAECqay.jpg,,,,,,,[],,,,
1464643946538274818,1464643946538274818,2021-11-27 12:15:03 Eastern Standard Time,2021-11-27,12:15:03,-0500,1093058394,publichealthoc,Public Health Oakland,,Could your job put you and your family at risk for lead exposure? Check out the jobs that are higher risk here:  https://t.co/ABAmXtLYnU  https://t.co/Q9TtrRMBGf,en,[],['https://bit.ly/3yzopS1'],['https://pbs.twimg.com/media/FFN15_lXEAEsRWL.jpg'],0,0,0,[],[],https://twitter.com/publichealthOC/status/1464643946538274818,False,,1,https://pbs.twimg.com/media/FFN15_lXEAEsRWL.jpg,,,,,,,[],,,,
1464597386064502789,1464597386064502789,2021-11-27 09:10:02 Eastern Standard Time,2021-11-27,09:10:02,-0500,1093058394,publichealthoc,Public Health Oakland,,Language matters when it comes to mental health. Learn what to say. #EndStigma  https://t.co/1dpV0yplb4,en,[],[],['https://pbs.twimg.com/media/FFNLj8NXoAQdyQY.jpg'],0,0,0,['endstigma'],[],https://twitter.com/publichealthOC/status/1464597386064502789,False,,1,https://pbs.twimg.com/media/FFNLj8NXoAQdyQY.jpg,,,,,,,[],,,,
