id,conversation_id,created_at,date,time,timezone,user_id,username,name,place,tweet,language,mentions,urls,photos,replies_count,retweets_count,likes_count,hashtags,cashtags,link,retweet,quote_url,video,thumbnail,near,geo,source,user_rt_id,user_rt,retweet_id,reply_to,retweet_date,translate,trans_src,trans_dest
1465448029436194823,1465448029436194823,2021-11-29 17:30:11 Eastern Standard Time,2021-11-29,17:30:11,-0500,84328935,okchealth,OCCHD,,"Take advantage this #CyberMonday deal! Get your FREE COVID-19 vaccination this holiday! You can get a free flu shot, too! Schedule your appointment at  https://t.co/6PkmKDBASR or come by our new drive-thru vaccine clinic at 2720 NE 63rd. More info at  https://t.co/rDuCT60hsy  https://t.co/IP0WLTTYC2",en,[],"['http://vaxokc.com', 'http://VaxOKC.com']",['https://pbs.twimg.com/media/FFZRN4oXoAQYYfx.jpg'],0,7,20,['cybermonday'],[],https://twitter.com/okchealth/status/1465448029436194823,False,,1,https://pbs.twimg.com/media/FFZRN4oXoAQYYfx.jpg,,,,,,,[],,,,
1464697953864622084,1464697953864622084,2021-11-27 15:49:39 Eastern Standard Time,2021-11-27,15:49:39,-0500,84328935,okchealth,OCCHD,,Let's talk about health! Come check out part one of our Candid Conversations! The first 10 people to sign up will receive a $25 gift card! Free childcare will be provided and there will be fresh produce. Limited seats are available so register here  https://t.co/CjSHdYdInV  https://t.co/kGC4cD5ulp,en,[],['https://bit.ly/30TDX7H'],['https://pbs.twimg.com/media/FFOnBtFXIAcnRMC.jpg'],0,0,0,[],[],https://twitter.com/okchealth/status/1464697953864622084,False,,1,https://pbs.twimg.com/media/FFOnBtFXIAcnRMC.jpg,,,,,,,[],,,,
1463914249005191169,1463914249005191169,2021-11-25 11:55:29 Eastern Standard Time,2021-11-25,11:55:29,-0500,84328935,okchealth,OCCHD,,"Happy Thanksgiving! We hope everyone has a happy &amp; healthy holiday. OCCHD locations will be closed in observance of the holiday and will reopen on Monday, November 29.  https://t.co/5KaWtN3Q13",en,[],[],['https://pbs.twimg.com/media/FFDeQGEWYAEJRVv.jpg'],0,0,3,[],[],https://twitter.com/okchealth/status/1463914249005191169,False,,1,https://pbs.twimg.com/media/FFDeQGEWYAEJRVv.jpg,,,,,,,[],,,,
1463631453762330624,1463631453762330624,2021-11-24 17:11:46 Eastern Standard Time,2021-11-24,17:11:46,-0500,84328935,okchealth,OCCHD,, https://t.co/NMWVqK9gK5,und,[],[],['https://pbs.twimg.com/media/FE_dDR3WUAAvva5.jpg'],0,0,2,[],[],https://twitter.com/okchealth/status/1463631453762330624,False,,1,https://pbs.twimg.com/media/FE_dDR3WUAAvva5.jpg,,,,,,,[],,,,
1463273698371285003,1463273698371285003,2021-11-23 17:30:10 Eastern Standard Time,2021-11-23,17:30:10,-0500,84328935,okchealth,OCCHD,,"The OKC Mobile Market provides free, fresh food every week! Due to the holiday, the Mobile Market will be out Wednesday instead of Friday. Please use proper COVID-19 precautions to mitigate disease spread, such as wearing a mask.  https://t.co/RG1XJw0xVj",en,[],[],['https://pbs.twimg.com/media/FE6XrInWQAo2jwd.jpg'],1,10,13,[],[],https://twitter.com/okchealth/status/1463273698371285003,False,,1,https://pbs.twimg.com/media/FE6XrInWQAo2jwd.jpg,,,,,,,[],,,,
1463173022483898376,1463173022483898376,2021-11-23 10:50:07 Eastern Standard Time,2021-11-23,10:50:07,-0500,84328935,okchealth,OCCHD,,Stay food safe and use a food thermometer to ensure your Thanksgiving turkey has been cooked to a safe internal temperature of 165°!  Raw or undercooked turkey can carry germs that cause food-borne illness. #Happy Thanksgiving  https://t.co/6rvQwiBfQ3,en,[],[],['https://pbs.twimg.com/media/FE48HCiWQBEDSUW.jpg'],0,1,1,['happy'],[],https://twitter.com/okchealth/status/1463173022483898376,False,,1,https://pbs.twimg.com/media/FE48HCiWQBEDSUW.jpg,,,,,,,[],,,,
