id,conversation_id,created_at,date,time,timezone,user_id,username,name,place,tweet,language,mentions,urls,photos,replies_count,retweets_count,likes_count,hashtags,cashtags,link,retweet,quote_url,video,thumbnail,near,geo,source,user_rt_id,user_rt,retweet_id,reply_to,retweet_date,translate,trans_src,trans_dest
1465351445994160137,1465351445994160137,2021-11-29 11:06:24 Eastern Standard Time,2021-11-29,11:06:24,-0500,1410553722,washozph,WashOz Public Health,,"COVID-19 Vaccination Update: 50.9% of Wash Co adults, 62.5% of Oz Co adults, and 56% of WI residents have completed the vaccine series. 36% of youth ages 12-17 in Wash Co, 61.3% of youth in Oz Co, and 48.5% of WI youth have completed the vaccine series.  https://t.co/RNyhrHoFEW",en,[],[],['https://pbs.twimg.com/media/FFX5XzdWUAka_m4.jpg'],0,0,0,[],[],https://twitter.com/WashOzPH/status/1465351445994160137,False,,1,https://pbs.twimg.com/media/FFX5XzdWUAka_m4.jpg,,,,,,,[],,,,
1463151962594193410,1463151962594193410,2021-11-23 09:26:26 Eastern Standard Time,2021-11-23,09:26:26,-0500,1410553722,washozph,WashOz Public Health,,Multisystem Inflammatory Syndrome in Children is a delayed immune response related to COVID-19. It can be serious but most children who were diagnosed have gotten better with medical care. Watch for symptoms.  https://t.co/t99CIeuI5o  https://t.co/s6l4ei5rUc,en,[],['https://www.cdc.gov/mis/mis-c.html'],"['https://pbs.twimg.com/media/FE4o9FlWYA4tGdU.jpg', 'https://pbs.twimg.com/media/FE4o9FnX0AEl3-Z.jpg']",0,0,0,[],[],https://twitter.com/WashOzPH/status/1463151962594193410,False,,1,https://pbs.twimg.com/media/FE4o9FlWYA4tGdU.jpg,,,,,,,[],,,,
1462960988509114371,1462960988509114371,2021-11-22 20:47:34 Eastern Standard Time,2021-11-22,20:47:34,-0500,1410553722,washozph,WashOz Public Health,,"More appointments now available for the Moderna vaccine (1st, 2nd, 3rd, or booster shots)  Register at:  West Bend:  https://t.co/OaTuU4lgMX   Port Washington:  https://t.co/u2i2fFbXR8  https://t.co/nuI6UdwQKR",en,[],"['https://wophd.readyop.com/fs/4cdX/78bd', 'https://wophd.readyop.com/fs/4cdY/2970']",['https://pbs.twimg.com/media/FE17Q-2XsAc75DA.jpg'],0,2,1,[],[],https://twitter.com/WashOzPH/status/1462960988509114371,False,,1,https://pbs.twimg.com/media/FE17Q-2XsAc75DA.jpg,,,,,,,[],,,,
1462794365169020930,1462794365169020930,2021-11-22 09:45:28 Eastern Standard Time,2021-11-22,09:45:28,-0500,1410553722,washozph,WashOz Public Health,,"COVID-19 Vaccination Update: 50.5% of Wash Co adults, 61.9% of Oz Co adults, and 55.5% of WI residents have completed the vaccine series. 35.75% of youth ages 12-17 in Wash Co, 61.1% of youth in Oz Co, and 48.25% of WI youth have completed the vaccine series.  https://t.co/nK7WS5ouxM",en,[],[],['https://pbs.twimg.com/media/FEzjuK6XoAAXzp1.jpg'],0,0,0,[],[],https://twitter.com/WashOzPH/status/1462794365169020930,False,,1,https://pbs.twimg.com/media/FEzjuK6XoAAXzp1.jpg,,,,,,,[],,,,
