id,conversation_id,created_at,date,time,timezone,user_id,username,name,place,tweet,language,mentions,urls,photos,replies_count,retweets_count,likes_count,hashtags,cashtags,link,retweet,quote_url,video,thumbnail,near,geo,source,user_rt_id,user_rt,retweet_id,reply_to,retweet_date,translate,trans_src,trans_dest
1465399406467891201,1465399406467891201,2021-11-29 14:16:58 Eastern Standard Time,2021-11-29,14:16:58,-0500,532611966,healthcaredist,Health Care District of Palm Beach County,,Please join us in congratulating our CEO Darcy Davis for her recognition as a 2021 Power Leader in Health Care! @SFBJNews #PowerLeader #HealthCare   https://t.co/4dyYtP2w0E  https://t.co/ZzRAQ0iEWY,en,"[{'screen_name': 'sfbjnews', 'name': 'sfbj newsroom', 'id': '23632864'}]",['https://bit.ly/3roJduP'],[],1,1,3,"['powerleader', 'healthcare']",[],https://twitter.com/healthcaredist/status/1465399406467891201,False,,1,https://pbs.twimg.com/ext_tw_video_thumb/1465398149456048140/pu/img/grmbnpAvNkqm99RB.jpg,,,,,,,[],,,,
1463972276177674243,1463972276177674243,2021-11-25 15:46:04 Eastern Standard Time,2021-11-25,15:46:04,-0500,532611966,healthcaredist,Health Care District of Palm Beach County,,Happy Turkey Day! 🦃  https://t.co/hjRsFW9sxF,en,[],[],['https://pbs.twimg.com/media/FFETBnBWYAAMIv3.jpg'],0,0,1,[],[],https://twitter.com/healthcaredist/status/1463972276177674243,False,,1,https://pbs.twimg.com/media/FFETBnBWYAAMIv3.jpg,,,,,,,[],,,,
1463853984561647624,1463853984561647624,2021-11-25 07:56:01 Eastern Standard Time,2021-11-25,07:56:01,-0500,532611966,healthcaredist,Health Care District of Palm Beach County,,"All administrative offices will be closed on Thursday and Friday, Nov. 25 and 26.   Have a happy, healthy, safe holiday!  https://t.co/kNxfi0ZjxC",en,[],[],['https://pbs.twimg.com/media/FFCncKcXIAcFpix.jpg'],0,0,0,[],[],https://twitter.com/healthcaredist/status/1463853984561647624,False,,1,https://pbs.twimg.com/media/FFCncKcXIAcFpix.jpg,,,,,,,[],,,,
1463213031656148994,1463213031656148994,2021-11-23 13:29:06 Eastern Standard Time,2021-11-23,13:29:06,-0500,532611966,healthcaredist,Health Care District of Palm Beach County,,Planning holiday travel? Get fully vaccinated against #COVID-19 as part of your holiday planning to protect yourself and your loved ones. Find a COVID-19 vaccine near you:  https://t.co/uiGzQaqjY3  https://t.co/mmqX26Az6T,en,[],['https://bit.ly/34cgSLj'],['https://pbs.twimg.com/media/FE5gfY0XEAUNzMf.jpg'],0,0,0,['covid'],[],https://twitter.com/healthcaredist/status/1463213031656148994,False,,1,https://pbs.twimg.com/media/FE5gfY0XEAUNzMf.jpg,,,,,,,[],,,,
1463208755294883864,1463208755294883864,2021-11-23 13:12:07 Eastern Standard Time,2021-11-23,13:12:07,-0500,532611966,healthcaredist,Health Care District of Palm Beach County,,#DYK that apart from providing vital health services to the community we also help fund community programs? This is another way we can reach people who may benefit from our services while also helping the community. Find out more about them below! @HMHB_PalmBeach  https://t.co/PjAOSENrjr,en,"[{'screen_name': 'hmhb_palmbeach', 'name': 'hmhb of pbc', 'id': '1311524893'}]",[],"['https://pbs.twimg.com/media/FE5cmV5XoA83xHY.jpg', 'https://pbs.twimg.com/media/FE5cmmhXMAECZM-.jpg', 'https://pbs.twimg.com/media/FE5cm2QXwAUSFj5.jpg']",0,0,0,['dyk'],[],https://twitter.com/healthcaredist/status/1463208755294883864,False,,1,https://pbs.twimg.com/media/FE5cmV5XoA83xHY.jpg,,,,,,,[],,,,
1462990548793442304,1462990548793442304,2021-11-22 22:45:02 Eastern Standard Time,2021-11-22,22:45:02,-0500,532611966,healthcaredist,Health Care District of Palm Beach County,,"While it's National Diabetes Awareness Month, #Thanksgiving is next week and we encourage those who are diabetic or at risk to explore holiday food options that are both healthy and delicious!  https://t.co/Df1XlUUbiN",en,[],[],['https://pbs.twimg.com/media/FE2WJdvXIAQbohH.jpg'],0,0,2,['thanksgiving'],[],https://twitter.com/healthcaredist/status/1462990548793442304,False,,1,https://pbs.twimg.com/media/FE2WJdvXIAQbohH.jpg,,,,,,,[],,,,
1462824330912489479,1462824330912489479,2021-11-22 11:44:33 Eastern Standard Time,2021-11-22,11:44:33,-0500,532611966,healthcaredist,Health Care District of Palm Beach County,,"A PSA from Dr. Charmaine Chibar. When it comes to getting vaccinated against COVID-19, think of yourself and your loved ones.  The District is now offering #COVID vaccines to children age 5 and older  https://t.co/u8K6u6iwdF  https://t.co/q3FeCWOqiS",en,[],"['https://www.hcdpbc.org/resources/covid-19/covid-19', 'https://www.youtube.com/watch?v=sye6BGpwHHk']",[],0,0,0,['covid'],[],https://twitter.com/healthcaredist/status/1462824330912489479,False,,0,,,,,,,,[],,,,
