id,conversation_id,created_at,date,time,timezone,user_id,username,name,place,tweet,language,mentions,urls,photos,replies_count,retweets_count,likes_count,hashtags,cashtags,link,retweet,quote_url,video,thumbnail,near,geo,source,user_rt_id,user_rt,retweet_id,reply_to,retweet_date,translate,trans_src,trans_dest
1440312041743413249,1440312041743413249,2021-09-21 09:48:45 Eastern Daylight Time,2021-09-21,09:48:45,-0500,914927362592124929,healthypasco,FL Health Pasco,,"#WIC provides access to healthy foods, nutrition education &amp; counseling, breastfeeding support, and referrals for healthcare &amp; community services at four locations in Pasco to women, infants &amp; children. Go to  https://t.co/4Yxb9IOATn to find out if you're eligible.  https://t.co/dXu0hfbHul",en,[],['http://bit.ly/DOH-PascoWIC'],['https://pbs.twimg.com/media/E_0EGzSVUAA_bmY.jpg'],0,0,0,['wic'],[],https://twitter.com/HealthyPasco/status/1440312041743413249,False,,1,https://pbs.twimg.com/media/E_0EGzSVUAA_bmY.jpg,,,,,,,[],,,,
1438231470687010818,1438231470687010818,2021-09-15 16:01:18 Eastern Daylight Time,2021-09-15,16:01:18,-0500,914927362592124929,healthypasco,FL Health Pasco,,DOH-Pasco offers FREE #HIV and #HepC rapid testing on Wednesdays &amp; Thursdays at the health department located at 10841 Little Rd in New Port Richey. You can call 727-619-0260 to schedule an appointment. Results are available in 20 minutes.  https://t.co/XEV02GdrN6  https://t.co/PUFzV57Uqo,en,[],['http://Pasco.FloridaHealth.gov'],['https://pbs.twimg.com/media/E_Wf2bjXoAAJCqx.jpg'],0,1,0,"['hiv', 'hepc']",[],https://twitter.com/HealthyPasco/status/1438231470687010818,False,,1,https://pbs.twimg.com/media/E_Wf2bjXoAAJCqx.jpg,,,,,,,[],,,,
1432428880732766220,1432428880732766220,2021-08-30 15:43:53 Eastern Daylight Time,2021-08-30,15:43:53,-0500,914927362592124929,healthypasco,FL Health Pasco,,"DOH-Pasco will be closed on Monday, September 6 in observance of Labor Day and will reopen at the regularly scheduled times on Tuesday, September 7.  REMINDER: The @nomihealth drive-thru #COVID19 testing site at the Gulf View Square Mall will be open on Labor Day from 7am-7pm.  https://t.co/02Nl6sAynC",en,"[{'screen_name': 'nomihealth', 'name': 'nomi health', 'id': '1199890531678973953'}]",[],['https://pbs.twimg.com/media/E-ECQTkWYAMXrW1.jpg'],0,1,2,['covid19'],[],https://twitter.com/HealthyPasco/status/1432428880732766220,False,,1,https://pbs.twimg.com/media/E-ECQTkWYAMXrW1.jpg,,,,,,,[],,,,
1430874366632464384,1430874366632464384,2021-08-26 08:46:48 Eastern Daylight Time,2021-08-26,08:46:48,-0500,914927362592124929,healthypasco,FL Health Pasco,,"#LaborDay is celebrated on Monday, September 6 this year! The drive-thru #COVID19 testing site at the Gulf View Square Mall in Port Richey will be OPEN on Labor Day from 7am-7pm as it is every day. @nomihealth  https://t.co/XbHBSgJkxn",en,"[{'screen_name': 'nomihealth', 'name': 'nomi health', 'id': '1199890531678973953'}]",[],['https://pbs.twimg.com/media/E9t7lW7XEAA5LRk.jpg'],0,2,0,"['laborday', 'covid19']",[],https://twitter.com/HealthyPasco/status/1430874366632464384,False,,1,https://pbs.twimg.com/media/E9t7lW7XEAA5LRk.jpg,,,,,,,[],,,,
1429883362651611138,1429883362651611138,2021-08-23 15:08:54 Eastern Daylight Time,2021-08-23,15:08:54,-0500,914927362592124929,healthypasco,FL Health Pasco,,"#MonoclonalAntibodyTherapyTreatments (MAB) are available at the Fasano Regional Hurricane Shelter in #PascoCounty. Go to  https://t.co/WkGygCsxBy to register. For more info, visit  https://t.co/3G0AHwe15U. Go to  https://t.co/PoYFUC5ugk to find out how MABs work to treat #COVID19.  https://t.co/Cwv9RRAGqS",en,[],"['http://patientportalfl.com', 'http://floridahealthcovid19.gov/treatment', 'http://bit.ly/PascoMAB']",['https://pbs.twimg.com/media/E9f1j-7WEAAaGZM.png'],0,3,1,"['monoclonalantibodytherapytreatments', 'pascocounty', 'covid19']",[],https://twitter.com/HealthyPasco/status/1429883362651611138,False,,1,https://pbs.twimg.com/media/E9f1j-7WEAAaGZM.png,,,,,,,[],,,,
1428462979528503307,1428462979528503307,2021-08-19 17:04:48 Eastern Daylight Time,2021-08-19,17:04:48,-0500,914927362592124929,healthypasco,FL Health Pasco,,"The DOH-Pasco Family Health Services Clinic in Wesley Chapel is temporarily closed, but WIC services remain open at this location. WIC is once again offering curbside/parking lot services as an option for clients at DOH-Pasco. Visit  https://t.co/4Yxb9J6chX for more info.  https://t.co/zbsPqQ3wGl",en,[],['http://bit.ly/DOH-PascoWIC'],['https://pbs.twimg.com/media/E9LrcpxXoAEJ4o1.jpg'],0,4,0,[],[],https://twitter.com/HealthyPasco/status/1428462979528503307,False,,1,https://pbs.twimg.com/media/E9LrcpxXoAEJ4o1.jpg,,,,,,,[],,,,
1427301233413566474,1427301233413566474,2021-08-16 12:08:26 Eastern Daylight Time,2021-08-16,12:08:26,-0500,914927362592124929,healthypasco,FL Health Pasco,,DOH-Pasco &amp; Nomi Health are offering no-cost drive-thru #COVID19testing at the old Sears Auto Center at the Gulf View Square Mall in Port Richey. Testing is available seven days a week 7am-7pm. Go to  https://t.co/bK15aMIY9H to schedule an appointment.  https://t.co/XEV02GdrN6  https://t.co/YjUfpLl04g,en,[],"['http://testing.nomihealth.com/signup/fl', 'http://Pasco.FloridaHealth.gov']",['https://pbs.twimg.com/media/E87J9MxXsAcN-fG.jpg'],2,5,3,['covid19testing'],[],https://twitter.com/HealthyPasco/status/1427301233413566474,False,,1,https://pbs.twimg.com/media/E87J9MxXsAcN-fG.jpg,,,,,,,[],,,,
1426291925909446659,1426291925909446659,2021-08-13 17:17:49 Eastern Daylight Time,2021-08-13,17:17:49,-0500,914927362592124929,healthypasco,FL Health Pasco,,"The Gulf View Square Mall #COVID19testing site will be closed on Sun, Aug 15 due to #TropicalDepressionFred. Testing at this location will resume on Mon, Aug 16 and will continue to provide testing seven days a week from 7am – 7pm. Go to  https://t.co/532uK9Nzfa for more info.  https://t.co/bOgGyyD4F2",en,[],['http://bit.ly/37Hf3b6'],['https://pbs.twimg.com/media/E8s0FE1WUAMmQGc.jpg'],0,3,0,"['covid19testing', 'tropicaldepressionfred']",[],https://twitter.com/HealthyPasco/status/1426291925909446659,False,,1,https://pbs.twimg.com/media/E8s0FE1WUAMmQGc.jpg,,,,,,,[],,,,
1426260953281204237,1426260953281204237,2021-08-13 15:14:44 Eastern Daylight Time,2021-08-13,15:14:44,-0500,914927362592124929,healthypasco,FL Health Pasco,,"A water quality advisory has been issued for Robert J. Strickland Beach (Hudson) as a result of a water sampling done on Aug. 9. There are no advisories for Brasher Park Beach, Robert K. Rees Park Beach, Gulf Harbors Beach or Anclote River Park Beach.  https://t.co/QXxEy3NMRC  https://t.co/J5XqzhX5YL",en,[],['http://bit.ly/3iHCWWk'],['https://pbs.twimg.com/media/E8sYwcxXsAUKVaj.jpg'],0,1,0,[],[],https://twitter.com/HealthyPasco/status/1426260953281204237,False,,1,https://pbs.twimg.com/media/E8sYwcxXsAUKVaj.jpg,,,,,,,[],,,,
1424833625091190785,1424833625091190785,2021-08-09 16:43:03 Eastern Daylight Time,2021-08-09,16:43:03,-0500,914927362592124929,healthypasco,FL Health Pasco,,"DOH-Pasco &amp; Nomi Health are providing no-cost drive-thru #COVID19testing beginning at 12pm on Tuesday, Aug. 10 at the Gulf View Square Mall in Port Richey. Testing will be available 7 days a week 7am-7pm. Go to  https://t.co/L9Ct568giX for more info.  https://t.co/HIB21ltj8e",en,[],['https://bit.ly/2XgUvVb'],['https://pbs.twimg.com/media/E8YFWaFWUAA-wAh.jpg'],1,5,3,['covid19testing'],[],https://twitter.com/HealthyPasco/status/1424833625091190785,False,,1,https://pbs.twimg.com/media/E8YFWaFWUAA-wAh.jpg,,,,,,,[],,,,
1422661295904600069,1422661295904600069,2021-08-03 16:50:59 Eastern Daylight Time,2021-08-03,16:50:59,-0500,914927362592124929,healthypasco,FL Health Pasco,,"DOH-Pasco and WIC are celebrating #WorldBreastfeedingWeek2021 Aug 1–7. DOH-Pasco is participating in The West Coast Breastfeeding Taskforce’s #BigLatchOn event on Saturday, Aug 7 from 9:00am–10:30am at DOH-Hernando in Spring Hill. Go to  https://t.co/p9zkrsNq7p for more info.  https://t.co/I4ES2aZAxm",en,[],['http://bit.ly/3lnv1zk'],['https://pbs.twimg.com/media/E75OgZlXMAYZk5e.jpg'],0,1,0,"['worldbreastfeedingweek2021', 'biglatchon']",[],https://twitter.com/HealthyPasco/status/1422661295904600069,False,,1,https://pbs.twimg.com/media/E75OgZlXMAYZk5e.jpg,,,,,,,[],,,,
1422274021106884618,1422274021106884618,2021-08-02 15:12:05 Eastern Daylight Time,2021-08-02,15:12:05,-0500,914927362592124929,healthypasco,FL Health Pasco,,Pasco County has over 130 locations providing #COVID19Vaccine throughout the county. Visit the DOH Vaccine Locator webpage to find COVID-19 vaccination sites by county or city:  https://t.co/irwp5MBEMb  https://t.co/lavYI1dOVq,en,[],['http://bit.ly/FindVaccineFL'],['https://pbs.twimg.com/media/E7zuen3WUAcsdTI.jpg'],0,4,0,['covid19vaccine'],[],https://twitter.com/HealthyPasco/status/1422274021106884618,False,,1,https://pbs.twimg.com/media/E7zuen3WUAcsdTI.jpg,,,,,,,[],,,,
1422244126221869059,1422244126221869059,2021-08-02 13:13:18 Eastern Daylight Time,2021-08-02,13:13:18,-0500,914927362592124929,healthypasco,FL Health Pasco,,"Join us virtually this Thursday 8/5/21 at 7pm for a presentation on Infant CPR. Please be sure to have a stuffed animal or doll with you to allow you to follow along as the presenter goes through each step! To join, email FLWCBreastfeeding@gmail.com  https://t.co/QMB8mP3wQ3",en,[],[],['https://pbs.twimg.com/media/E7zTZOnXoAEjZJp.jpg'],0,1,1,[],[],https://twitter.com/HealthyPasco/status/1422244126221869059,False,,1,https://pbs.twimg.com/media/E7zTZOnXoAEjZJp.jpg,,,,,,,[],,,,
1410336702560931841,1410336702560931841,2021-06-30 16:37:27 Eastern Daylight Time,2021-06-30,16:37:27,-0500,914927362592124929,healthypasco,FL Health Pasco,,"As a result of a water sampling done on June 28, there are no advisories in effect at this time for Robert J. Strickland Beach, Brasher Park Beach, Robert K. Rees Park Beach, Gulf Harbors Beach or Anclote River Park Beach. For more information, go to  https://t.co/4dITzNd06u.  https://t.co/RxOWabpX9t",en,[],['http://bit.ly/2U8vn17'],['https://pbs.twimg.com/media/E5KFfg9WQA4lj0P.jpg'],0,3,2,[],[],https://twitter.com/HealthyPasco/status/1410336702560931841,False,,1,https://pbs.twimg.com/media/E5KFfg9WQA4lj0P.jpg,,,,,,,[],,,,
1410329343922950146,1410329343922950146,2021-06-30 16:08:12 Eastern Daylight Time,2021-06-30,16:08:12,-0500,914927362592124929,healthypasco,FL Health Pasco,,"DOH-Pasco will be closed on Monday, July 5 in observance of Independence Day and will reopen on Tuesday, July 6. Go to  https://t.co/6asIDnUXU8 for the most recent #COVID19 updates in Pasco County.  https://t.co/8k2HEWYIaQ",en,[],['http://bit.ly/3wcrXaW'],['https://pbs.twimg.com/media/E5J_BpdXMAUTaiU.jpg'],0,2,2,['covid19'],[],https://twitter.com/HealthyPasco/status/1410329343922950146,False,,1,https://pbs.twimg.com/media/E5J_BpdXMAUTaiU.jpg,,,,,,,[],,,,
1408125228467769344,1408125228467769344,2021-06-24 14:09:50 Eastern Daylight Time,2021-06-24,14:09:50,-0500,914927362592124929,healthypasco,FL Health Pasco,,"DOH-Pasco is notifying the public of #RedTide near Anclote River Park Beach. Some people may have mild respiratory symptoms, like eye, nose &amp; throat irritation. Some might be more severe for those with breathing problems such as asthma. For more info go to  https://t.co/xh5OJR4W0U  https://t.co/NdGf4yRZwv",en,[],['http://bit.ly/3jgzKlr'],['https://pbs.twimg.com/media/E4qohspXMAEsKJ6.jpg'],0,5,2,['redtide'],[],https://twitter.com/HealthyPasco/status/1408125228467769344,False,,1,https://pbs.twimg.com/media/E4qohspXMAEsKJ6.jpg,,,,,,,[],,,,
1407690819230908416,1407690819230908416,2021-06-23 09:23:39 Eastern Daylight Time,2021-06-23,09:23:39,-0500,914927362592124929,healthypasco,FL Health Pasco,,June 27 is #NationalHIVTestingDay and the theme for 2021 is #MyTestMyWay. That means there are different ways and places to get tested...including a self-test! Learn more here:  https://t.co/BAosd0b5Pg  https://t.co/8U0SuGQWXf,en,[],['http://bit.ly/2SS3ytQ'],['https://pbs.twimg.com/media/E4kfM1vXMAoAZoa.png'],0,1,1,"['nationalhivtestingday', 'mytestmyway']",[],https://twitter.com/HealthyPasco/status/1407690819230908416,False,,1,https://pbs.twimg.com/media/E4kfM1vXMAoAZoa.png,,,,,,,[],,,,
1403438635215638535,1403438635215638535,2021-06-11 15:46:59 Eastern Daylight Time,2021-06-11,15:46:59,-0500,914927362592124929,healthypasco,FL Health Pasco,,#Breastfeeding has so many benefits for mom AND baby! Talk to other moms and get FREE Virtual Breastfeeding Support on Mondays from 1-2pm and Thursdays from 7-8pm via ZOOM. @FLWCBreastfeeds  https://t.co/VJUc8s9evA,en,"[{'screen_name': 'flwcbreastfeeds', 'name': 'florida west coast breastfeeding task force', 'id': '1013553391153434624'}]",[],['https://pbs.twimg.com/media/E3oD96XXMAIltMs.jpg'],0,0,0,['breastfeeding'],[],https://twitter.com/HealthyPasco/status/1403438635215638535,False,,1,https://pbs.twimg.com/media/E3oD96XXMAIltMs.jpg,,,,,,,[],,,,
1403090848930205699,1403090848930205699,2021-06-10 16:45:01 Eastern Daylight Time,2021-06-10,16:45:01,-0500,914927362592124929,healthypasco,FL Health Pasco,,"DOH-Pasco has issued a water quality advisory for Anclote River Park Beach as a result of a water sampling done on June 7.  There are no advisories in effect at this time for Robert J. Strickland Beach, Brasher Park Beach, Robert K. Rees Park Beach or Gulf Harbors Beach.  https://t.co/DF5gG7k19H",en,[],[],['https://pbs.twimg.com/media/E3jHq_sXwAQSLr6.jpg'],0,2,1,[],[],https://twitter.com/HealthyPasco/status/1403090848930205699,False,,1,https://pbs.twimg.com/media/E3jHq_sXwAQSLr6.jpg,,,,,,,[],,,,
1402693505986793476,1402693505986793476,2021-06-09 14:26:07 Eastern Daylight Time,2021-06-09,14:26:07,-0500,914927362592124929,healthypasco,FL Health Pasco,,DOH-Pasco is partnering with @pascoschools &amp; Health Heroes to provide free #COVID19 vaccinations to 12+ kids. Free vaccinations will also be available to eligible family members. Learn more here  https://t.co/i8pmcupjxr and here  https://t.co/xXs1pqvylo. #DontWaitToVaccinate  https://t.co/nhCNoaxNLs,en,"[{'screen_name': 'pascoschools', 'name': 'pasco county schools', 'id': '36370126'}]","['http://bit.ly/2TKWOxI', 'http://bit.ly/3cuYvWx']",['https://pbs.twimg.com/media/E3deQrCWEAApcGC.jpg'],0,3,1,"['covid19', 'dontwaittovaccinate']",[],https://twitter.com/HealthyPasco/status/1402693505986793476,False,,1,https://pbs.twimg.com/media/E3deQrCWEAApcGC.jpg,,,,,,,[],,,,
