id,conversation_id,created_at,date,time,timezone,user_id,username,name,place,tweet,language,mentions,urls,photos,replies_count,retweets_count,likes_count,hashtags,cashtags,link,retweet,quote_url,video,thumbnail,near,geo,source,user_rt_id,user_rt,retweet_id,reply_to,retweet_date,translate,trans_src,trans_dest
1465757773694746630,1465757773694746630,2021-11-30 14:01:00 Eastern Standard Time,2021-11-30,14:01:00,-0500,18508569,pchd,Pima County Health,,December 1 is World AIDS Day. If you need to get tested there is express testing available today at Theresa Lee Public Health Center and the North Public Health Clinic. For more information around on HIV and STDs visit  https://t.co/zNN0uqbolr  https://t.co/U3tBD970UH,en,[],['https://webcms.pima.gov/health/sexual_health/hiv_and_std/'],['https://pbs.twimg.com/media/FFcyMFKVIAsEX89.jpg'],0,1,1,[],[],https://twitter.com/pchd/status/1465757773694746630,False,,1,https://pbs.twimg.com/media/FFcyMFKVIAsEX89.jpg,,,,,,,[],,,,
1465757773329842187,1465757773329842187,2021-11-30 14:01:00 Eastern Standard Time,2021-11-30,14:01:00,-0500,18508569,pchd,Pima County Health,,"It’s the last day of No Shave November and our staff are starting to look unrecognizable! Remember, if you don’t feel like your usual self or have noticed something is off with your health, it’s important to see a doctor as soon as possible. Make an appointment today.  https://t.co/lrPqYMW9AY",en,[],[],"['https://pbs.twimg.com/media/FFctHIuVIAc9KMf.jpg', 'https://pbs.twimg.com/media/FFctHIzVIAcc51P.jpg', 'https://pbs.twimg.com/media/FFctHIzVgA0B5zF.jpg']",1,0,2,[],[],https://twitter.com/pchd/status/1465757773329842187,False,,1,https://pbs.twimg.com/media/FFctHIuVIAc9KMf.jpg,,,,,,,[],,,,
1465697139170820113,1465697139170820113,2021-11-30 10:00:03 Eastern Standard Time,2021-11-30,10:00:03,-0500,18508569,pchd,Pima County Health,,Hendricks Elementary and Tucson International School are both hosting mobile vaccine clinics today. Both sites will have Pfizer vaccines for children and adults. Check out  https://t.co/499UM92grs for times and locations of all our mobile vaccine clinics.  https://t.co/oNcW1WwLBp,en,[],['http://www.pima.gov/covid19vaccine'],['https://pbs.twimg.com/media/FFcpoYUVcAIa-3V.png'],0,1,0,[],[],https://twitter.com/pchd/status/1465697139170820113,False,,1,https://pbs.twimg.com/media/FFcpoYUVcAIa-3V.png,,,,,,,[],,,,
1465516684983377927,1465516684983377927,2021-11-29 22:03:00 Eastern Standard Time,2021-11-29,22:03:00,-0500,18508569,pchd,Pima County Health,,"Convenience and accessibility are two of the most common reasons why people who want the COVID vaccine have not received it yet. For a full schedule of standing and mobile clinic locations that are open on weekends or after 5 p.m., visit  https://t.co/499UM9jRQ2.  https://t.co/b7IbDusE8h",en,[],['http://www.pima.gov/covid19vaccine'],['https://pbs.twimg.com/media/FEadC3lVcAMbGDX.png'],1,3,2,[],[],https://twitter.com/pchd/status/1465516684983377927,False,,1,https://pbs.twimg.com/media/FEadC3lVcAMbGDX.png,,,,,,,[],,,,
1465395888902266896,1465395888902266896,2021-11-29 14:03:00 Eastern Standard Time,2021-11-29,14:03:00,-0500,18508569,pchd,Pima County Health,,The benefits of quitting smoking are almost immediate and then continue to go on for a lifetime. Quit smoking today and start experiencing the benefits of a healthier lifestyle.  https://t.co/FRzmSFrql2  https://t.co/fvhlwbKYv3,en,[],['https://youtu.be/KX82NJMguvA'],['https://pbs.twimg.com/media/FEabqKFVkAM9LJp.png'],0,0,2,[],[],https://twitter.com/pchd/status/1465395888902266896,False,,1,https://pbs.twimg.com/media/FEabqKFVkAM9LJp.png,,,,,,,[],,,,
1465364937841291276,1465364937841291276,2021-11-29 12:00:01 Eastern Standard Time,2021-11-29,12:00:01,-0500,18508569,pchd,Pima County Health,,Do you have questions about how the Pfizer MRNA vaccines work? Check out this video from the American Academy of Pediatrics.  https://t.co/ElwGOJsBCh,en,[],['https://youtu.be/YOlrNlvEiMw'],[],1,1,2,[],[],https://twitter.com/pchd/status/1465364937841291276,False,,0,,,,,,,,[],,,,
1465154297105031175,1465154297105031175,2021-11-28 22:03:00 Eastern Standard Time,2021-11-28,22:03:00,-0500,18508569,pchd,Pima County Health,,"The seasonal flu shot can take up to two weeks to be fully effective. If you haven’t received yours yet, you can find it at most commercial pharmacies and three of our public health clinics for no out-of-pocket cost. Visit  https://t.co/XH07kbWQQS for more information.  https://t.co/0lQKCqRm35",en,[],['http://www.pima.gov/flu/'],['https://pbs.twimg.com/media/FEabSg0VgAggqnX.jpg'],0,3,2,[],[],https://twitter.com/pchd/status/1465154297105031175,False,,1,https://pbs.twimg.com/media/FEabSg0VgAggqnX.jpg,,,,,,,[],,,,
1465033501066027012,1465033501066027012,2021-11-28 14:03:00 Eastern Standard Time,2021-11-28,14:03:00,-0500,18508569,pchd,Pima County Health,,"If you have a family history of colon or rectal cancer, you may need to start regular screening before the standard recommended age of 45. Talk to your doctor about your family history and decide what is right for you. For more information, visit  https://t.co/3wwQDLRY5H  https://t.co/DQuT60bD2i",en,[],['https://www.cancer.org/cancer/colon-rectal-cancer.html'],['https://pbs.twimg.com/media/FEaatWRVgAM_LSZ.jpg'],0,2,0,[],[],https://twitter.com/pchd/status/1465033501066027012,False,,1,https://pbs.twimg.com/media/FEaatWRVgAM_LSZ.jpg,,,,,,,[],,,,
1464791909122015232,1464791909122015232,2021-11-27 22:03:00 Eastern Standard Time,2021-11-27,22:03:00,-0500,18508569,pchd,Pima County Health,,"Fentanyl is 50-100 times more toxic than heroin. Drug dealers may mix fentanyl with heroin, cocaine, and methamphetamine with or without a user’s knowledge. Learn more here:  https://t.co/mCF3H7lzaI. #Fentanyl #NaloxoneSaves  https://t.co/j2uG30LgHc",en,[],['https://www.drugabuse.gov/publications/drugfacts/fentanyl'],['https://pbs.twimg.com/media/FEaVv0sVgAEjo5m.jpg'],0,3,2,"['fentanyl', 'naloxonesaves']",[],https://twitter.com/pchd/status/1464791909122015232,False,,1,https://pbs.twimg.com/media/FEaVv0sVgAEjo5m.jpg,,,,,,,[],,,,
1464671113057910793,1464671113057910793,2021-11-27 14:03:00 Eastern Standard Time,2021-11-27,14:03:00,-0500,18508569,pchd,Pima County Health,,#DYK that 43.9% of 12th grade students reported use of e-cigarettes? Or that 24.2% of 12th grade students were offered cigarettes in the last 30 days? Help Pima County Blackout Tobacco today by going to  https://t.co/mzU9CMpDod.  https://t.co/SskTp5tAq4,en,[],['http://www.pima.gov/blackouttobacco'],['https://pbs.twimg.com/media/FEaUvYNUUAIA49B.jpg'],2,2,0,['dyk'],[],https://twitter.com/pchd/status/1464671113057910793,False,,1,https://pbs.twimg.com/media/FEaUvYNUUAIA49B.jpg,,,,,,,[],,,,
1463870840219467779,1463870840219467779,2021-11-25 09:03:00 Eastern Standard Time,2021-11-25,09:03:00,-0500,18508569,pchd,Pima County Health,,"HAPPY THANKSGIVING FROM EVERYONE AT THE HEALTH DEPARTMENT! Whether you're digging into turkey or tofurkey today, we hope you and your loved ones have a great time🍗.   County offices and clinics are closed today &amp; tomorrow. Emergency services will maintain operations.  https://t.co/bRRyBi4ouf",en,[],[],['https://pbs.twimg.com/media/FEaS0vmUcAEoV1h.jpg'],1,0,5,[],[],https://twitter.com/pchd/status/1463870840219467779,False,,1,https://pbs.twimg.com/media/FEaS0vmUcAEoV1h.jpg,,,,,,,[],,,,
1463704745831546884,1463704745831546884,2021-11-24 22:03:00 Eastern Standard Time,2021-11-24,22:03:00,-0500,18508569,pchd,Pima County Health,,"Tomorrow is the big day. Whether you’re in charge of the main attraction or bringing a side dish, making sure food is cooked properly is crucial. Use the resources and hand-outs found here:  https://t.co/dIHj7NGGOz  https://t.co/eUL27R4Q3l",en,[],['https://webcms.pima.gov/cms/One.aspx?portalId=169&pageId=751025'],['https://pbs.twimg.com/media/FEaSPTtUUAQ313J.jpg'],0,1,5,[],[],https://twitter.com/pchd/status/1463704745831546884,False,,1,https://pbs.twimg.com/media/FEaSPTtUUAQ313J.jpg,,,,,,,[],,,,
1463583949687439362,1463583949687439362,2021-11-24 14:03:00 Eastern Standard Time,2021-11-24,14:03:00,-0500,18508569,pchd,Pima County Health,,"Naloxone doesn’t just reverse the effects of an opioid overdose when it’s happening, it gives that person a second chance at life that they might not have had otherwise.  https://t.co/sN1klY5fmZ  https://t.co/MxjElxvmzN",en,[],['https://youtu.be/n1YjZVXYjLI'],['https://pbs.twimg.com/media/FEaReakUYAIUdAo.jpg'],0,2,5,[],[],https://twitter.com/pchd/status/1463583949687439362,False,,1,https://pbs.twimg.com/media/FEaReakUYAIUdAo.jpg,,,,,,,[],,,,
1463523300403994631,1463523300403994631,2021-11-24 10:02:00 Eastern Standard Time,2021-11-24,10:02:00,-0500,18508569,pchd,Pima County Health,,"County vaccination clinics and standing locations are closed Nov. 25-28. If you are looking to get yourself or the kids vaccinated this weekend, check for appointments at one of the many pharmacy locations around town, using  https://t.co/gaZIZbHzNS.  https://t.co/IGFTTJHtWE",en,[],['http://www.vaccine.gov'],['https://pbs.twimg.com/media/FE6oCh3VIAEC4MQ.jpg'],3,0,2,[],[],https://twitter.com/pchd/status/1463523300403994631,False,,1,https://pbs.twimg.com/media/FE6oCh3VIAEC4MQ.jpg,,,,,,,[],,,,
1463342357701480450,1463342357701480450,2021-11-23 22:03:00 Eastern Standard Time,2021-11-23,22:03:00,-0500,18508569,pchd,Pima County Health,,"Tomorrow is one of the busiest days of the year on roads around the country. If you are hopping in the car this year, make sure everyone is safe and secure with these safe driving tips: 1. DO NOT drive impaired. 2. Plan ahead. 3. Avoid distractions. 4. Drive defensively.  https://t.co/lj5vFSOlJu",en,[],[],['https://pbs.twimg.com/media/FEaP6byUcAM3ouI.jpg'],0,2,5,[],[],https://twitter.com/pchd/status/1463342357701480450,False,,1,https://pbs.twimg.com/media/FEaP6byUcAM3ouI.jpg,,,,,,,[],,,,
1463221813345882117,1463221813345882117,2021-11-23 14:04:00 Eastern Standard Time,2021-11-23,14:04:00,-0500,18508569,pchd,Pima County Health,,Living with epilepsy can have its challenges. 1 in 10 people will have a seizure and 1 in 26 will develop epilepsy during their lifetime. We need more people to learn seizure first aid to help save a life.  https://t.co/ractDSNvnM,en,[],[],['https://pbs.twimg.com/media/FEaPHORUYAQMxdM.jpg'],0,5,3,[],[],https://twitter.com/pchd/status/1463221813345882117,False,,1,https://pbs.twimg.com/media/FEaPHORUYAQMxdM.jpg,,,,,,,[],,,,
1463161163915563008,1463161163915563008,2021-11-23 10:03:00 Eastern Standard Time,2021-11-23,10:03:00,-0500,18508569,pchd,Pima County Health,,"Los esfuerzos de vacunación para niños entre 5-11 años han tenido un buen comienzo, pero es importante mantener el ímpetu. Visita  https://t.co/NrVy6KqAJk para encontrar la ubicación más cercana a ti o habla con el pediatra de tu hijo si tienes alguna pregunta.  https://t.co/odguaSPbuz",es,[],['http://www.pima.gov/covid19vaccine/'],[],1,1,1,[],[],https://twitter.com/pchd/status/1463161163915563008,False,,1,https://pbs.twimg.com/ext_tw_video_thumb/1460668365588992001/pu/img/wf7iwIEkln1-GP9i.jpg,,,,,,,[],,,,
1462979718085586945,1462979718085586945,2021-11-22 22:02:00 Eastern Standard Time,2021-11-22,22:02:00,-0500,18508569,pchd,Pima County Health,,"Whether you’re hosting the get-together or bringing something to the potluck, it’s important to make sure everything is cooked correctly on Thursday. Use this temperature guide to make sure the only reason people feel bad this year is from eating that second slice of pumpkin pie.  https://t.co/y23UVfBq3Z",en,[],[],['https://pbs.twimg.com/media/FEaOiSwVcAIsBm8.jpg'],1,1,8,[],[],https://twitter.com/pchd/status/1462979718085586945,False,,1,https://pbs.twimg.com/media/FEaOiSwVcAIsBm8.jpg,,,,,,,[],,,,
1462865680957464577,1462865680957464577,2021-11-22 14:28:51 Eastern Standard Time,2021-11-22,14:28:51,-0500,18508569,pchd,Pima County Health,,THANK YOU to all our public health partners who have been working tirelessly to ensure our community's well-being. They don't just do this during a pandemic. It's been their commitment every day. We couldn't do this without you! #PublicHealthHeroes  https://t.co/wrQXFW153X,en,[],[],['https://pbs.twimg.com/media/FE0khIzVcAEliGD.jpg'],0,2,5,['publichealthheroes'],[],https://twitter.com/pchd/status/1462865680957464577,False,,1,https://pbs.twimg.com/media/FE0khIzVcAEliGD.jpg,,,,,,,[],,,,
1462798524374913034,1462798524374913034,2021-11-22 10:02:00 Eastern Standard Time,2021-11-22,10:02:00,-0500,18508569,pchd,Pima County Health,,Vaccinating 5 - 11 year olds in our community against COVID is off to a good start but it is important to keep the momentum going. Use  https://t.co/NrVy6KqAJk to find the location closest to you or talk with your pediatrician if you have questions.  https://t.co/ptp1TSoC8w,en,[],['http://www.pima.gov/covid19vaccine/'],[],12,14,22,[],[],https://twitter.com/pchd/status/1462798524374913034,False,,1,https://pbs.twimg.com/ext_tw_video_thumb/1460659223008739332/pu/img/cBEpuF80EFYBfhdo.jpg,,,,,,,[],,,,
