id,conversation_id,created_at,date,time,timezone,user_id,username,name,place,tweet,language,mentions,urls,photos,replies_count,retweets_count,likes_count,hashtags,cashtags,link,retweet,quote_url,video,thumbnail,near,geo,source,user_rt_id,user_rt,retweet_id,reply_to,retweet_date,translate,trans_src,trans_dest
1465388636128620549,1465388636128620549,2021-11-29 13:34:11 Eastern Standard Time,2021-11-29,13:34:11,-0500,20592308,polkcohealth,Polk County Health,,We are partnering with Des Moines Refugee Support for Santa's Ride. See you this Saturday!  https://t.co/caVx3B9Ux0,en,[],[],['https://pbs.twimg.com/media/FFYa-hFXoAwerDB.jpg'],0,0,0,[],[],https://twitter.com/polkcohealth/status/1465388636128620549,False,,1,https://pbs.twimg.com/media/FFYa-hFXoAwerDB.jpg,,,,,,,[],,,,
1464274068048334858,1464274068048334858,2021-11-26 11:45:17 Eastern Standard Time,2021-11-26,11:45:17,-0500,20592308,polkcohealth,Polk County Health,,The Health Department is closed today. We will reopen Monday at 8:00 AM and our vaccine clinic will open at 10:00 AM.  https://t.co/oYlwstiIFJ,en,[],[],['https://pbs.twimg.com/media/FFIlgP4WYAYoVft.jpg'],0,0,0,[],[],https://twitter.com/polkcohealth/status/1464274068048334858,False,,1,https://pbs.twimg.com/media/FFIlgP4WYAYoVft.jpg,,,,,,,[],,,,
1463896566234820622,1463896566234820622,2021-11-25 10:45:13 Eastern Standard Time,2021-11-25,10:45:13,-0500,20592308,polkcohealth,Polk County Health,,Have a happy and healthy #Thanksgiving from all of us at Polk County Health Department!  https://t.co/F2P8wznKAz,en,[],[],['https://pbs.twimg.com/media/FFDOKwnWYAE0CLv.jpg'],0,0,1,['thanksgiving'],[],https://twitter.com/polkcohealth/status/1463896566234820622,False,,1,https://pbs.twimg.com/media/FFDOKwnWYAE0CLv.jpg,,,,,,,[],,,,
1463554215243096065,1463554215243096065,2021-11-24 12:04:51 Eastern Standard Time,2021-11-24,12:04:51,-0500,20592308,polkcohealth,Polk County Health,,A little #foodsafety #humor while you are making your green bean casserole for #Thanksgiving!!  https://t.co/GjBk4gxXGf,en,[],[],['https://pbs.twimg.com/media/FE-WzX4X0AEf9PF.jpg'],0,0,1,"['foodsafety', 'humor', 'thanksgiving']",[],https://twitter.com/polkcohealth/status/1463554215243096065,False,,1,https://pbs.twimg.com/media/FE-WzX4X0AEf9PF.jpg,,,,,,,[],,,,
1463183270670176265,1463183270670176265,2021-11-23 11:30:51 Eastern Standard Time,2021-11-23,11:30:51,-0500,20592308,polkcohealth,Polk County Health,,"Appointments are required for a #COVID19 vaccine, booster or #flu shot. To schedule an appointment, please visit:  https://t.co/ScOBz6MywO. ✌🏻❤️💉  https://t.co/ak6V3GMlMy",en,[],['http://www.immunizepolk.com'],['https://pbs.twimg.com/media/FE5FbX3XwAkgnfh.jpg'],0,2,1,"['covid19', 'flu']",[],https://twitter.com/polkcohealth/status/1463183270670176265,False,,1,https://pbs.twimg.com/media/FE5FbX3XwAkgnfh.jpg,,,,,,,[],,,,
1462826585887854592,1462826585887854592,2021-11-22 11:53:30 Eastern Standard Time,2021-11-22,11:53:30,-0500,20592308,polkcohealth,Polk County Health,,"Great tips to have a #food #safe #Thanksgiving from our friends at @ISUExtension, @isualum and @IAStateFSHN.",en,"[{'screen_name': 'isuextension', 'name': 'extension and outreach', 'id': '14695514'}, {'screen_name': 'isualum', 'name': 'iowa state alumni', 'id': '16434999'}, {'screen_name': 'iastatefshn', 'name': 'iowa state fshn', 'id': '2383750326'}]",[],[],0,0,2,"['food', 'safe', 'thanksgiving']",[],https://twitter.com/polkcohealth/status/1462826585887854592,False,https://twitter.com/isualum/status/1461012520550993922,0,,,,,,,,[],,,,
1456699314856763401,1456699314856763401,2021-11-05 15:05:55 Eastern Daylight Time,2021-11-05,15:05:55,-0500,20592308,polkcohealth,Polk County Health,,"As of Friday, November 5, 2021, this is the Health Department’s #COVID19 #vaccine schedule. Individuals can schedule appointments at  https://t.co/xyHLd6SIp3.   We are CLOSED on Thursday, November 11, 2021 in recognition of #Veteran’sDay.  https://t.co/vObReaTPE4",en,[],['https://www.immunizepolk.com/'],['https://pbs.twimg.com/media/FDc8TrqWYAIKIGy.jpg'],0,1,1,"['covid19', 'vaccine', 'veteran']",[],https://twitter.com/polkcohealth/status/1456699314856763401,False,,1,https://pbs.twimg.com/media/FDc8TrqWYAIKIGy.jpg,,,,,,,[],,,,
1456658816158863361,1456658816158863361,2021-11-05 12:24:59 Eastern Daylight Time,2021-11-05,12:24:59,-0500,20592308,polkcohealth,Polk County Health,,Follow these steps to keep yourself healthy and to prevent others from getting sick this winter!  https://t.co/Nkp1ouacxJ,en,[],[],['https://pbs.twimg.com/media/FDcXd-qWYAYIhcc.jpg'],0,0,1,[],[],https://twitter.com/polkcohealth/status/1456658816158863361,False,,1,https://pbs.twimg.com/media/FDcXd-qWYAYIhcc.jpg,,,,,,,[],,,,
1456326687067553794,1456326687067553794,2021-11-04 14:25:14 Eastern Daylight Time,2021-11-04,14:25:14,-0500,20592308,polkcohealth,Polk County Health,,"Here are the numbers of patients hospitalized due to #COVID19 as of November 3, 2021. Getting vaccinated can help protect against #COVID19 infection or severe complications. Schedule your vaccine today at  https://t.co/xf0MkTd6yS.  https://t.co/VHIL59nXSA",en,[],['http://immunizepolk.com'],['https://pbs.twimg.com/media/FDXpZ3TXsAoJveX.png'],0,1,1,"['covid19', 'covid19']",[],https://twitter.com/polkcohealth/status/1456326687067553794,False,,1,https://pbs.twimg.com/media/FDXpZ3TXsAoJveX.png,,,,,,,[],,,,
1456317595808931843,1456317595808931843,2021-11-04 13:49:06 Eastern Daylight Time,2021-11-04,13:49:06,-0500,20592308,polkcohealth,Polk County Health,,Grab a FREE test kit today!  https://t.co/YTilf1lnBt,en,[],[],['https://pbs.twimg.com/media/FDXhIkVWEAQq3QG.jpg'],0,0,0,[],[],https://twitter.com/polkcohealth/status/1456317595808931843,False,,1,https://pbs.twimg.com/media/FDXhIkVWEAQq3QG.jpg,,,,,,,[],,,,
1455930236038746132,1455930236038746132,2021-11-03 12:09:52 Eastern Daylight Time,2021-11-03,12:09:52,-0500,20592308,polkcohealth,Polk County Health,,"Starting Thursday, November 4, 2021, the Health Department will start vaccinating children 5-11 for the COVID-19 Pfizer vaccine. The #COVID19 Pfizer vaccine will be available on Tuesdays, Wednesdays and Thursdays. To register visit , please  https://t.co/xf0MkTuHXs.  https://t.co/ySYD4Vkh6I",en,[],['http://immunizepolk.com'],['https://pbs.twimg.com/media/FDSA1XPX0AA525q.jpg'],2,2,8,['covid19'],[],https://twitter.com/polkcohealth/status/1455930236038746132,False,,1,https://pbs.twimg.com/media/FDSA1XPX0AA525q.jpg,,,,,,,[],,,,
1455580412680491019,1455580412680491019,2021-11-02 12:59:48 Eastern Daylight Time,2021-11-02,12:59:48,-0500,20592308,polkcohealth,Polk County Health,,Join national medical professional and public health leaders as they help to answer your questions regarding the COVID-19 vaccine and kids. #vaccinate  https://t.co/ScsJKtzgpQ,en,[],[],['https://pbs.twimg.com/media/FDNCnttWUAEkOcl.jpg'],0,0,2,['vaccinate'],[],https://twitter.com/polkcohealth/status/1455580412680491019,False,,1,https://pbs.twimg.com/media/FDNCnttWUAEkOcl.jpg,,,,,,,[],,,,
1455266806810218501,1455266806810218501,2021-11-01 16:13:38 Eastern Daylight Time,2021-11-01,16:13:38,-0500,20592308,polkcohealth,Polk County Health,,"Sexually Transmitted Diseases (STDs) Weekly Totals for October 25 – 29, 2021. #gettested  https://t.co/bGKTRV7Dl3",en,[],[],['https://pbs.twimg.com/media/FDIlcu7WYAoh__Y.jpg'],0,0,1,['gettested'],[],https://twitter.com/polkcohealth/status/1455266806810218501,False,,1,https://pbs.twimg.com/media/FDIlcu7WYAoh__Y.jpg,,,,,,,[],,,,
1455212612501872646,1455212612501872646,2021-11-01 12:38:18 Eastern Daylight Time,2021-11-01,12:38:18,-0500,20592308,polkcohealth,Polk County Health,,Schedule your vaccination appointment by visiting  https://t.co/ScOBz6MywO.  https://t.co/pOhvivZRv9,en,[],['http://www.immunizepolk.com'],['https://pbs.twimg.com/media/FDH0KDzWUAMEM-q.jpg'],1,0,1,[],[],https://twitter.com/polkcohealth/status/1455212612501872646,False,,1,https://pbs.twimg.com/media/FDH0KDzWUAMEM-q.jpg,,,,,,,[],,,,
1454130955950731268,1454130955950731268,2021-10-29 13:00:11 Eastern Daylight Time,2021-10-29,13:00:11,-0500,20592308,polkcohealth,Polk County Health,,Visit  https://t.co/ScOBz6MywO to schedule an appointment for your Flu shot!  https://t.co/aSZJ4k9uwn,en,[],['http://www.immunizepolk.com'],['https://pbs.twimg.com/media/FC4cZVMXMAEgSoG.jpg'],0,1,1,[],[],https://twitter.com/polkcohealth/status/1454130955950731268,False,,1,https://pbs.twimg.com/media/FC4cZVMXMAEgSoG.jpg,,,,,,,[],,,,
1453822152281575431,1453822152281575431,2021-10-28 16:33:06 Eastern Daylight Time,2021-10-28,16:33:06,-0500,20592308,polkcohealth,Polk County Health,,Lead poisoning is 100% preventable! A simple blood test can detect lead. Get your child tested for lead as early as 12 months and again at 24 and 36 months of age. Remember 12-24-36 is a healthy combination! Call us at 286-3798 to find out more! #NLPPW2021 #leadfreekids  https://t.co/CEln7Kg160,en,[],[],['https://pbs.twimg.com/media/FC0DiqMXsAcZcml.jpg'],0,1,2,"['nlppw2021', 'leadfreekids']",[],https://twitter.com/polkcohealth/status/1453822152281575431,False,,1,https://pbs.twimg.com/media/FC0DiqMXsAcZcml.jpg,,,,,,,[],,,,
1453766724503973888,1453766724503973888,2021-10-28 12:52:51 Eastern Daylight Time,2021-10-28,12:52:51,-0500,20592308,polkcohealth,Polk County Health,,"Great message from our colleague, Juan Carlos! #GetVaccinated",en,[],[],[],0,0,1,['getvaccinated'],[],https://twitter.com/polkcohealth/status/1453766724503973888,False,https://twitter.com/PHCIowa/status/1453765250768162821,0,,,,,,,,[],,,,
1453451262494715906,1453451262494715906,2021-10-27 15:59:19 Eastern Daylight Time,2021-10-27,15:59:19,-0500,20592308,polkcohealth,Polk County Health,,"Many homes built before 1978 contain lead paint! When lead paint gets old, it can start peeling and become a hazard. If this could be your home, give us a call at 286-2115 about testing paint and dust in your home for lead.  https://t.co/FWyrGtTV5L",en,[],[],['https://pbs.twimg.com/media/FCuyOD3X0AABiWC.jpg'],0,0,0,[],[],https://twitter.com/polkcohealth/status/1453451262494715906,False,,1,https://pbs.twimg.com/media/FCuyOD3X0AABiWC.jpg,,,,,,,[],,,,
1453104752531750919,1453104752531750919,2021-10-26 17:02:25 Eastern Daylight Time,2021-10-26,17:02:25,-0500,20592308,polkcohealth,Polk County Health,,Are your breasts dense? Learn why density matters for your breast health!  https://t.co/6U5jGC6IHb,en,[],[],['https://pbs.twimg.com/media/FCp3DojXEAAHLFU.jpg'],0,0,0,[],[],https://twitter.com/polkcohealth/status/1453104752531750919,False,,1,https://pbs.twimg.com/media/FCp3DojXEAAHLFU.jpg,,,,,,,[],,,,
1453028552543178755,1453028552543178755,2021-10-26 11:59:37 Eastern Daylight Time,2021-10-26,11:59:37,-0500,20592308,polkcohealth,Polk County Health,,Getting vaccinated is one of the best ways to protect yourself against #COVID19! Schedule your appointment at PCHD today!  https://t.co/WY4xngdDlI,en,[],[],['https://pbs.twimg.com/media/FCoxuw2WQAgHmBo.jpg'],1,2,2,['covid19'],[],https://twitter.com/polkcohealth/status/1453028552543178755,False,,1,https://pbs.twimg.com/media/FCoxuw2WQAgHmBo.jpg,,,,,,,[],,,,
