id,conversation_id,created_at,date,time,timezone,user_id,username,name,place,tweet,language,mentions,urls,photos,replies_count,retweets_count,likes_count,hashtags,cashtags,link,retweet,quote_url,video,thumbnail,near,geo,source,user_rt_id,user_rt,retweet_id,reply_to,retweet_date,translate,trans_src,trans_dest
1450847624970620930,1450847624970620930,2021-10-20 11:33:23 Eastern Daylight Time,2021-10-20,11:33:23,-0500,2289939458,putnamcohealth,Putnam County Health,,"The PCHD and its partners are working with Center for Marketing and Opinion Research to conduct a health survey. If you receive a call, please take time to complete the survey! Participants are randomly selected. If you receive a call, the caller ID will read: CMO Research.  https://t.co/pETlF5k8F6",en,[],[],['https://pbs.twimg.com/media/FCJyNRcXIAYtK-g.jpg'],0,1,1,[],[],https://twitter.com/PutnamCoHealth/status/1450847624970620930,False,,1,https://pbs.twimg.com/media/FCJyNRcXIAYtK-g.jpg,,,,,,,[],,,,
1448365084854693893,1448365084854693893,2021-10-13 15:08:40 Eastern Daylight Time,2021-10-13,15:08:40,-0500,2289939458,putnamcohealth,Putnam County Health,,Still need flu shot?  Stop out tomorrow afternoon (Oct. 14) at the Putnam County Council on Aging for our drive-thru clinic. We will be there 2:00-5:00 p.m.  https://t.co/CtaxPHYaBD,en,[],[],['https://pbs.twimg.com/media/FBmgTxZWYAoPq7D.jpg'],0,0,2,[],[],https://twitter.com/PutnamCoHealth/status/1448365084854693893,False,,1,https://pbs.twimg.com/media/FBmgTxZWYAoPq7D.jpg,,,,,,,[],,,,
1442536481948569602,1442536481948569602,2021-09-27 13:07:52 Eastern Daylight Time,2021-09-27,13:07:52,-0500,2289939458,putnamcohealth,Putnam County Health,,Don't forget to get your flu shot!  Flu clinics start today!  https://t.co/yKV4l6B0X4,en,[],[],['https://pbs.twimg.com/media/FATrRCkXoAAv2ta.jpg'],0,0,1,[],[],https://twitter.com/PutnamCoHealth/status/1442536481948569602,False,,1,https://pbs.twimg.com/media/FATrRCkXoAAv2ta.jpg,,,,,,,[],,,,
1433516037216034820,1433516037216034820,2021-09-02 15:43:51 Eastern Daylight Time,2021-09-02,15:43:51,-0500,2289939458,putnamcohealth,Putnam County Health,,September is Fall Prevention Month!  Take this assessment to see if you are at risk.,en,[],[],[],0,0,1,[],[],https://twitter.com/PutnamCoHealth/status/1433516037216034820,False,https://twitter.com/OhioDeptOfAging/status/1433399314160758784,0,,,,,,,,[],,,,
1433482420284796936,1433482420284796936,2021-09-02 13:30:16 Eastern Daylight Time,2021-09-02,13:30:16,-0500,2289939458,putnamcohealth,Putnam County Health,,Putnam County COVID report posted 8.31.21  https://t.co/Bjyw6NE1pP,en,[],[],['https://pbs.twimg.com/media/E-TAkROXoAc8GE0.jpg'],0,0,0,[],[],https://twitter.com/PutnamCoHealth/status/1433482420284796936,False,,1,https://pbs.twimg.com/media/E-TAkROXoAc8GE0.jpg,,,,,,,[],,,,
1327015568319406085,1327015568319406085,2020-11-12 17:29:00 Eastern Standard Time,2020-11-12,17:29:00,-0500,2289939458,putnamcohealth,Putnam County Health,,"We need everyone to #doyourpart to help slow the spread of COVID-19 in our community.  Protect yourself, your loved ones and the most vulnerable!  https://t.co/d8y3BZIhdn",en,[],[],"['https://pbs.twimg.com/media/EmqBYr9XMAc_HNm.png', 'https://pbs.twimg.com/media/EmqBYsoW8AEBZYK.jpg']",0,1,2,['doyourpart'],[],https://twitter.com/PutnamCoHealth/status/1327015568319406085,False,,1,https://pbs.twimg.com/media/EmqBYr9XMAc_HNm.png,,,,,,,[],,,,
1324477697377132544,1324477697377132544,2020-11-05 17:24:25 Eastern Standard Time,2020-11-05,17:24:25,-0500,2289939458,putnamcohealth,Putnam County Health,,11.4.2020 Putnam County COVID-19 Update  https://t.co/VUTOug0qMt,en,[],[],['https://pbs.twimg.com/media/EmF9blPWoAA5SNc.jpg'],0,0,0,[],[],https://twitter.com/PutnamCoHealth/status/1324477697377132544,False,,1,https://pbs.twimg.com/media/EmF9blPWoAA5SNc.jpg,,,,,,,[],,,,
1318630424193761287,1318630424193761287,2020-10-20 15:09:26 Eastern Daylight Time,2020-10-20,15:09:26,-0500,2289939458,putnamcohealth,Putnam County Health,,"Putnam County tops the list of counties for the rate per 100,000 of COVID-19 with a rate of 490.2. This is almost 5 times the CDC high-incidence threshold of 100/100,000.   The PCHD has seen a high number of cases in the last few weeks. Please #DoYourPart to reduce the spread!  https://t.co/AgAfjn2HoX",en,[],[],['https://pbs.twimg.com/media/Eky24KuW0AEXS7n.jpg'],0,2,2,['doyourpart'],[],https://twitter.com/PutnamCoHealth/status/1318630424193761287,False,,1,https://pbs.twimg.com/media/Eky24KuW0AEXS7n.jpg,,,,,,,[],,,,
1314294017862049792,1314294017862049792,2020-10-08 15:58:06 Eastern Daylight Time,2020-10-08,15:58:06,-0500,2289939458,putnamcohealth,Putnam County Health,,"Putnam County remains at Red Level 3 in the Ohio Public Health Advisory System. The rate of cases (251 per 100,000) is elevated, causing the county to remain at Red Level 3. We encourage all residents to follow preventive measures to help reduce cases in our county. #DoYourPart  https://t.co/asvdFSk2tt",en,[],[],['https://pbs.twimg.com/media/Ej1Pb4-XcAMEG22.jpg'],0,2,1,['doyourpart'],[],https://twitter.com/PutnamCoHealth/status/1314294017862049792,False,,1,https://pbs.twimg.com/media/Ej1Pb4-XcAMEG22.jpg,,,,,,,[],,,,
1311701544484642824,1311701544484642824,2020-10-01 12:16:33 Eastern Daylight Time,2020-10-01,12:16:33,-0500,2289939458,putnamcohealth,Putnam County Health,,"PCHD's next Drive-Thru Flu Shot Clinic is this Saturday, October 3rd, 7:00-10:00 a.m. at the PCHD.  We hope to see you there!  https://t.co/lVjKAM5W72",en,[],[],['https://pbs.twimg.com/media/EjQZGqXWkAIylsR.png'],0,2,3,[],[],https://twitter.com/PutnamCoHealth/status/1311701544484642824,False,,1,https://pbs.twimg.com/media/EjQZGqXWkAIylsR.png,,,,,,,[],,,,
1310976787057381377,1310976787057381377,2020-09-29 12:16:37 Eastern Daylight Time,2020-09-29,12:16:37,-0500,2289939458,putnamcohealth,Putnam County Health,,Today is #WorldHeartDay Fast action can save lives.  https://t.co/9xp2yzVVge,en,[],[],['https://pbs.twimg.com/media/EjGGbt3XkA4_Ta3.png'],0,0,1,['worldheartday'],[],https://twitter.com/PutnamCoHealth/status/1310976787057381377,False,,1,https://pbs.twimg.com/media/EjGGbt3XkA4_Ta3.png,,,,,,,[],,,,
1306606117691293698,1306606117691293698,2020-09-17 10:49:08 Eastern Daylight Time,2020-09-17,10:49:08,-0500,2289939458,putnamcohealth,Putnam County Health,,Drive-thru Flu Clinics offered by the PCHD coming soon!  https://t.co/1gANZvZm2d,en,[],[],['https://pbs.twimg.com/media/EiH_OB0XsAEnAD_.png'],0,2,1,[],[],https://twitter.com/PutnamCoHealth/status/1306606117691293698,False,,1,https://pbs.twimg.com/media/EiH_OB0XsAEnAD_.png,,,,,,,[],,,,
1301240414494699520,1301240414494699520,2020-09-02 15:27:45 Eastern Daylight Time,2020-09-02,15:27:45,-0500,2289939458,putnamcohealth,Putnam County Health,,Putnam County COVID-19 Update 9.2.20  https://t.co/8uDvCClrc7,en,[],[],['https://pbs.twimg.com/media/Eg7vMpoXsAA9jAk.jpg'],0,4,0,[],[],https://twitter.com/PutnamCoHealth/status/1301240414494699520,False,,1,https://pbs.twimg.com/media/Eg7vMpoXsAA9jAk.jpg,,,,,,,[],,,,
1301156772418387968,1301156772418387968,2020-09-02 09:55:23 Eastern Daylight Time,2020-09-02,09:55:23,-0500,2289939458,putnamcohealth,Putnam County Health,,"Putnam County, Ohio cases and rate by township for August 16-29 (test date).  Please!  #DoYourPart to help sto the spread of COVID-19 in our community!  https://t.co/5rmuBtO6t6",en,[],[],['https://pbs.twimg.com/media/Eg6i3kRWAAAY6Kh.png'],0,1,0,['doyourpart'],[],https://twitter.com/PutnamCoHealth/status/1301156772418387968,False,,1,https://pbs.twimg.com/media/Eg6i3kRWAAAY6Kh.png,,,,,,,[],,,,
1300869233858039809,1300869233858039809,2020-09-01 14:52:48 Eastern Daylight Time,2020-09-01,14:52:48,-0500,2289939458,putnamcohealth,Putnam County Health,,"Gov. DeWine announced today that Putnam Co has the highest rate of COVID-19 cases in the state at 233.3 per 100,000. There have been approx 100 cases in the county since Aug 16. A recent golf outing and some family events and general community spread were identified as sources.  https://t.co/YcMPl0Sd1Y",en,[],[],['https://pbs.twimg.com/media/Eg2dhlZWoAIs2c-.jpg'],0,4,0,[],[],https://twitter.com/PutnamCoHealth/status/1300869233858039809,False,,1,https://pbs.twimg.com/media/Eg2dhlZWoAIs2c-.jpg,,,,,,,[],,,,
1296183134489280516,1296183134489280516,2020-08-19 16:31:55 Eastern Daylight Time,2020-08-19,16:31:55,-0500,2289939458,putnamcohealth,Putnam County Health,,Putnam County COVID-19 Update 8.19.20  There was an increase of 30 cases from last Wednesday's report (8.12.20) to today's report (8.19.20). Some of these were identified to be related to small outbreaks.  https://t.co/mFhjy7VNry,en,[],[],['https://pbs.twimg.com/media/Efz3r4NXgAAjKWx.jpg'],0,1,0,[],[],https://twitter.com/PutnamCoHealth/status/1296183134489280516,False,,1,https://pbs.twimg.com/media/Efz3r4NXgAAjKWx.jpg,,,,,,,[],,,,
1295451945906429952,1295451945906429952,2020-08-17 16:06:26 Eastern Daylight Time,2020-08-17,16:06:26,-0500,2289939458,putnamcohealth,Putnam County Health,,#PutnamCountyCares #WeCanDoThis  #DoYourPart  https://t.co/MfxABjx4Xl,und,[],[],['https://pbs.twimg.com/media/Efpehv5WAAAeo7h.jpg'],0,0,1,"['putnamcountycares', 'wecandothis', 'doyourpart']",[],https://twitter.com/PutnamCoHealth/status/1295451945906429952,False,,1,https://pbs.twimg.com/media/Efpehv5WAAAeo7h.jpg,,,,,,,[],,,,
1291471340898222082,1291471340898222082,2020-08-06 16:28:56 Eastern Daylight Time,2020-08-06,16:28:56,-0500,2289939458,putnamcohealth,Putnam County Health,,Putnam County remains at Level 2 (Orange) in the Public Health Advisory System.  Two of the seven data indicators were met (cases per capita and cases in non-congregate living settings).  More information can be found at  https://t.co/wXGuGEyqsL  https://t.co/qVblGo0akS,en,[],['https://coronavirus.ohio.gov/wps/portal/gov/covid-19/public-health-advisory-system/'],['https://pbs.twimg.com/media/Eew6VSMWoAAltZ2.jpg'],0,1,0,[],[],https://twitter.com/PutnamCoHealth/status/1291471340898222082,False,,1,https://pbs.twimg.com/media/Eew6VSMWoAAltZ2.jpg,,,,,,,[],,,,
1289255402886934528,1289255402886934528,2020-07-31 13:43:35 Eastern Daylight Time,2020-07-31,13:43:35,-0500,2289939458,putnamcohealth,Putnam County Health,,COVID-19 Update for Putnam County 7.29.20  https://t.co/Q58TtZEEVV,en,[],[],['https://pbs.twimg.com/media/EeRa28xXYAEiMoG.jpg'],0,1,0,[],[],https://twitter.com/PutnamCoHealth/status/1289255402886934528,False,,1,https://pbs.twimg.com/media/EeRa28xXYAEiMoG.jpg,,,,,,,[],,,,
1288881675611643905,1288881675611643905,2020-07-30 12:58:32 Eastern Daylight Time,2020-07-30,12:58:32,-0500,2289939458,putnamcohealth,Putnam County Health,,"Wondering how you can do your daily activities safely while protecting yourself and your loved ones from COVID-19? To help you determine your level of risk, answer these questions about “Deciding to Go Out:”   https://t.co/dRKuSLUjgn  https://t.co/b2beNQXBAD",en,[],['https://www.cdc.gov/coronavirus/2019-ncov/daily-life-coping/deciding-to-go-out.html'],['https://pbs.twimg.com/media/EeMHAobWsAQekdQ.jpg'],0,0,1,[],[],https://twitter.com/PutnamCoHealth/status/1288881675611643905,False,,1,https://pbs.twimg.com/media/EeMHAobWsAQekdQ.jpg,,,,,,,[],,,,
